job_id,title,company,region,posted_date,skills_required,experience_required,salary_estimate
JOB-0001,DevOps Engineer,Oracle,Global,2025-04-17,terraform|docker|linux|python|aws|kubernetes|git,2,162727
JOB-0002,Cloud Architect,Amazon,India,2025-09-15,gcp|linux|kubernetes|aws|docker|azure,3,1996025
JOB-0003,Cybersecurity Analyst,Uber,US,2025-06-19,cybersecurity|networking|linux|ethical hacking|sql|python,5,199981
JOB-0004,ML Engineer,Razorpay,US,2025-11-16,tensorflow|machine learning|docker,10,80627
JOB-0005,Product Manager,Salesforce,India,2025-12-12,agile|excel|data analysis,3,3269995
JOB-0006,QA Engineer,Amazon,Global,2026-02-24,python|sql|agile|git,3,128953
JOB-0007,Data Engineer,Salesforce,Europe,2025-06-11,aws|apache spark|sql|python,2,139812
JOB-0008,Data Scientist,PhonePe,Asia Pacific,2026-02-14,machine learning|sql|data visualization,0,101228
JOB-0009,DevOps Engineer,HCL,Europe,2025-05-16,kubernetes|linux|ci/cd|git|terraform,2,53561
JOB-0010,Data Analyst,Infosys,Asia Pacific,2025-09-25,power bi|pandas|python|excel,2,110592
JOB-0011,QA Engineer,Zomato,Asia Pacific,2025-01-05,javascript|postman|git|python,1,63419
JOB-0012,QA Engineer,Infosys,US,2025-04-06,javascript|python|postman|sql|git|agile,5,137214
JOB-0013,Frontend Developer,Swiggy,India,2025-07-06,html|next.js|typescript|javascript|git,7,709556
JOB-0014,Cybersecurity Analyst,Razorpay,India,2025-10-13,ethical hacking|python|cybersecurity|sql,1,3084413
JOB-0015,Data Analyst,Oracle,India,2025-09-16,power bi|python|statistics|data analysis|tableau|sql|excel|pandas,1,3611243
JOB-0016,Mobile Developer,HCL,US,2025-11-14,javascript|firebase|kotlin,10,155616
JOB-0017,Mobile Developer,Uber,Global,2025-08-08,rest api|flutter|swift|react native|firebase|kotlin|javascript|git,3,137092
JOB-0018,Full Stack Developer,Meta,India,2025-07-03,docker|node.js|git|react|sql,7,3256138
JOB-0019,Software Engineer,HCL,India,2025-11-22,python|java|git|linux|agile|rest api|sql,7,2207618
JOB-0020,Frontend Developer,Infosys,India,2026-02-21,tailwind css|react|typescript|next.js,7,2456926
JOB-0021,ML Engineer,Infosys,Europe,2025-12-12,aws|deep learning|pytorch,10,70932
JOB-0022,Mobile Developer,HCL,India,2025-05-27,javascript|swift|git|react native|rest api,7,1391971
JOB-0023,Frontend Developer,Amazon,India,2025-04-09,html|javascript|css,10,3151503
JOB-0024,Frontend Developer,Google,India,2026-02-02,tailwind css|react|typescript|next.js|javascript|html|css,2,707450
JOB-0025,DevOps Engineer,Zomato,US,2025-08-18,ci/cd|linux|docker|kubernetes|git|python|terraform,3,167888
JOB-0026,Software Engineer,Apple,India,2025-10-31,rest api|git|java|agile|linux,10,1731565
JOB-0027,ML Engineer,HCL,Global,2025-12-15,machine learning|aws|mlops,1,165668
JOB-0028,Software Engineer,Amazon,India,2025-10-08,python|git|agile|sql,5,3818719
JOB-0029,DevOps Engineer,Microsoft,India,2026-01-21,linux|terraform|ci/cd|kubernetes,7,3227241
JOB-0030,ML Engineer,Salesforce,Asia Pacific,2025-01-13,deep learning|mlops|pytorch|docker|tensorflow|python,2,46655
JOB-0031,Product Manager,Razorpay,Asia Pacific,2025-05-23,excel|agile|data analysis|jira,3,92921
JOB-0032,Data Engineer,Uber,India,2025-11-22,postgresql|sql|docker|big data|python|aws|hadoop|apache spark,10,603051
JOB-0033,DevOps Engineer,Meta,Asia Pacific,2026-01-07,docker|python|terraform|kubernetes|ci/cd|linux|aws|git,2,113847
JOB-0034,Cybersecurity Analyst,Apple,India,2025-11-14,linux|networking|ethical hacking|sql|python,1,1350201
JOB-0035,Data Scientist,Netflix,India,2025-08-25,deep learning|machine learning|pandas|sql|data visualization|scikit-learn|statistics,2,3209305
JOB-0036,Backend Developer,Zomato,India,2025-02-16,rest api|sql|node.js,7,2339183
JOB-0037,Frontend Developer,Google,US,2025-12-23,javascript|next.js|html|git,10,93289
JOB-0038,Software Engineer,Apple,Europe,2025-01-16,linux|agile|java|git,1,85195
JOB-0039,Data Engineer,Adobe,Asia Pacific,2025-09-25,docker|aws|big data|hadoop|apache spark,2,78494
JOB-0040,Data Engineer,Adobe,US,2025-08-03,python|apache spark|hadoop,2,127458
JOB-0041,Frontend Developer,Salesforce,US,2026-02-17,html|tailwind css|react|css|git|next.js,3,88888
JOB-0042,ML Engineer,Uber,Europe,2025-02-05,machine learning|deep learning|mlops|tensorflow,5,121180
JOB-0043,ML Engineer,HCL,India,2026-01-04,machine learning|aws|mlops|deep learning|pytorch|docker|python|tensorflow,0,3825187
JOB-0044,Data Analyst,Adobe,India,2025-10-11,tableau|pandas|sql|data analysis|python|excel|power bi|statistics,3,1639458
JOB-0045,Frontend Developer,Meta,Global,2025-05-24,javascript|css|html,0,176174
JOB-0046,ML Engineer,Flipkart,Europe,2025-08-27,deep learning|docker|pytorch|mlops|tensorflow|aws,2,51542
JOB-0047,Cloud Architect,Tech Mahindra,India,2025-10-10,aws|docker|gcp|networking,7,1662383
JOB-0048,Full Stack Developer,Oracle,India,2025-11-23,html|mongodb|react,1,2291738
JOB-0049,ML Engineer,Infosys,US,2025-06-22,pytorch|deep learning|python|aws|mlops|docker|tensorflow,5,112344
JOB-0050,ML Engineer,Swiggy,India,2025-07-10,docker|deep learning|tensorflow|machine learning|pytorch|aws,10,2153068
JOB-0051,Data Engineer,PhonePe,Asia Pacific,2026-01-09,python|sql|docker|postgresql|big data|aws|hadoop,3,111726
JOB-0052,Product Manager,PhonePe,US,2026-01-08,sql|agile|excel|jira,2,77114
JOB-0053,Cloud Architect,TCS,US,2025-06-05,aws|gcp|kubernetes|linux|terraform|docker|azure,2,101921
JOB-0054,Backend Developer,HCL,India,2026-02-15,sql|node.js|postgresql|rest api|docker|git|python|redis,1,2532015
JOB-0055,Product Manager,Amazon,Asia Pacific,2025-03-23,jira|sql|agile|data analysis|excel,10,105545
JOB-0056,Data Scientist,Swiggy,India,2025-10-16,statistics|pandas|scikit-learn|data visualization|sql|deep learning|machine learning|python,10,2366616
JOB-0057,Mobile Developer,Uber,Asia Pacific,2025-04-08,firebase|swift|rest api,7,52763
JOB-0058,QA Engineer,Apple,Global,2026-03-13,postman|sql|javascript|python|agile,1,103330
JOB-0059,Product Manager,HCL,India,2025-02-20,data analysis|agile|sql,3,1300903
JOB-0060,Cybersecurity Analyst,Wipro,India,2025-09-07,cybersecurity|python|networking|ethical hacking,10,1240053
JOB-0061,Product Manager,Uber,India,2025-10-30,jira|data analysis|sql|agile|excel,1,2134026
JOB-0062,Full Stack Developer,Microsoft,India,2025-04-08,docker|css|html|git,2,1953038
JOB-0063,DevOps Engineer,Tech Mahindra,Asia Pacific,2025-05-13,aws|ci/cd|python|terraform|git|docker|kubernetes,3,113477
JOB-0064,Data Engineer,Flipkart,US,2026-01-06,sql|docker|python,3,153807
JOB-0065,Data Engineer,Salesforce,US,2025-02-20,apache spark|big data|python|docker|hadoop,3,149252
JOB-0066,Backend Developer,HCL,India,2025-02-15,postgresql|redis|git|sql,3,3100856
JOB-0067,Full Stack Developer,PhonePe,US,2025-04-17,mongodb|git|html|node.js|css|docker|sql|react|javascript,3,195646
JOB-0068,Cloud Architect,Zomato,US,2025-03-19,linux|aws|networking|docker,7,75122
JOB-0069,Product Manager,Flipkart,US,2025-10-01,agile|sql|jira|excel,5,143688
JOB-0070,Cybersecurity Analyst,Tech Mahindra,US,2025-09-30,python|linux|cybersecurity|ethical hacking|networking,3,73596
JOB-0071,Frontend Developer,Tech Mahindra,Europe,2025-04-19,git|typescript|javascript|html,2,122274
JOB-0072,Backend Developer,TCS,Asia Pacific,2025-11-16,node.js|redis|postgresql|python,1,67285
JOB-0073,Full Stack Developer,Netflix,India,2025-11-27,sql|react|docker|html|css|node.js|javascript|mongodb,1,1395543
JOB-0074,Data Scientist,Oracle,Global,2025-01-04,statistics|pandas|scikit-learn|machine learning|sql|deep learning|python|data visualization,3,50846
JOB-0075,AI Engineer,Adobe,Asia Pacific,2025-05-13,pytorch|generative ai|python|huggingface|nlp|computer vision|tensorflow|deep learning,3,76976
JOB-0076,Software Engineer,Zomato,India,2025-10-20,java|python|linux|agile|git|sql|rest api|c++,2,985925
JOB-0077,AI Engineer,Apple,India,2025-06-21,huggingface|tensorflow|generative ai|nlp,1,2585296
JOB-0078,QA Engineer,TCS,US,2025-04-04,agile|sql|postman|javascript|git,5,137444
JOB-0079,Data Analyst,Microsoft,India,2025-02-04,python|sql|excel,1,2755748
JOB-0080,Product Manager,Amazon,India,2025-01-05,agile|excel|jira|sql|data analysis,2,2455619
JOB-0081,AI Engineer,Salesforce,Asia Pacific,2025-10-22,deep learning|tensorflow|computer vision|huggingface|python|pytorch|nlp|generative ai,1,49184
JOB-0082,Software Engineer,PhonePe,India,2025-11-05,python|java|sql|git|agile,1,2138601
JOB-0083,QA Engineer,PhonePe,US,2025-08-19,agile|sql|python|javascript|git,1,114028
JOB-0084,DevOps Engineer,Google,India,2025-03-27,linux|terraform|git|docker,1,2096972
JOB-0085,Frontend Developer,Swiggy,India,2025-07-03,html|react|javascript|tailwind css|css|next.js|typescript,3,2680154
JOB-0086,ML Engineer,Meta,US,2025-10-26,python|docker|mlops|aws|machine learning,2,82999
JOB-0087,AI Engineer,Zomato,US,2025-08-06,computer vision|huggingface|nlp|pytorch|python|deep learning|tensorflow,3,169131
JOB-0088,Cybersecurity Analyst,Meta,Global,2025-05-13,python|sql|linux|cybersecurity|networking|ethical hacking,2,105176
JOB-0089,Data Engineer,Zomato,Global,2025-08-02,hadoop|apache spark|sql|postgresql|aws,1,97523
JOB-0090,Data Analyst,Google,Asia Pacific,2025-02-24,excel|python|power bi|data analysis|sql,0,79224
JOB-0091,Data Analyst,Amazon,India,2025-01-25,power bi|sql|tableau|pandas,3,898512
JOB-0092,Mobile Developer,Razorpay,Global,2025-07-01,swift|react native|kotlin,3,87148
JOB-0093,Full Stack Developer,Salesforce,Europe,2025-12-03,html|react|git|node.js|mongodb|css,3,70806
JOB-0094,Data Engineer,Adobe,India,2025-07-30,apache spark|sql|hadoop|big data|python|aws|docker|postgresql,3,3294287
JOB-0095,Data Scientist,Google,Europe,2025-06-24,statistics|sql|scikit-learn|deep learning,1,75522
JOB-0096,Software Engineer,Wipro,Asia Pacific,2025-12-25,python|git|sql|linux|c++,5,66399
JOB-0097,Data Engineer,Wipro,India,2025-09-04,docker|python|sql|hadoop|aws,3,1078446
JOB-0098,ML Engineer,Google,US,2025-09-21,pytorch|machine learning|python|tensorflow,2,191300
JOB-0099,DevOps Engineer,Netflix,India,2025-11-26,linux|kubernetes|docker,10,1001921
JOB-0100,Backend Developer,Oracle,India,2026-01-21,sql|node.js|rest api|python|docker,3,2305215
JOB-0101,Data Scientist,Razorpay,India,2025-12-08,scikit-learn|pandas|statistics|data visualization|sql|machine learning,2,2603679
JOB-0102,ML Engineer,Uber,India,2025-02-09,docker|mlops|tensorflow|machine learning,1,1380316
JOB-0103,DevOps Engineer,Apple,India,2025-05-26,ci/cd|aws|git|terraform|python|docker|linux,7,2294693
JOB-0104,DevOps Engineer,Tech Mahindra,India,2025-01-27,ci/cd|python|docker,1,1172212
JOB-0105,Data Engineer,Uber,US,2025-07-09,big data|postgresql|aws|python,5,81555
JOB-0106,Data Engineer,Flipkart,India,2025-06-13,python|aws|hadoop,1,1915573
JOB-0107,Cloud Architect,Google,India,2025-08-27,kubernetes|terraform|azure|aws|linux|docker,1,1300780
JOB-0108,Data Analyst,Microsoft,India,2025-07-20,data analysis|statistics|python,0,1924070
JOB-0109,Data Scientist,Apple,India,2026-03-11,scikit-learn|deep learning|statistics|python|sql|pandas|machine learning|data visualization,1,1393392
JOB-0110,AI Engineer,Uber,India,2025-11-14,computer vision|deep learning|tensorflow|nlp|python,7,2802575
JOB-0111,Data Analyst,Salesforce,US,2025-05-23,statistics|power bi|data analysis|excel|pandas,10,140342
JOB-0112,AI Engineer,Infosys,India,2025-04-27,python|computer vision|tensorflow,7,1438003
JOB-0113,Data Scientist,Tech Mahindra,US,2025-01-14,data visualization|scikit-learn|python|sql|machine learning,2,72983
JOB-0114,DevOps Engineer,Razorpay,US,2026-01-11,aws|python|kubernetes,2,164223
JOB-0115,Cybersecurity Analyst,Microsoft,India,2025-06-19,networking|python|cybersecurity|ethical hacking,10,1350865
JOB-0116,ML Engineer,Infosys,India,2025-01-29,deep learning|machine learning|mlops|tensorflow|aws|docker|pytorch|python,2,3306871
JOB-0117,Data Analyst,Tech Mahindra,India,2025-12-25,power bi|python|pandas|excel|statistics|data analysis,2,1149239
JOB-0118,Frontend Developer,Salesforce,India,2025-06-02,css|react|html,5,1191652
JOB-0119,Mobile Developer,TCS,Global,2025-11-15,flutter|git|kotlin|swift|javascript|firebase|react native|rest api,0,130435
JOB-0120,Cloud Architect,Oracle,Asia Pacific,2025-11-06,docker|aws|linux|networking|azure|terraform|kubernetes,10,67376
JOB-0121,Cloud Architect,TCS,Asia Pacific,2025-02-23,kubernetes|linux|terraform,3,47657
JOB-0122,Data Scientist,Uber,India,2025-06-09,sql|pandas|machine learning|deep learning|python,3,3462689
JOB-0123,Cloud Architect,Amazon,India,2025-01-29,kubernetes|networking|linux,5,926916
JOB-0124,Data Scientist,PhonePe,India,2025-09-08,sql|data visualization|python|pandas|statistics|scikit-learn|machine learning,7,1735564
JOB-0125,Cloud Architect,Swiggy,US,2025-12-15,terraform|kubernetes|docker|aws|linux,3,194165
JOB-0126,Cloud Architect,Google,India,2025-10-31,docker|linux|azure,5,2521214
JOB-0127,Cybersecurity Analyst,Infosys,Asia Pacific,2025-02-14,sql|networking|python|ethical hacking,2,42719
JOB-0128,Product Manager,Infosys,India,2025-12-22,jira|sql|data analysis|agile,3,1088972
JOB-0129,Software Engineer,HCL,US,2025-08-11,python|agile|rest api|java,10,157272
JOB-0130,QA Engineer,PhonePe,Global,2025-10-05,python|git|sql|javascript|agile|postman,5,100192
JOB-0131,Software Engineer,Tech Mahindra,US,2025-01-22,sql|python|rest api|git,5,91195
JOB-0132,ML Engineer,Oracle,Europe,2025-01-07,tensorflow|aws|machine learning|pytorch|mlops|docker|python,1,94569
JOB-0133,Data Scientist,Meta,US,2026-02-01,pandas|python|machine learning,1,148797
JOB-0134,Mobile Developer,Amazon,Global,2025-08-24,firebase|kotlin|swift|flutter|react native|git,2,113416
JOB-0135,Mobile Developer,Google,India,2026-02-26,git|rest api|swift|flutter,3,2977935
JOB-0136,Cybersecurity Analyst,Zomato,India,2025-04-03,ethical hacking|cybersecurity|sql,2,2255743
JOB-0137,Cloud Architect,Amazon,India,2025-01-15,gcp|azure|linux,1,2247608
JOB-0138,Full Stack Developer,Microsoft,Europe,2026-01-30,sql|docker|node.js|mongodb|css|react|html,5,76143
JOB-0139,Data Analyst,Google,Global,2026-03-01,statistics|python|tableau|power bi|pandas,0,88559
JOB-0140,Full Stack Developer,Oracle,India,2026-02-28,node.js|sql|git|html,0,1868300
JOB-0141,Full Stack Developer,Infosys,India,2025-12-25,css|html|node.js|javascript,7,2408322
JOB-0142,Data Analyst,TCS,US,2025-08-11,excel|sql|tableau,3,94826
JOB-0143,Mobile Developer,Oracle,US,2026-01-25,javascript|rest api|git|flutter,5,181562
JOB-0144,Cybersecurity Analyst,Razorpay,India,2025-10-28,cybersecurity|python|sql|ethical hacking|linux,1,1194604
JOB-0145,DevOps Engineer,Adobe,India,2026-02-06,linux|python|kubernetes|git|aws,1,2922466
JOB-0146,Full Stack Developer,PhonePe,India,2025-11-28,css|node.js|git,3,901207
JOB-0147,ML Engineer,HCL,US,2025-04-27,deep learning|python|pytorch|aws,10,82201
JOB-0148,AI Engineer,Razorpay,India,2025-01-18,tensorflow|generative ai|pytorch|computer vision|deep learning|nlp|python,1,3626217
JOB-0149,Product Manager,Microsoft,India,2025-11-21,jira|data analysis|sql|agile,2,3317499
JOB-0150,Product Manager,Infosys,India,2025-05-10,sql|jira|excel|data analysis|agile,2,3213275
JOB-0151,Backend Developer,Apple,India,2026-02-28,python|redis|docker|node.js|sql|rest api,2,1642377
JOB-0152,Cybersecurity Analyst,HCL,US,2025-10-03,sql|networking|ethical hacking|cybersecurity|python|linux,1,191717
JOB-0153,Data Analyst,Flipkart,Europe,2025-07-23,statistics|python|tableau|excel|data analysis|power bi|pandas,3,50619
JOB-0154,Frontend Developer,Salesforce,Global,2025-10-20,css|next.js|tailwind css|git|html|javascript,2,153482
JOB-0155,Software Engineer,Adobe,India,2025-10-03,linux|sql|git|python|agile|rest api|c++,3,3738744
JOB-0156,Cloud Architect,PhonePe,US,2026-02-11,aws|gcp|azure|linux|kubernetes|networking,5,152811
JOB-0157,Data Scientist,Google,Europe,2025-06-06,deep learning|pandas|sql|python|machine learning|data visualization|scikit-learn|statistics,2,65577
JOB-0158,Product Manager,Salesforce,India,2025-01-26,excel|sql|data analysis|jira|agile,5,3127576
JOB-0159,Software Engineer,Google,India,2025-05-22,linux|c++|sql|rest api|java|python|git,0,2583167
JOB-0160,Data Analyst,Google,US,2025-06-25,power bi|data analysis|python|excel|pandas|statistics|tableau,2,171477
JOB-0161,Full Stack Developer,Adobe,Asia Pacific,2025-03-23,sql|css|react|javascript|git|html|node.js,2,91924
JOB-0162,Cybersecurity Analyst,Infosys,US,2026-02-07,linux|networking|python|sql|cybersecurity|ethical hacking,2,163680
JOB-0163,Full Stack Developer,Flipkart,US,2025-04-20,mongodb|git|sql|docker|html|node.js|javascript|css,0,162059
JOB-0164,AI Engineer,Razorpay,India,2025-10-31,python|deep learning|pytorch|tensorflow|nlp|generative ai|computer vision,5,3958509
JOB-0165,Mobile Developer,Flipkart,India,2026-02-11,firebase|swift|kotlin|react native|flutter,2,1788554
JOB-0166,Frontend Developer,Swiggy,India,2025-10-17,tailwind css|javascript|html|react|next.js|git|css|typescript,3,1852078
JOB-0167,Cloud Architect,Netflix,India,2025-06-07,gcp|terraform|linux|networking,1,2684298
JOB-0168,Cybersecurity Analyst,Tech Mahindra,Europe,2025-06-08,python|linux|ethical hacking|sql|networking,2,74611
JOB-0169,Full Stack Developer,Infosys,Asia Pacific,2025-06-21,node.js|docker|react|javascript|sql|html|git,2,116153
JOB-0170,AI Engineer,Wipro,Europe,2025-02-18,python|huggingface|generative ai|tensorflow,5,57227
JOB-0171,Data Analyst,Salesforce,Europe,2026-03-15,pandas|data analysis|python|power bi,3,67014
JOB-0172,Full Stack Developer,Netflix,India,2026-02-23,sql|docker|html|css|javascript|react,1,3491005
JOB-0173,ML Engineer,Infosys,Europe,2025-11-19,aws|machine learning|tensorflow|deep learning,7,79371
JOB-0174,Frontend Developer,TCS,US,2025-06-16,react|git|html|next.js|javascript|typescript|css,2,101367
JOB-0175,Full Stack Developer,HCL,US,2025-09-26,mongodb|docker|javascript,3,126549
JOB-0176,ML Engineer,Razorpay,India,2025-09-16,mlops|deep learning|python|pytorch|aws|tensorflow|machine learning|docker,2,1380641
JOB-0177,Frontend Developer,Wipro,US,2026-03-18,tailwind css|css|react|html|javascript|next.js,3,158733
JOB-0178,Cybersecurity Analyst,Uber,India,2025-05-16,cybersecurity|networking|python|sql|ethical hacking|linux,10,2726453
JOB-0179,Cloud Architect,Razorpay,India,2025-10-13,aws|kubernetes|gcp|networking|azure|linux|terraform,3,3865696
JOB-0180,Cybersecurity Analyst,TCS,India,2025-05-22,linux|python|ethical hacking|sql|networking|cybersecurity,2,3729684
JOB-0181,Data Analyst,HCL,US,2025-11-19,sql|tableau|excel|pandas|power bi|python,5,153362
JOB-0182,QA Engineer,Apple,India,2025-01-12,sql|agile|postman|git|javascript,5,3780322
JOB-0183,AI Engineer,Zomato,Asia Pacific,2025-12-02,huggingface|computer vision|generative ai|deep learning|nlp|pytorch,2,92130
JOB-0184,Frontend Developer,Salesforce,US,2025-01-25,next.js|react|html|css,3,101552
JOB-0185,Full Stack Developer,Zomato,India,2026-01-22,node.js|sql|mongodb|react|git,1,1665923
JOB-0186,Frontend Developer,Swiggy,US,2025-10-15,html|git|javascript|react|css|tailwind css,3,105262
JOB-0187,Data Engineer,Flipkart,US,2025-03-01,docker|python|hadoop|sql|postgresql,3,189425
JOB-0188,Data Scientist,PhonePe,Global,2025-03-24,deep learning|data visualization|scikit-learn,5,56406
JOB-0189,Cybersecurity Analyst,Google,US,2025-04-13,python|networking|sql|linux|ethical hacking|cybersecurity,3,168723
JOB-0190,DevOps Engineer,Salesforce,India,2025-04-26,docker|git|kubernetes|linux|terraform|aws|ci/cd|python,5,1155462
JOB-0191,Full Stack Developer,Apple,India,2026-01-21,javascript|sql|mongodb|node.js|react|docker|git|css,3,1260902
JOB-0192,Data Engineer,Salesforce,US,2025-06-30,docker|sql|big data|apache spark,3,80634
JOB-0193,Frontend Developer,Meta,Asia Pacific,2025-04-22,next.js|git|tailwind css|css|typescript|javascript,10,95316
JOB-0194,Software Engineer,HCL,India,2025-04-30,linux|c++|rest api,10,820169
JOB-0195,Cybersecurity Analyst,Wipro,US,2025-07-22,python|ethical hacking|cybersecurity|sql|linux,0,143616
JOB-0196,Cloud Architect,Swiggy,India,2026-02-20,azure|gcp|networking|docker|terraform|kubernetes,5,2760682
JOB-0197,ML Engineer,Amazon,India,2025-05-13,aws|python|mlops|deep learning|tensorflow|docker,5,1621318
JOB-0198,ML Engineer,Flipkart,US,2025-09-18,pytorch|aws|deep learning|python|tensorflow|mlops|machine learning|docker,1,188527
JOB-0199,Data Analyst,Microsoft,Europe,2025-02-18,excel|python|statistics|tableau|sql|pandas,0,111558
JOB-0200,Data Scientist,Tech Mahindra,Europe,2025-05-20,pandas|scikit-learn|sql|python|statistics,3,59503
JOB-0201,Data Scientist,Flipkart,India,2025-09-30,statistics|data visualization|pandas|machine learning,10,3167793
JOB-0202,Product Manager,Oracle,India,2025-10-15,sql|data analysis|excel|jira|agile,7,2990137
JOB-0203,DevOps Engineer,Infosys,Asia Pacific,2025-08-21,docker|aws|linux|kubernetes,5,95533
JOB-0204,Cybersecurity Analyst,Flipkart,India,2025-05-30,linux|networking|ethical hacking|sql|python,1,2841281
JOB-0205,QA Engineer,Oracle,Asia Pacific,2025-04-05,agile|git|javascript|python|postman,3,67044
JOB-0206,Cloud Architect,Amazon,India,2025-01-19,azure|gcp|kubernetes|networking|aws|docker|linux,3,3571783
JOB-0207,Cloud Architect,Google,Europe,2025-01-03,networking|kubernetes|aws,5,84196
JOB-0208,DevOps Engineer,Microsoft,India,2025-01-13,docker|aws|git,5,3388363
JOB-0209,Product Manager,Microsoft,Europe,2025-01-20,agile|sql|jira|excel|data analysis,3,62087
JOB-0210,AI Engineer,Meta,India,2025-05-12,huggingface|computer vision|pytorch|python|generative ai|nlp,1,1912743
JOB-0211,AI Engineer,TCS,India,2025-07-07,nlp|generative ai|deep learning,1,2320023
JOB-0212,AI Engineer,Oracle,US,2025-09-11,huggingface|python|generative ai|pytorch,0,138926
JOB-0213,Full Stack Developer,Swiggy,Europe,2025-11-10,css|javascript|react|git|docker|node.js|sql|mongodb,2,56256
JOB-0214,Data Scientist,Oracle,India,2025-09-08,sql|machine learning|scikit-learn|deep learning|statistics,3,2469059
JOB-0215,QA Engineer,PhonePe,US,2025-03-19,postman|agile|git|javascript|python|sql,2,193379
JOB-0216,Data Scientist,Amazon,India,2025-04-23,machine learning|pandas|scikit-learn|sql|python|statistics|deep learning|data visualization,0,1671860
JOB-0217,ML Engineer,Zomato,India,2025-03-10,docker|deep learning|machine learning|aws|python|tensorflow|pytorch,5,2949316
JOB-0218,AI Engineer,Meta,India,2025-10-22,generative ai|pytorch|tensorflow|deep learning,3,3238509
JOB-0219,Cybersecurity Analyst,Oracle,Europe,2025-02-05,cybersecurity|linux|ethical hacking,2,124971
JOB-0220,DevOps Engineer,Zomato,India,2025-12-02,linux|aws|terraform|python|ci/cd|docker|kubernetes|git,0,2964643
JOB-0221,Frontend Developer,Salesforce,Global,2026-03-17,git|tailwind css|next.js|typescript|html|javascript|react,0,174302
JOB-0222,Cloud Architect,Flipkart,Global,2025-05-23,gcp|terraform|linux|kubernetes|aws|docker|networking,1,178081
JOB-0223,DevOps Engineer,Apple,US,2026-02-07,kubernetes|aws|terraform|git|python,5,77345
JOB-0224,QA Engineer,Tech Mahindra,India,2025-03-27,javascript|sql|git|postman|agile,2,3884321
JOB-0225,Mobile Developer,HCL,Europe,2025-06-26,react native|flutter|javascript,5,133457
JOB-0226,Data Analyst,Microsoft,India,2025-05-24,sql|python|excel|pandas|power bi,7,3210469
JOB-0227,AI Engineer,Amazon,India,2025-11-15,python|tensorflow|nlp,3,1465139
JOB-0228,Cloud Architect,Wipro,Asia Pacific,2025-08-02,networking|linux|azure|aws|kubernetes|gcp,3,79961
JOB-0229,Data Scientist,Amazon,Global,2025-04-07,machine learning|statistics|python|scikit-learn,0,129025
JOB-0230,Backend Developer,Adobe,India,2025-09-25,node.js|sql|rest api|docker,3,868854
JOB-0231,QA Engineer,Netflix,Asia Pacific,2025-07-29,sql|python|git|javascript,7,77711
JOB-0232,ML Engineer,Salesforce,India,2026-02-21,machine learning|mlops|deep learning|docker|tensorflow|pytorch,3,3785629
JOB-0233,Full Stack Developer,Adobe,Asia Pacific,2025-01-12,node.js|sql|react|docker|css,1,96481
JOB-0234,Full Stack Developer,Apple,US,2025-12-19,git|css|javascript|node.js|html|mongodb,2,167756
JOB-0235,Full Stack Developer,Salesforce,India,2025-03-01,git|mongodb|html|javascript|css|sql,7,908449
JOB-0236,Cybersecurity Analyst,Netflix,Europe,2025-09-05,python|networking|linux|ethical hacking,5,95096
JOB-0237,Data Scientist,Flipkart,Europe,2025-06-25,data visualization|deep learning|scikit-learn|machine learning|sql|pandas|statistics|python,0,124658
JOB-0238,Data Engineer,Netflix,India,2026-02-28,apache spark|sql|aws|hadoop|python|docker,2,2340534
JOB-0239,QA Engineer,Amazon,Europe,2026-02-13,javascript|postman|python|sql|git,5,100100
JOB-0240,Product Manager,Meta,Asia Pacific,2025-02-08,sql|excel|agile,5,50449
JOB-0241,Full Stack Developer,Microsoft,US,2025-02-07,javascript|docker|git|react|mongodb|node.js|css|html,2,92010
JOB-0242,Data Analyst,Wipro,Europe,2025-06-03,power bi|pandas|tableau|python|excel|sql|data analysis|statistics,7,71778
JOB-0243,Frontend Developer,Swiggy,Global,2025-03-04,tailwind css|react|typescript,1,54493
JOB-0244,Backend Developer,Meta,India,2025-10-13,docker|rest api|sql,1,2158242
JOB-0245,Product Manager,HCL,India,2025-03-09,jira|data analysis|sql|excel,10,3610472
JOB-0246,QA Engineer,Netflix,India,2026-01-04,python|javascript|git|sql|postman|agile,7,1022381
JOB-0247,QA Engineer,Apple,India,2025-12-23,javascript|sql|agile|git|python,0,2520444
JOB-0248,ML Engineer,Uber,India,2025-03-06,pytorch|python|deep learning|machine learning|docker|tensorflow|mlops,2,2150184
JOB-0249,Frontend Developer,Wipro,Global,2025-02-07,git|react|next.js|tailwind css|css|html,1,81259
JOB-0250,Cybersecurity Analyst,Swiggy,Global,2025-07-13,sql|python|cybersecurity|ethical hacking|linux|networking,3,82327
JOB-0251,Full Stack Developer,Salesforce,India,2025-09-25,css|docker|mongodb|html|javascript|react|sql|node.js,3,3158704
JOB-0252,Product Manager,Amazon,US,2025-12-06,data analysis|jira|sql,0,87709
JOB-0253,Cloud Architect,Flipkart,Asia Pacific,2025-12-19,terraform|gcp|azure|docker,0,45482
JOB-0254,Data Analyst,HCL,Asia Pacific,2025-11-01,python|pandas|power bi,3,62054
JOB-0255,Mobile Developer,Zomato,Global,2025-11-29,swift|rest api|git|firebase|react native|flutter|kotlin|javascript,3,157628
JOB-0256,Software Engineer,Swiggy,Europe,2025-09-07,java|rest api|sql|linux|git|c++|python,7,72190
JOB-0257,Data Scientist,Microsoft,Europe,2025-06-10,deep learning|data visualization|python|scikit-learn|pandas|sql,0,66715
JOB-0258,QA Engineer,HCL,Global,2026-03-23,postman|agile|sql,0,174876
JOB-0259,Data Scientist,Adobe,Global,2026-01-12,statistics|scikit-learn|machine learning|python|deep learning|data visualization,7,80373
JOB-0260,Product Manager,Wipro,Asia Pacific,2026-03-01,sql|agile|excel|data analysis,3,88438
JOB-0261,AI Engineer,Apple,India,2025-02-18,nlp|pytorch|deep learning,2,1646161
JOB-0262,Data Engineer,HCL,India,2025-05-02,docker|python|big data|aws|apache spark|sql|postgresql|hadoop,0,1979390
JOB-0263,Mobile Developer,Netflix,India,2025-11-09,javascript|react native|firebase|git|swift|kotlin|rest api|flutter,0,668803
JOB-0264,Software Engineer,Google,Global,2025-10-02,linux|python|git|c++|rest api|agile|sql,5,162094
JOB-0265,Mobile Developer,Uber,India,2025-03-05,javascript|react native|kotlin|git|firebase|flutter|swift,1,3925315
JOB-0266,Data Scientist,Apple,India,2025-12-10,python|data visualization|scikit-learn|machine learning|pandas,10,3530677
JOB-0267,Mobile Developer,Tech Mahindra,India,2025-09-19,react native|flutter|firebase|kotlin|swift,10,1801700
JOB-0268,Backend Developer,Amazon,Asia Pacific,2025-07-15,node.js|git|sql|docker,2,54973
JOB-0269,Data Engineer,Netflix,Europe,2025-03-10,apache spark|hadoop|docker|big data|sql|aws|postgresql,7,55498
JOB-0270,ML Engineer,Tech Mahindra,Asia Pacific,2025-04-19,mlops|docker|deep learning|aws|tensorflow,1,115250
JOB-0271,QA Engineer,Amazon,India,2025-12-20,javascript|git|agile|python|sql,2,2455227
JOB-0272,Full Stack Developer,Adobe,India,2025-12-07,react|git|css|mongodb|node.js|sql,5,2694945
JOB-0273,Data Engineer,PhonePe,Asia Pacific,2025-05-29,postgresql|sql|docker|python|aws|hadoop|big data|apache spark,10,69689
JOB-0274,Software Engineer,Adobe,US,2025-10-31,c++|python|git|rest api|java|linux,3,98064
JOB-0275,DevOps Engineer,PhonePe,US,2025-07-11,ci/cd|linux|git,2,164289
JOB-0276,QA Engineer,PhonePe,US,2025-12-31,javascript|sql|git|agile|postman,2,132320
JOB-0277,Cloud Architect,Adobe,India,2025-11-19,aws|azure|docker|gcp|linux,10,1806751
JOB-0278,Full Stack Developer,Flipkart,Asia Pacific,2026-01-29,docker|css|node.js|mongodb,10,98653
JOB-0279,QA Engineer,Amazon,Global,2025-09-21,javascript|git|postman|agile,0,170832
JOB-0280,Data Engineer,Wipro,Global,2025-07-07,postgresql|docker|aws,3,143718
JOB-0281,Product Manager,Zomato,US,2026-02-18,agile|sql|jira|excel|data analysis,3,102955
JOB-0282,Data Scientist,Swiggy,Global,2025-05-03,data visualization|sql|pandas|statistics|scikit-learn|python|machine learning|deep learning,0,154769
JOB-0283,Data Engineer,PhonePe,India,2025-10-17,hadoop|aws|python|sql|apache spark,1,2463462
JOB-0284,Data Analyst,Swiggy,US,2025-02-22,tableau|python|power bi|excel|statistics,3,108333
JOB-0285,Frontend Developer,Wipro,US,2025-05-28,typescript|next.js|html|javascript,3,181645
JOB-0286,Data Engineer,Wipro,India,2025-04-29,docker|aws|hadoop|python|apache spark|big data|postgresql|sql,0,1498488
JOB-0287,AI Engineer,Salesforce,India,2025-10-21,nlp|generative ai|tensorflow,1,1559131
JOB-0288,Software Engineer,Flipkart,India,2026-02-15,git|python|linux|c++,10,2788370
JOB-0289,Cloud Architect,Razorpay,Europe,2026-02-05,networking|terraform|gcp|docker,0,73478
JOB-0290,DevOps Engineer,Flipkart,Europe,2026-02-21,terraform|python|ci/cd|kubernetes|git|linux,5,66211
JOB-0291,Cybersecurity Analyst,Apple,India,2025-04-11,ethical hacking|networking|sql|linux,2,3327679
JOB-0292,Cybersecurity Analyst,HCL,India,2025-01-13,cybersecurity|networking|linux|python,2,943567
JOB-0293,Full Stack Developer,Flipkart,Europe,2025-04-10,docker|css|node.js|sql|javascript|react|git,5,97377
JOB-0294,Full Stack Developer,Razorpay,India,2025-01-28,react|git|docker|node.js|mongodb|html|sql|javascript,7,2639096
JOB-0295,Full Stack Developer,Tech Mahindra,US,2025-10-30,docker|node.js|mongodb|sql|javascript|git|react,3,152594
JOB-0296,QA Engineer,TCS,US,2025-07-01,postman|agile|javascript|python|sql|git,5,85193
JOB-0297,Frontend Developer,Netflix,Europe,2025-04-14,next.js|javascript|tailwind css|git|typescript|html,2,80116
JOB-0298,Backend Developer,Google,Europe,2025-01-07,node.js|rest api|redis|git|sql|postgresql,7,106547
JOB-0299,Data Analyst,Flipkart,Asia Pacific,2025-08-05,python|tableau|pandas|sql|statistics|power bi|excel,3,71131
JOB-0300,Cybersecurity Analyst,Razorpay,India,2025-03-31,linux|sql|networking|python|ethical hacking|cybersecurity,0,3806943
JOB-0301,Data Analyst,Uber,India,2025-07-18,tableau|power bi|data analysis|excel,10,2654410
JOB-0302,Cloud Architect,Wipro,Global,2025-12-17,kubernetes|docker|azure|linux|terraform|aws,3,73989
JOB-0303,QA Engineer,HCL,Europe,2025-10-09,agile|sql|python,1,85063
JOB-0304,Data Scientist,TCS,US,2025-01-15,python|sql|pandas|deep learning|scikit-learn|data visualization|statistics,5,154565
JOB-0305,Product Manager,Tech Mahindra,India,2025-08-11,excel|agile|jira|sql,7,1463659
JOB-0306,Cybersecurity Analyst,Google,India,2025-11-27,python|cybersecurity|sql,3,3334351
JOB-0307,Cybersecurity Analyst,Netflix,US,2025-07-06,networking|ethical hacking|linux|python,10,133064
JOB-0308,DevOps Engineer,TCS,US,2025-06-03,git|kubernetes|docker|terraform|ci/cd|aws|python|linux,10,104064
JOB-0309,Backend Developer,Netflix,Global,2025-09-04,git|rest api|redis|sql|python|postgresql|docker,10,95242
JOB-0310,Data Scientist,Razorpay,India,2025-03-15,deep learning|python|data visualization|sql|machine learning|scikit-learn,7,2301591
JOB-0311,Cloud Architect,Microsoft,US,2026-03-08,docker|azure|networking|linux|aws,0,153596
JOB-0312,Frontend Developer,HCL,India,2025-09-04,git|css|next.js|typescript|tailwind css,2,3512066
JOB-0313,Backend Developer,Amazon,India,2025-12-25,sql|rest api|postgresql|redis|git,2,3172980
JOB-0314,Frontend Developer,Google,India,2025-02-27,git|javascript|tailwind css|html,0,1367876
JOB-0315,Software Engineer,Microsoft,Europe,2026-03-01,agile|java|rest api|python|linux|c++|git,7,126057
JOB-0316,Data Engineer,Infosys,Asia Pacific,2025-11-23,python|docker|sql|apache spark,3,90574
JOB-0317,Data Engineer,Wipro,India,2025-05-27,aws|big data|sql|postgresql|apache spark|python|docker|hadoop,3,3135394
JOB-0318,ML Engineer,PhonePe,Asia Pacific,2025-02-09,python|docker|deep learning|mlops|aws|pytorch|machine learning,3,67056
JOB-0319,Cloud Architect,Oracle,US,2025-03-10,gcp|azure|docker|networking|linux|aws|terraform|kubernetes,2,150437
JOB-0320,Data Analyst,Tech Mahindra,India,2025-04-13,sql|python|statistics|data analysis|excel|power bi|pandas|tableau,10,3559299
JOB-0321,Full Stack Developer,Adobe,Europe,2025-08-27,node.js|javascript|sql,2,73064
JOB-0322,ML Engineer,Zomato,India,2026-01-14,deep learning|mlops|python|machine learning|pytorch|docker|aws|tensorflow,2,2020858
JOB-0323,AI Engineer,Tech Mahindra,India,2025-06-11,computer vision|tensorflow|huggingface|pytorch|deep learning|nlp|generative ai|python,3,3441011
JOB-0324,Mobile Developer,Apple,India,2025-11-17,javascript|git|swift,5,2782926
JOB-0325,Mobile Developer,TCS,Global,2026-02-11,react native|flutter|swift|rest api,1,116216
JOB-0326,Data Engineer,TCS,India,2025-11-04,sql|docker|postgresql|aws|hadoop|big data|python,3,2668671
JOB-0327,ML Engineer,PhonePe,US,2025-12-18,aws|mlops|pytorch|tensorflow|docker|deep learning,5,74173
JOB-0328,Product Manager,Microsoft,US,2026-01-23,jira|agile|sql|data analysis|excel,10,152912
JOB-0329,ML Engineer,Google,India,2025-12-02,machine learning|python|tensorflow|aws|deep learning|docker|pytorch|mlops,7,863625
JOB-0330,QA Engineer,Meta,US,2025-01-02,git|javascript|postman|python|sql|agile,2,113526
JOB-0331,DevOps Engineer,Amazon,Asia Pacific,2025-03-24,aws|terraform|python|ci/cd|docker,1,99722
JOB-0332,Cybersecurity Analyst,Uber,Global,2025-01-05,sql|cybersecurity|linux,0,145549
JOB-0333,Data Analyst,Adobe,Europe,2026-01-14,excel|pandas|python|tableau,1,131486
JOB-0334,DevOps Engineer,Adobe,Europe,2025-09-05,linux|aws|terraform|python|docker|git,1,148505
JOB-0335,Full Stack Developer,Apple,Global,2025-06-18,mongodb|git|html|node.js|css|javascript|sql,2,78230
JOB-0336,AI Engineer,Microsoft,US,2025-07-27,pytorch|python|generative ai|nlp,0,164426
JOB-0337,Full Stack Developer,Oracle,India,2026-03-14,mongodb|javascript|git|css|html|react,2,1514565
JOB-0338,AI Engineer,HCL,Europe,2025-02-17,pytorch|generative ai|deep learning|tensorflow|huggingface|computer vision|nlp|python,10,90387
JOB-0339,AI Engineer,Tech Mahindra,US,2025-11-11,tensorflow|python|huggingface|deep learning|computer vision|generative ai|pytorch|nlp,2,125276
JOB-0340,Software Engineer,Swiggy,US,2025-11-01,git|rest api|linux,1,72093
JOB-0341,Full Stack Developer,Netflix,Europe,2025-11-26,git|docker|html|javascript,2,144574
JOB-0342,Data Engineer,HCL,US,2026-02-07,aws|big data|hadoop|sql|docker|postgresql,0,132956
JOB-0343,Software Engineer,PhonePe,Europe,2025-02-16,agile|rest api|java,3,60442
JOB-0344,ML Engineer,Google,Europe,2025-12-04,tensorflow|python|deep learning|pytorch|docker|machine learning|aws|mlops,10,55283
JOB-0345,Data Engineer,Zomato,India,2025-12-24,aws|python|hadoop,3,1298876
JOB-0346,Data Analyst,Infosys,India,2025-10-11,statistics|pandas|excel,3,1487553
JOB-0347,Mobile Developer,TCS,US,2026-02-24,git|kotlin|firebase|swift,5,176133
JOB-0348,AI Engineer,Swiggy,India,2025-09-13,deep learning|pytorch|python|generative ai|huggingface|computer vision|tensorflow,2,897986
JOB-0349,Data Scientist,Google,Global,2025-12-07,sql|deep learning|data visualization|scikit-learn|pandas|machine learning|python,7,114450
JOB-0350,Frontend Developer,Adobe,India,2025-03-10,typescript|javascript|react,5,2492628
JOB-0351,AI Engineer,Oracle,Asia Pacific,2025-08-25,nlp|python|tensorflow|deep learning|computer vision|pytorch|huggingface|generative ai,10,101753
JOB-0352,Software Engineer,Uber,India,2025-05-17,linux|sql|rest api|java|python|agile|git|c++,7,3123222
JOB-0353,DevOps Engineer,Netflix,Europe,2025-11-09,python|aws|kubernetes|linux|terraform|git|ci/cd|docker,3,111934
JOB-0354,Data Engineer,Uber,Europe,2025-03-26,python|apache spark|big data|postgresql,0,114925
JOB-0355,Mobile Developer,Tech Mahindra,Asia Pacific,2025-05-02,firebase|javascript|kotlin|swift,2,109166
JOB-0356,ML Engineer,PhonePe,Europe,2025-06-01,mlops|machine learning|tensorflow|deep learning|docker,1,58640
JOB-0357,Data Scientist,Adobe,US,2026-01-20,machine learning|sql|pandas|data visualization,1,107158
JOB-0358,AI Engineer,Uber,India,2025-11-21,tensorflow|computer vision|pytorch|huggingface,3,2944688
JOB-0359,Mobile Developer,Amazon,US,2025-04-27,react native|firebase|javascript|git|kotlin,7,129191
JOB-0360,Data Analyst,Netflix,India,2025-12-30,statistics|python|power bi|excel|tableau,7,1767272
JOB-0361,ML Engineer,Flipkart,India,2025-01-30,python|docker|pytorch,1,3748491
JOB-0362,Cloud Architect,Meta,Asia Pacific,2025-04-26,gcp|linux|docker,1,42382
JOB-0363,Data Engineer,Tech Mahindra,India,2025-12-05,python|sql|aws|big data|hadoop,5,2041246
JOB-0364,Mobile Developer,Flipkart,Asia Pacific,2025-09-13,firebase|javascript|react native,2,61639
JOB-0365,AI Engineer,Apple,US,2025-11-14,deep learning|generative ai|huggingface|tensorflow,5,156598
JOB-0366,QA Engineer,TCS,Europe,2026-02-05,python|agile|javascript|postman|git|sql,3,116025
JOB-0367,Full Stack Developer,Tech Mahindra,India,2026-03-21,docker|sql|react|mongodb|html|javascript|node.js,10,2642589
JOB-0368,Cybersecurity Analyst,Flipkart,India,2025-03-22,cybersecurity|ethical hacking|linux|python,5,3095254
JOB-0369,Software Engineer,TCS,US,2025-07-14,agile|sql|rest api|java|python|git|linux|c++,3,107019
JOB-0370,Product Manager,Swiggy,Europe,2026-01-26,excel|jira|agile|data analysis,5,149534
JOB-0371,DevOps Engineer,TCS,Europe,2025-12-23,terraform|kubernetes|aws|ci/cd|git|python,2,116629
JOB-0372,ML Engineer,PhonePe,US,2025-04-30,mlops|aws|pytorch|tensorflow|deep learning|python|docker|machine learning,10,148278
JOB-0373,Full Stack Developer,Salesforce,Asia Pacific,2025-11-27,react|javascript|mongodb,7,104286
JOB-0374,Data Engineer,Tech Mahindra,India,2025-12-13,hadoop|sql|apache spark|python|docker,2,1069450
JOB-0375,ML Engineer,Flipkart,India,2025-10-31,pytorch|tensorflow|mlops|python|machine learning|aws|docker,0,2256042
JOB-0376,ML Engineer,Netflix,US,2025-05-05,machine learning|docker|mlops|aws,5,80922
JOB-0377,Data Engineer,Flipkart,US,2025-02-17,aws|hadoop|python|postgresql|sql,3,186026
JOB-0378,Backend Developer,Razorpay,US,2025-09-03,rest api|redis|sql,7,164090
JOB-0379,Mobile Developer,Salesforce,India,2025-03-16,swift|rest api|firebase|git|react native|kotlin|javascript,2,2595957
JOB-0380,ML Engineer,Google,US,2025-09-17,pytorch|mlops|python,1,129821
JOB-0381,Frontend Developer,Salesforce,Europe,2026-01-10,git|javascript|typescript|react|tailwind css,10,53255
JOB-0382,Data Engineer,Swiggy,US,2026-03-09,python|aws|big data|apache spark|postgresql|docker|hadoop|sql,0,84995
JOB-0383,Cloud Architect,Uber,US,2025-04-26,azure|aws|docker|networking|linux|kubernetes|gcp|terraform,2,175686
JOB-0384,QA Engineer,HCL,Global,2025-07-31,agile|git|postman,3,65160
JOB-0385,QA Engineer,Zomato,India,2025-08-19,agile|sql|javascript,0,2263900
JOB-0386,Mobile Developer,Microsoft,India,2025-12-30,kotlin|git|firebase|javascript,2,2742771
JOB-0387,Frontend Developer,Amazon,Global,2025-10-23,tailwind css|javascript|css|react|typescript|html,2,160107
JOB-0388,Data Engineer,Swiggy,India,2025-04-11,aws|python|big data|apache spark,7,734445
JOB-0389,Backend Developer,TCS,Europe,2025-05-08,rest api|python|redis|node.js|docker|postgresql|sql|git,3,69520
JOB-0390,QA Engineer,Tech Mahindra,Asia Pacific,2025-04-16,postman|sql|git,3,73455
JOB-0391,Cybersecurity Analyst,Wipro,Europe,2025-04-16,linux|networking|sql|python|cybersecurity,0,81379
JOB-0392,Backend Developer,Salesforce,US,2025-07-20,node.js|rest api|python|redis|git|sql,2,90527
JOB-0393,DevOps Engineer,Infosys,US,2025-12-11,aws|kubernetes|linux|terraform|docker|git|ci/cd|python,5,107842
JOB-0394,Cybersecurity Analyst,Zomato,US,2025-05-12,sql|networking|linux|python|ethical hacking|cybersecurity,3,73262
JOB-0395,Cybersecurity Analyst,Amazon,India,2025-08-25,cybersecurity|python|linux|sql,1,925437
JOB-0396,Product Manager,Amazon,Global,2025-09-13,sql|excel|data analysis|agile|jira,5,99500
JOB-0397,Product Manager,Oracle,Europe,2026-03-01,jira|agile|data analysis|sql|excel,5,61669
JOB-0398,Data Engineer,Tech Mahindra,Europe,2025-10-03,sql|apache spark|postgresql|big data|hadoop|docker,0,101148
JOB-0399,AI Engineer,Wipro,Global,2025-04-19,tensorflow|computer vision|pytorch|python|huggingface|deep learning|nlp|generative ai,5,141632
JOB-0400,Data Engineer,Netflix,US,2025-09-03,apache spark|postgresql|sql|hadoop,7,166493
JOB-0401,Data Engineer,Flipkart,India,2025-05-29,aws|big data|sql,1,1884574
JOB-0402,Frontend Developer,Google,Asia Pacific,2025-05-17,git|tailwind css|react|typescript|html|css|javascript|next.js,0,76639
JOB-0403,Software Engineer,Swiggy,India,2026-03-17,agile|git|java|rest api|c++,3,3905610
JOB-0404,QA Engineer,Uber,India,2025-08-09,postman|sql|python,2,3549311
JOB-0405,Cloud Architect,HCL,India,2026-01-06,linux|docker|terraform|azure|gcp,3,3125010
JOB-0406,Mobile Developer,Uber,Europe,2025-07-03,kotlin|rest api|git|react native|javascript|firebase|swift|flutter,10,127475
JOB-0407,Frontend Developer,Uber,Europe,2025-09-04,javascript|typescript|git|next.js|css|react,2,145927
JOB-0408,Software Engineer,Tech Mahindra,India,2025-10-23,git|python|c++,1,3741998
JOB-0409,Cybersecurity Analyst,Zomato,US,2025-10-17,python|linux|ethical hacking|cybersecurity|sql,2,168239
JOB-0410,ML Engineer,Amazon,India,2025-07-14,docker|machine learning|pytorch|aws,5,877785
JOB-0411,DevOps Engineer,Salesforce,Asia Pacific,2025-05-12,linux|ci/cd|git,7,69523
JOB-0412,Full Stack Developer,Google,India,2025-09-10,node.js|react|git|docker|html|javascript|css|mongodb|sql,10,3346437
JOB-0413,Cybersecurity Analyst,PhonePe,India,2025-04-01,cybersecurity|sql|networking|linux,5,3952214
JOB-0414,Cloud Architect,Salesforce,US,2025-06-29,terraform|azure|aws,0,130652
JOB-0415,Backend Developer,Swiggy,US,2025-07-16,rest api|docker|redis,1,88395
JOB-0416,DevOps Engineer,Swiggy,US,2026-03-23,git|aws|docker|python|kubernetes|linux|terraform,5,188494
JOB-0417,Cloud Architect,PhonePe,India,2025-01-31,azure|linux|terraform|gcp|kubernetes|networking,3,1415864
JOB-0418,Full Stack Developer,Tech Mahindra,Asia Pacific,2025-07-28,sql|git|react|mongodb|javascript|docker|html|node.js,7,48848
JOB-0419,Product Manager,Swiggy,Asia Pacific,2026-01-01,jira|agile|sql|data analysis,3,89420
JOB-0420,Backend Developer,Amazon,India,2025-07-16,postgresql|docker|sql|rest api|git|redis|python|node.js,2,1797017
JOB-0421,Full Stack Developer,Salesforce,Global,2025-09-30,react|javascript|docker,2,101618
JOB-0422,Frontend Developer,Amazon,US,2026-03-08,tailwind css|react|css|html|javascript|next.js,2,107952
JOB-0423,Frontend Developer,Swiggy,US,2025-05-08,javascript|react|html|git|css|tailwind css|next.js|typescript,10,74827
JOB-0424,Frontend Developer,Swiggy,India,2025-12-18,git|css|javascript|typescript|tailwind css|html|next.js,7,3689964
JOB-0425,DevOps Engineer,Razorpay,Global,2025-05-05,docker|git|linux,5,88084
JOB-0426,DevOps Engineer,Microsoft,Asia Pacific,2025-06-22,linux|aws|docker|git|ci/cd|kubernetes|python,2,81247
JOB-0427,QA Engineer,Wipro,US,2025-08-17,python|javascript|agile|git,5,73722
JOB-0428,Frontend Developer,Meta,India,2026-01-24,typescript|next.js|react|css|javascript|html|tailwind css|git,2,1471158
JOB-0429,Mobile Developer,Tech Mahindra,India,2025-11-12,javascript|flutter|react native|rest api|swift|kotlin,0,2830038
JOB-0430,Data Engineer,PhonePe,US,2026-01-07,docker|postgresql|apache spark|big data|aws|sql|hadoop|python,7,71609
JOB-0431,Data Analyst,Zomato,India,2026-01-10,pandas|statistics|python,1,2379810
JOB-0432,Backend Developer,Swiggy,India,2025-07-28,rest api|sql|docker|redis|python|postgresql|node.js|git,2,2014474
JOB-0433,ML Engineer,Salesforce,Asia Pacific,2025-07-06,machine learning|aws|pytorch|deep learning,5,62831
JOB-0434,Cybersecurity Analyst,Swiggy,US,2025-09-03,sql|cybersecurity|python|ethical hacking,5,102766
JOB-0435,QA Engineer,PhonePe,US,2025-03-04,sql|git|javascript|python|agile|postman,1,135552
JOB-0436,Software Engineer,Meta,Asia Pacific,2025-11-21,linux|java|python|c++,2,62927
JOB-0437,DevOps Engineer,Swiggy,Asia Pacific,2026-01-16,python|kubernetes|docker|git|terraform|linux|aws,7,43092
JOB-0438,Mobile Developer,Oracle,US,2025-10-08,rest api|react native|javascript|kotlin|firebase|swift|flutter|git,2,86428
JOB-0439,Data Scientist,Swiggy,India,2026-01-09,machine learning|statistics|python|sql|scikit-learn|deep learning|data visualization,2,3974066
JOB-0440,Full Stack Developer,Oracle,Europe,2026-03-17,mongodb|html|node.js|javascript|css|react,0,53748
JOB-0441,Frontend Developer,Razorpay,India,2025-10-25,typescript|javascript|tailwind css,5,1644863
JOB-0442,Backend Developer,Adobe,Global,2025-10-15,git|redis|python|rest api,3,132063
JOB-0443,DevOps Engineer,Flipkart,India,2026-01-30,ci/cd|docker|aws|python|terraform|kubernetes|git,3,1737888
JOB-0444,Software Engineer,PhonePe,India,2025-04-16,python|linux|git|agile,5,2738929
JOB-0445,Data Engineer,Amazon,India,2025-10-10,postgresql|apache spark|aws,2,1334803
JOB-0446,Data Analyst,Tech Mahindra,Europe,2025-10-23,power bi|pandas|statistics,1,147999
JOB-0447,Data Analyst,Oracle,Europe,2025-10-10,excel|power bi|tableau,0,101033
JOB-0448,Data Analyst,Microsoft,Asia Pacific,2025-02-08,data analysis|statistics|pandas|tableau|power bi|excel,7,66270
JOB-0449,Data Scientist,PhonePe,Asia Pacific,2025-06-05,sql|python|pandas|data visualization|machine learning|deep learning,2,99095
JOB-0450,AI Engineer,Razorpay,India,2025-02-05,nlp|deep learning|python|generative ai|pytorch|huggingface|tensorflow,7,3090272
JOB-0451,Frontend Developer,Salesforce,US,2025-05-31,tailwind css|react|next.js|javascript|css|typescript|git,0,131158
JOB-0452,Full Stack Developer,Razorpay,India,2025-03-28,node.js|git|react|html|javascript|sql|docker|css,2,2206241
JOB-0453,Mobile Developer,Oracle,US,2025-09-13,swift|flutter|rest api|javascript|kotlin,3,193664
JOB-0454,Product Manager,Wipro,Asia Pacific,2025-07-31,data analysis|sql|jira|agile|excel,3,49726
JOB-0455,Full Stack Developer,Microsoft,US,2025-08-07,react|docker|html,10,74078
JOB-0456,Mobile Developer,Netflix,Global,2025-02-15,firebase|flutter|rest api|react native|javascript,5,144913
JOB-0457,Full Stack Developer,Wipro,India,2026-03-11,css|react|javascript,7,2929672
JOB-0458,ML Engineer,Adobe,Europe,2025-06-22,docker|aws|deep learning|machine learning|python,1,111269
JOB-0459,Cloud Architect,Oracle,US,2025-12-12,terraform|networking|aws|docker|kubernetes,0,133927
JOB-0460,DevOps Engineer,Adobe,US,2026-03-15,docker|linux|terraform|ci/cd|python|git|kubernetes|aws,2,164634
JOB-0461,Full Stack Developer,Zomato,US,2026-01-04,css|react|docker|html,5,178440
JOB-0462,Full Stack Developer,Zomato,India,2025-02-20,node.js|react|sql|git|mongodb|javascript|docker,2,1816053
JOB-0463,Full Stack Developer,Meta,India,2025-11-01,docker|git|node.js|sql|react|html|mongodb|javascript|css,0,2059096
JOB-0464,ML Engineer,Google,US,2025-11-30,mlops|pytorch|machine learning|aws|deep learning,2,105315
JOB-0465,QA Engineer,Zomato,Asia Pacific,2026-03-11,postman|agile|python|git,3,104757
JOB-0466,Full Stack Developer,Tech Mahindra,Europe,2025-12-03,sql|css|html|node.js,7,63029
JOB-0467,Software Engineer,Google,India,2025-07-07,rest api|git|linux|java,0,3212736
JOB-0468,Data Scientist,HCL,India,2025-01-08,statistics|python|scikit-learn|data visualization|machine learning|pandas|sql,3,2407642
JOB-0469,Data Analyst,Salesforce,India,2026-02-17,python|data analysis|tableau|sql|power bi,2,1095919
JOB-0470,DevOps Engineer,HCL,Asia Pacific,2025-06-07,docker|python|ci/cd|git|terraform|linux|kubernetes|aws,1,40692
JOB-0471,Data Engineer,Google,India,2025-12-12,apache spark|python|sql|postgresql,2,3427364
JOB-0472,Product Manager,Apple,India,2026-03-02,jira|data analysis|excel,2,3098714
JOB-0473,Full Stack Developer,Razorpay,Asia Pacific,2025-06-10,javascript|node.js|git|css|docker,1,58690
JOB-0474,Data Scientist,Razorpay,Europe,2025-07-05,python|data visualization|statistics,2,77843
JOB-0475,Data Engineer,Microsoft,Asia Pacific,2025-05-14,docker|sql|hadoop|apache spark,1,68557
JOB-0476,Cybersecurity Analyst,Adobe,US,2025-09-22,python|networking|cybersecurity|linux,3,105892
JOB-0477,AI Engineer,Infosys,India,2026-02-17,pytorch|tensorflow|python|computer vision|deep learning,0,2115554
JOB-0478,QA Engineer,TCS,US,2025-05-27,agile|python|git|sql|postman,0,164658
JOB-0479,DevOps Engineer,Netflix,US,2025-01-09,kubernetes|python|linux|aws|docker|git,7,194517
JOB-0480,Full Stack Developer,Uber,US,2025-01-01,html|node.js|css|sql,1,96299
JOB-0481,Product Manager,HCL,India,2025-10-06,jira|sql|agile|data analysis|excel,2,1963133
JOB-0482,Product Manager,Salesforce,Europe,2025-11-15,agile|sql|excel,2,136126
JOB-0483,Frontend Developer,Google,India,2025-09-06,tailwind css|next.js|css|javascript,1,1431635
JOB-0484,QA Engineer,Salesforce,Europe,2025-10-28,agile|python|sql|javascript,7,119322
JOB-0485,DevOps Engineer,Zomato,Global,2025-02-14,terraform|kubernetes|linux|ci/cd|aws|git,0,111078
JOB-0486,ML Engineer,Salesforce,Asia Pacific,2025-08-08,docker|machine learning|pytorch|mlops|aws|python,0,92349
JOB-0487,AI Engineer,Amazon,India,2025-06-17,python|deep learning|nlp|generative ai|huggingface|computer vision|tensorflow|pytorch,0,1447405
JOB-0488,DevOps Engineer,Wipro,India,2025-03-06,linux|docker|kubernetes|ci/cd|terraform|python|aws|git,2,731562
JOB-0489,QA Engineer,Google,Europe,2025-04-13,python|agile|javascript|postman|git,7,148162
JOB-0490,ML Engineer,Tech Mahindra,US,2026-03-08,machine learning|aws|tensorflow|pytorch|python|mlops,1,110734
JOB-0491,Cloud Architect,Netflix,India,2025-06-26,gcp|azure|linux|aws|docker|networking,2,1023448
JOB-0492,Data Analyst,TCS,Global,2025-02-07,pandas|sql|statistics|power bi|python|data analysis|excel|tableau,3,172740
JOB-0493,Cloud Architect,Adobe,US,2025-08-29,azure|terraform|linux|docker|aws|gcp,7,131360
JOB-0494,Mobile Developer,Microsoft,Asia Pacific,2025-08-14,firebase|javascript|swift|flutter|kotlin|rest api|git,3,67464
JOB-0495,ML Engineer,Google,India,2025-08-24,deep learning|tensorflow|aws|mlops,7,1400607
JOB-0496,Mobile Developer,Infosys,Europe,2025-01-10,firebase|react native|rest api|javascript|git|swift|flutter|kotlin,0,99630
JOB-0497,QA Engineer,Wipro,Europe,2025-05-17,javascript|git|sql|agile,7,56008
JOB-0498,DevOps Engineer,Apple,US,2025-05-26,aws|terraform|git|docker,1,157134
JOB-0499,ML Engineer,Netflix,India,2025-09-13,aws|machine learning|tensorflow,1,3663692
JOB-0500,Data Engineer,Razorpay,India,2025-03-14,python|postgresql|aws|apache spark|hadoop|docker,3,790271
JOB-0501,DevOps Engineer,Zomato,India,2025-07-16,python|ci/cd|docker,5,2171480
JOB-0502,DevOps Engineer,Tech Mahindra,Europe,2025-07-14,git|terraform|docker|ci/cd,0,141962
JOB-0503,Product Manager,PhonePe,Global,2026-01-19,excel|sql|agile,5,147206
JOB-0504,Product Manager,Uber,Europe,2025-04-10,excel|sql|jira|agile|data analysis,1,137029
JOB-0505,Cloud Architect,Salesforce,India,2025-03-24,networking|azure|docker|gcp,2,610785
JOB-0506,Full Stack Developer,Salesforce,Global,2025-10-12,sql|git|html|react|node.js|css|javascript|mongodb,2,122573
JOB-0507,ML Engineer,Flipkart,Asia Pacific,2025-03-19,python|mlops|aws|tensorflow|deep learning,2,92335
JOB-0508,Mobile Developer,Infosys,India,2026-01-20,kotlin|swift|rest api|javascript|react native|flutter|firebase,0,2769068
JOB-0509,Mobile Developer,Google,US,2025-08-18,flutter|javascript|rest api|swift|firebase|react native,2,144417
JOB-0510,Backend Developer,HCL,India,2025-07-28,redis|python|node.js|docker|postgresql,5,771277
JOB-0511,Data Engineer,Uber,India,2025-04-26,python|aws|hadoop|apache spark,5,1401818
JOB-0512,Frontend Developer,Wipro,Europe,2025-07-09,next.js|html|tailwind css|git|css|typescript|react,2,91505
JOB-0513,Cybersecurity Analyst,Zomato,India,2025-04-08,cybersecurity|networking|python|linux,0,3504613
JOB-0514,Mobile Developer,Microsoft,India,2025-03-30,react native|git|swift|kotlin|firebase|rest api|flutter|javascript,7,2856356
JOB-0515,AI Engineer,Uber,India,2025-12-02,python|tensorflow|generative ai|nlp,2,2090309
JOB-0516,Data Analyst,Apple,India,2026-03-24,excel|power bi|data analysis|python|statistics,3,1575112
JOB-0517,Full Stack Developer,Microsoft,India,2026-02-26,node.js|git|sql|html|css,2,3769562
JOB-0518,Software Engineer,Tech Mahindra,India,2025-08-16,sql|c++|python|git|rest api|java,7,1070455
JOB-0519,Data Engineer,Uber,US,2025-10-22,big data|aws|hadoop|docker|apache spark|postgresql|python,0,111785
JOB-0520,DevOps Engineer,Salesforce,Global,2025-10-23,aws|ci/cd|python|git|linux|docker|kubernetes|terraform,0,81601
JOB-0521,Backend Developer,Zomato,Asia Pacific,2026-03-07,python|git|docker|rest api|postgresql|redis,2,69511
JOB-0522,Software Engineer,Uber,India,2026-03-07,agile|git|java|c++|sql,7,1334172
JOB-0523,Frontend Developer,Adobe,India,2025-04-08,css|html|typescript,1,1413526
JOB-0524,Product Manager,Amazon,US,2026-02-07,agile|excel|data analysis,0,88300
JOB-0525,Backend Developer,TCS,India,2025-06-28,docker|node.js|python,1,2891367
JOB-0526,Cybersecurity Analyst,Google,Asia Pacific,2025-07-11,networking|ethical hacking|python|linux|sql,3,44011
JOB-0527,Cybersecurity Analyst,PhonePe,Asia Pacific,2025-07-25,sql|cybersecurity|python|ethical hacking,5,116427
JOB-0528,Data Analyst,Oracle,Europe,2025-08-27,power bi|statistics|sql|tableau|pandas|excel|data analysis,10,120934
JOB-0529,Data Engineer,Infosys,India,2025-01-27,sql|postgresql|docker|apache spark,3,3065596
JOB-0530,AI Engineer,Google,US,2025-10-21,computer vision|huggingface|python|generative ai|tensorflow|nlp|deep learning|pytorch,10,182224
JOB-0531,DevOps Engineer,Infosys,Asia Pacific,2025-02-01,linux|python|kubernetes|ci/cd,2,75333
JOB-0532,DevOps Engineer,Microsoft,Europe,2026-02-09,ci/cd|terraform|python|aws|kubernetes|git|docker|linux,3,55801
JOB-0533,Cybersecurity Analyst,Netflix,Europe,2025-01-15,sql|ethical hacking|networking|cybersecurity,3,70977
JOB-0534,QA Engineer,Meta,US,2025-01-13,agile|git|sql|javascript|postman,7,70992
JOB-0535,Data Analyst,Apple,India,2025-04-27,python|excel|power bi|statistics|pandas|data analysis|tableau|sql,2,1406017
JOB-0536,Cybersecurity Analyst,HCL,India,2025-09-30,ethical hacking|python|cybersecurity,7,2369361
JOB-0537,Cloud Architect,Tech Mahindra,US,2025-10-01,linux|gcp|aws|azure,5,105853
JOB-0538,QA Engineer,Meta,Global,2026-02-08,javascript|agile|git|python|postman|sql,3,148458
JOB-0539,Backend Developer,Adobe,India,2025-01-26,rest api|sql|redis,1,3894900
JOB-0540,Software Engineer,Tech Mahindra,US,2026-02-21,sql|java|git|agile|linux|c++,10,89810
JOB-0541,Frontend Developer,Infosys,India,2025-12-22,css|html|react|typescript|next.js|javascript|git,3,3811407
JOB-0542,Data Engineer,Infosys,India,2026-02-04,docker|aws|hadoop|sql|apache spark|python,5,1950816
JOB-0543,Data Engineer,Oracle,India,2026-03-12,docker|python|hadoop|postgresql|big data|apache spark,10,2722891
JOB-0544,Software Engineer,Swiggy,US,2026-01-17,python|c++|rest api|linux,2,153400
JOB-0545,Data Engineer,Uber,Asia Pacific,2026-01-15,python|big data|sql|aws,2,72355
JOB-0546,ML Engineer,Microsoft,Global,2025-08-26,python|mlops|deep learning|aws|machine learning|docker|tensorflow|pytorch,2,145965
JOB-0547,Cloud Architect,Infosys,US,2025-01-19,azure|networking|terraform|aws|linux|kubernetes|gcp|docker,1,179636
JOB-0548,ML Engineer,Apple,Europe,2025-10-20,mlops|tensorflow|docker,7,116708
JOB-0549,Full Stack Developer,Wipro,Global,2026-01-16,javascript|node.js|html|sql|react,2,60358
JOB-0550,Data Analyst,Tech Mahindra,Europe,2025-05-25,tableau|python|pandas|power bi|sql,5,80825
JOB-0551,Data Analyst,Meta,US,2025-01-19,pandas|excel|statistics|tableau,3,196218
JOB-0552,QA Engineer,Razorpay,US,2025-01-08,agile|git|javascript|python,2,195139
JOB-0553,Frontend Developer,Tech Mahindra,US,2025-01-14,javascript|html|git|css|next.js|tailwind css|typescript|react,7,97302
JOB-0554,DevOps Engineer,Infosys,India,2026-02-14,aws|docker|git|kubernetes|linux|ci/cd|python|terraform,0,1820985
JOB-0555,ML Engineer,Salesforce,India,2025-02-20,deep learning|tensorflow|machine learning|python,3,1027991
JOB-0556,Data Scientist,Oracle,Asia Pacific,2025-10-31,statistics|deep learning|scikit-learn|pandas,3,86825
JOB-0557,Mobile Developer,Microsoft,US,2025-08-20,react native|firebase|flutter|swift|rest api|kotlin|javascript|git,2,158992
JOB-0558,Frontend Developer,Amazon,Asia Pacific,2025-09-03,html|next.js|react|javascript,10,81136
JOB-0559,AI Engineer,Meta,US,2025-01-13,tensorflow|generative ai|pytorch,5,144681
JOB-0560,Full Stack Developer,Netflix,India,2025-10-07,css|node.js|sql|mongodb,2,3695564
JOB-0561,ML Engineer,Wipro,US,2025-09-07,pytorch|aws|python|mlops|docker|tensorflow,5,81221
JOB-0562,QA Engineer,Apple,India,2025-03-29,javascript|git|sql|python|postman|agile,3,1592652
JOB-0563,AI Engineer,Oracle,US,2025-06-30,tensorflow|python|nlp|pytorch|computer vision|generative ai|huggingface|deep learning,1,157182
JOB-0564,Backend Developer,TCS,US,2025-01-11,git|sql|postgresql|python|docker|redis,10,152928
JOB-0565,Cloud Architect,Swiggy,India,2025-05-24,gcp|terraform|aws|azure|networking|docker|linux|kubernetes,2,2803531
JOB-0566,Software Engineer,HCL,US,2026-03-14,python|agile|rest api|java|git|c++,2,153788
JOB-0567,Data Engineer,Netflix,Asia Pacific,2025-03-16,big data|sql|postgresql|apache spark,5,86762
JOB-0568,Full Stack Developer,PhonePe,India,2025-03-24,javascript|html|git|docker|mongodb|css|sql|react,2,836824
JOB-0569,Data Scientist,Meta,US,2025-01-09,pandas|python|deep learning|scikit-learn|data visualization|sql|machine learning,2,147814
JOB-0570,Product Manager,Meta,US,2025-09-12,agile|jira|excel,1,142267
JOB-0571,Data Scientist,Tech Mahindra,India,2025-12-18,deep learning|statistics|pandas|machine learning,0,2213734
JOB-0572,Product Manager,TCS,Europe,2025-05-12,sql|jira|excel,5,127360
JOB-0573,DevOps Engineer,PhonePe,India,2025-06-17,ci/cd|python|terraform|git|linux,7,3030412
JOB-0574,Frontend Developer,Netflix,US,2026-02-18,git|css|typescript|next.js|react|javascript,0,108523
JOB-0575,DevOps Engineer,Meta,Asia Pacific,2026-02-19,docker|kubernetes|python|aws,3,87631
JOB-0576,QA Engineer,Uber,US,2025-11-29,python|sql|postman|javascript|git,2,97043
JOB-0577,Frontend Developer,Adobe,US,2025-01-07,next.js|javascript|tailwind css,10,74150
JOB-0578,AI Engineer,HCL,India,2026-01-13,generative ai|python|huggingface|pytorch,1,663879
JOB-0579,Software Engineer,Infosys,US,2025-01-30,c++|sql|linux|java|git|rest api|agile,2,105294
JOB-0580,Cloud Architect,TCS,US,2025-05-27,docker|gcp|terraform|networking|linux|kubernetes,10,155936
JOB-0581,Cybersecurity Analyst,Tech Mahindra,US,2025-11-09,python|sql|ethical hacking,10,166055
JOB-0582,Frontend Developer,Oracle,US,2025-01-25,css|tailwind css|html|next.js|javascript|react,10,143568
JOB-0583,ML Engineer,Tech Mahindra,US,2025-08-21,tensorflow|machine learning|mlops|deep learning|docker,3,188740
JOB-0584,DevOps Engineer,TCS,India,2025-03-28,python|terraform|linux,3,1952382
JOB-0585,Mobile Developer,Oracle,Europe,2025-10-10,swift|javascript|rest api|kotlin,2,137505
JOB-0586,Mobile Developer,Infosys,US,2025-02-05,rest api|react native|git|swift|javascript|kotlin|firebase,3,186931
JOB-0587,Product Manager,Apple,US,2025-02-26,data analysis|excel|agile|sql|jira,7,185031
JOB-0588,DevOps Engineer,Uber,Asia Pacific,2025-10-15,ci/cd|kubernetes|aws|python|terraform|linux,2,100186
JOB-0589,Cybersecurity Analyst,Oracle,India,2026-03-09,ethical hacking|sql|python,3,2414630
JOB-0590,Data Scientist,Netflix,Global,2025-01-27,scikit-learn|data visualization|pandas|deep learning|statistics|python,5,166477
JOB-0591,Frontend Developer,Salesforce,India,2026-03-19,css|next.js|react,2,1817933
JOB-0592,Frontend Developer,Infosys,Global,2026-02-13,tailwind css|typescript|next.js|javascript|git|html,7,86931
JOB-0593,Data Analyst,Google,Europe,2025-12-17,sql|excel|data analysis|statistics|pandas|power bi,3,136923
JOB-0594,Data Scientist,Tech Mahindra,US,2025-04-18,statistics|machine learning|scikit-learn|sql,0,72042
JOB-0595,DevOps Engineer,Microsoft,India,2025-02-14,docker|ci/cd|git|python,2,870001
JOB-0596,ML Engineer,Amazon,India,2025-03-15,machine learning|mlops|python|docker|aws,3,937164
JOB-0597,Frontend Developer,Tech Mahindra,India,2025-01-17,git|css|next.js|javascript|react|typescript,1,2609810
JOB-0598,Full Stack Developer,Meta,Asia Pacific,2025-09-16,mongodb|react|git|javascript|sql|node.js,0,106381
JOB-0599,Full Stack Developer,Uber,India,2025-08-29,css|node.js|mongodb|sql|html,5,1645851
JOB-0600,AI Engineer,PhonePe,India,2025-11-19,huggingface|python|nlp|tensorflow|pytorch,1,2969320
JOB-0601,Data Engineer,Razorpay,US,2025-12-19,hadoop|sql|python,5,193402
JOB-0602,Backend Developer,Tech Mahindra,US,2025-06-11,postgresql|node.js|python|docker|rest api,1,169397
JOB-0603,Frontend Developer,Microsoft,India,2026-02-13,css|tailwind css|react|html|typescript|javascript,1,2373462
JOB-0604,Full Stack Developer,TCS,Asia Pacific,2025-08-02,react|node.js|css|git|html|javascript,2,102515
JOB-0605,Data Scientist,PhonePe,India,2025-10-01,pandas|python|machine learning|deep learning|sql|scikit-learn|statistics|data visualization,2,3193449
JOB-0606,Cybersecurity Analyst,Salesforce,India,2025-01-16,cybersecurity|ethical hacking|python|networking,2,2593384
JOB-0607,Backend Developer,Infosys,Asia Pacific,2025-10-07,python|postgresql|redis|git|rest api|node.js|docker,1,105030
JOB-0608,Backend Developer,TCS,India,2025-08-14,docker|git|rest api|postgresql|python|sql|node.js,1,2472508
JOB-0609,DevOps Engineer,Meta,US,2025-03-05,ci/cd|terraform|python|git|kubernetes|docker|aws,2,129412
JOB-0610,Full Stack Developer,Zomato,India,2025-06-13,docker|mongodb|sql|html|css,5,3545304
JOB-0611,Frontend Developer,Amazon,India,2026-01-21,html|git|next.js|javascript,3,3741537
JOB-0612,Data Engineer,Tech Mahindra,India,2025-06-13,hadoop|postgresql|sql|apache spark|big data|docker|python|aws,5,2678937
JOB-0613,Data Engineer,TCS,India,2025-01-26,sql|postgresql|aws|hadoop|python|apache spark|big data,5,2984819
JOB-0614,Data Engineer,Netflix,US,2025-05-29,big data|python|hadoop|aws,7,156373
JOB-0615,Mobile Developer,Wipro,India,2025-04-27,kotlin|git|swift|flutter|rest api|firebase|react native|javascript,3,2936798
JOB-0616,Data Engineer,Netflix,US,2025-04-04,apache spark|postgresql|python|big data,0,177044
JOB-0617,DevOps Engineer,HCL,Asia Pacific,2025-12-02,kubernetes|aws|python|docker|ci/cd|git|terraform|linux,3,43320
JOB-0618,Cloud Architect,Swiggy,India,2026-03-11,networking|terraform|azure,1,3154728
JOB-0619,Product Manager,Microsoft,Europe,2026-01-08,excel|jira|sql|data analysis|agile,2,132867
JOB-0620,Data Engineer,Amazon,US,2025-11-10,python|hadoop|apache spark|postgresql|docker|big data|sql|aws,5,72251
JOB-0621,Frontend Developer,Infosys,Global,2025-07-31,tailwind css|react|css,1,127928
JOB-0622,Product Manager,Flipkart,India,2026-03-24,data analysis|excel|jira,10,3543486
JOB-0623,Cloud Architect,Meta,Global,2025-01-16,docker|kubernetes|linux|azure|networking,3,74398
JOB-0624,Frontend Developer,Flipkart,Global,2026-02-01,git|typescript|css|tailwind css,2,163606
JOB-0625,ML Engineer,Razorpay,India,2025-01-26,mlops|docker|tensorflow,3,2977347
JOB-0626,Backend Developer,Meta,India,2025-11-29,node.js|rest api|redis,2,1183247
JOB-0627,Software Engineer,Apple,India,2025-01-22,c++|java|python|rest api|linux,1,2957681
JOB-0628,Data Scientist,Microsoft,Europe,2026-01-19,sql|data visualization|pandas|python|machine learning|statistics,3,145419
JOB-0629,Data Analyst,Zomato,India,2025-01-02,power bi|python|tableau|sql|excel|statistics,1,1266470
JOB-0630,ML Engineer,Oracle,India,2025-10-24,docker|mlops|python|aws|tensorflow,0,1738422
JOB-0631,Backend Developer,Uber,India,2025-02-01,postgresql|git|redis|node.js,0,2504611
JOB-0632,Data Analyst,Salesforce,Europe,2025-05-23,sql|excel|statistics|power bi|data analysis|tableau|python|pandas,0,88328
JOB-0633,DevOps Engineer,Netflix,Global,2026-01-22,docker|aws|linux|git|ci/cd,1,80974
JOB-0634,Data Analyst,TCS,India,2026-01-10,pandas|excel|python|data analysis|tableau|statistics|power bi|sql,1,1855300
JOB-0635,QA Engineer,Swiggy,Global,2025-02-01,python|git|postman,7,141164
JOB-0636,Data Analyst,HCL,India,2025-03-03,statistics|python|tableau|pandas|excel,7,766562
JOB-0637,Data Analyst,Microsoft,India,2025-10-24,excel|sql|tableau|data analysis|python|power bi,3,1338925
JOB-0638,AI Engineer,Razorpay,US,2025-11-08,computer vision|generative ai|nlp|tensorflow|pytorch,3,194357
JOB-0639,ML Engineer,Swiggy,India,2025-11-09,aws|python|machine learning|tensorflow|deep learning|docker|pytorch|mlops,2,1168011
JOB-0640,Data Scientist,Flipkart,US,2025-05-26,statistics|sql|python|machine learning|scikit-learn|data visualization|deep learning,1,72013
JOB-0641,QA Engineer,Wipro,Asia Pacific,2026-01-02,javascript|agile|python,2,61252
JOB-0642,Cloud Architect,Adobe,India,2025-02-09,docker|linux|aws|kubernetes,5,2000507
JOB-0643,ML Engineer,Apple,Europe,2026-01-02,docker|deep learning|python|aws,2,57856
JOB-0644,Full Stack Developer,PhonePe,Asia Pacific,2025-06-10,sql|docker|html|git|css,5,75983
JOB-0645,Software Engineer,Netflix,US,2026-02-26,agile|c++|sql|git,3,156673
JOB-0646,Cloud Architect,Tech Mahindra,India,2026-03-22,aws|kubernetes|docker|gcp|networking|linux|terraform,1,1588722
JOB-0647,DevOps Engineer,Wipro,India,2025-05-21,linux|git|terraform|python|aws|ci/cd|kubernetes,7,953153
JOB-0648,Data Scientist,Adobe,Global,2025-10-18,python|pandas|statistics|data visualization|deep learning|machine learning|scikit-learn|sql,3,108047
JOB-0649,ML Engineer,Salesforce,Global,2026-01-07,tensorflow|docker|mlops|machine learning|python|aws,0,130986
JOB-0650,Data Engineer,Salesforce,India,2025-10-24,python|sql|big data|docker,7,1317997
JOB-0651,Full Stack Developer,PhonePe,US,2025-02-11,sql|docker|mongodb,1,110167
JOB-0652,ML Engineer,Zomato,Europe,2025-10-31,aws|tensorflow|python,1,123302
JOB-0653,Software Engineer,Tech Mahindra,India,2025-02-13,linux|rest api|java|agile|c++|python,7,3889986
JOB-0654,Cybersecurity Analyst,Microsoft,India,2025-08-02,networking|linux|python|cybersecurity|ethical hacking,0,1784836
JOB-0655,Software Engineer,Microsoft,US,2025-06-10,java|python|agile|rest api|sql|c++|git|linux,2,181958
JOB-0656,Cloud Architect,HCL,India,2025-01-02,linux|gcp|terraform|aws|docker|networking|azure,0,3876092
JOB-0657,Data Scientist,Microsoft,Europe,2025-01-26,machine learning|pandas|data visualization|statistics|scikit-learn|sql|deep learning|python,1,131932
JOB-0658,Data Analyst,Adobe,US,2025-04-04,power bi|statistics|pandas|excel|sql|tableau|data analysis,10,151787
JOB-0659,QA Engineer,Apple,US,2025-09-03,python|sql|agile,2,135867
JOB-0660,AI Engineer,Infosys,Global,2025-09-13,nlp|pytorch|deep learning|tensorflow|python|computer vision|huggingface|generative ai,3,60929
JOB-0661,Mobile Developer,Salesforce,Europe,2025-11-15,react native|flutter|javascript|git|rest api|swift|kotlin,3,79187
JOB-0662,Cybersecurity Analyst,Netflix,US,2025-01-29,networking|linux|python|sql|cybersecurity,3,94976
JOB-0663,Mobile Developer,Uber,India,2025-04-03,kotlin|flutter|git|swift|rest api|javascript,0,1052333
JOB-0664,Cloud Architect,Salesforce,US,2026-02-20,linux|docker|kubernetes|azure|networking|gcp|aws,3,78804
JOB-0665,Data Analyst,Meta,Global,2025-12-10,statistics|power bi|data analysis|sql|tableau|python|pandas,0,94912
JOB-0666,ML Engineer,Netflix,US,2025-01-12,aws|docker|mlops|tensorflow|deep learning,3,191640
JOB-0667,Mobile Developer,Oracle,Europe,2025-05-17,git|kotlin|swift|flutter|react native|firebase,5,128816
JOB-0668,Backend Developer,TCS,Global,2026-03-07,redis|postgresql|sql|rest api|git|docker|python,5,165454
JOB-0669,Cloud Architect,Tech Mahindra,India,2026-02-02,docker|linux|terraform|aws|gcp|kubernetes,3,2623027
JOB-0670,Data Scientist,Apple,Europe,2025-08-15,statistics|pandas|python|scikit-learn|sql|deep learning,2,102066
JOB-0671,Mobile Developer,Uber,Europe,2025-04-10,swift|javascript|firebase|kotlin|rest api|flutter|react native|git,1,133569
JOB-0672,Cybersecurity Analyst,Microsoft,US,2025-09-01,python|cybersecurity|linux|ethical hacking|networking|sql,3,100297
JOB-0673,Cybersecurity Analyst,Microsoft,India,2026-02-17,cybersecurity|python|sql|linux|networking,3,1144653
JOB-0674,ML Engineer,HCL,Global,2025-07-10,machine learning|python|docker|aws|mlops|pytorch,5,74596
JOB-0675,QA Engineer,Adobe,Europe,2025-05-29,sql|python|javascript|git|agile|postman,7,149468
JOB-0676,Cybersecurity Analyst,Zomato,US,2025-05-01,python|sql|networking|cybersecurity|ethical hacking,3,159031
JOB-0677,Software Engineer,Flipkart,India,2025-01-06,rest api|java|python|git|agile|sql|c++|linux,5,2566849
JOB-0678,Data Engineer,Uber,US,2025-08-10,aws|apache spark|sql|big data|python|postgresql,0,84706
JOB-0679,Mobile Developer,Salesforce,India,2026-01-11,flutter|firebase|javascript|rest api|kotlin|react native|git|swift,3,1702491
JOB-0680,DevOps Engineer,Microsoft,US,2025-08-22,docker|git|terraform|aws|python,5,105281
JOB-0681,Cloud Architect,Tech Mahindra,Asia Pacific,2025-11-05,linux|networking|azure|terraform|aws|kubernetes,3,59558
JOB-0682,AI Engineer,Apple,Europe,2025-05-07,python|nlp|generative ai|deep learning|pytorch|computer vision,5,55609
JOB-0683,Data Analyst,Infosys,US,2025-07-16,sql|tableau|excel|pandas|data analysis,5,191211
JOB-0684,ML Engineer,Infosys,Europe,2026-01-01,pytorch|docker|aws|tensorflow,1,108408
JOB-0685,AI Engineer,Oracle,India,2025-10-08,pytorch|python|computer vision|tensorflow|deep learning,10,2498238
JOB-0686,Mobile Developer,PhonePe,Global,2025-08-28,javascript|swift|flutter|kotlin,10,88346
JOB-0687,Cybersecurity Analyst,TCS,India,2026-02-28,sql|cybersecurity|python|networking|linux|ethical hacking,0,2151726
JOB-0688,Software Engineer,Tech Mahindra,US,2025-07-02,java|git|agile|c++|rest api|python|sql,5,89935
JOB-0689,Mobile Developer,Oracle,India,2025-02-09,react native|flutter|git|javascript|swift|rest api|firebase,2,2560022
JOB-0690,DevOps Engineer,PhonePe,India,2025-03-25,git|python|terraform|ci/cd,2,921199
JOB-0691,Mobile Developer,Amazon,Europe,2025-02-07,kotlin|rest api|git|firebase|swift|flutter|react native|javascript,2,68302
JOB-0692,QA Engineer,Zomato,Europe,2025-08-09,javascript|sql|git,2,83172
JOB-0693,Backend Developer,Tech Mahindra,Europe,2025-04-25,git|docker|node.js,5,94553
JOB-0694,Data Analyst,Amazon,Europe,2026-01-29,data analysis|tableau|power bi,2,86390
JOB-0695,Product Manager,Infosys,India,2026-01-20,excel|data analysis|sql|agile,1,2286519
JOB-0696,Frontend Developer,TCS,Asia Pacific,2025-07-15,css|react|javascript|html|typescript|tailwind css,0,72959
JOB-0697,Cybersecurity Analyst,Infosys,India,2025-02-24,ethical hacking|linux|cybersecurity|python|sql,10,3561761
JOB-0698,DevOps Engineer,Meta,Asia Pacific,2026-03-04,terraform|docker|aws,3,57127
JOB-0699,Frontend Developer,Tech Mahindra,Europe,2025-07-20,react|css|git|next.js|tailwind css|typescript|javascript|html,7,121545
JOB-0700,Backend Developer,Swiggy,US,2025-12-11,postgresql|rest api|python|node.js|git,7,122772
JOB-0701,Full Stack Developer,Wipro,US,2025-04-01,docker|git|html,2,141017
JOB-0702,Mobile Developer,Salesforce,Asia Pacific,2025-05-25,react native|swift|flutter|kotlin|javascript,1,59787
JOB-0703,QA Engineer,HCL,India,2025-06-25,agile|postman|git|sql|javascript|python,3,3705003
JOB-0704,ML Engineer,Microsoft,India,2025-07-01,aws|deep learning|mlops,5,1503923
JOB-0705,Mobile Developer,Tech Mahindra,Asia Pacific,2025-11-28,swift|javascript|git|kotlin|rest api|react native|firebase,1,108921
JOB-0706,Full Stack Developer,Zomato,Europe,2025-01-08,javascript|docker|git|mongodb|react,2,141239
JOB-0707,Mobile Developer,Razorpay,Asia Pacific,2026-01-13,swift|flutter|react native,5,64485
JOB-0708,Software Engineer,Razorpay,Europe,2025-06-07,linux|python|rest api,2,69563
JOB-0709,Product Manager,Uber,Europe,2025-06-09,excel|agile|jira|sql,5,70968
JOB-0710,Data Scientist,Meta,US,2025-08-20,deep learning|scikit-learn|python|machine learning|data visualization|sql|statistics|pandas,0,155311
JOB-0711,Full Stack Developer,Netflix,US,2026-02-06,node.js|html|react|css|sql|docker,1,152797
JOB-0712,Software Engineer,Meta,US,2025-04-26,c++|sql|linux,10,137808
JOB-0713,Cloud Architect,Flipkart,India,2025-02-04,terraform|azure|linux|gcp|kubernetes|aws,0,1962148
JOB-0714,Software Engineer,Razorpay,India,2025-11-27,rest api|python|sql|c++|java|git|linux,5,2400266
JOB-0715,Frontend Developer,Flipkart,US,2025-01-16,react|next.js|html|tailwind css|css|git|javascript,2,114645
JOB-0716,Backend Developer,Microsoft,India,2025-07-22,postgresql|docker|git|redis|sql|python|node.js|rest api,3,3585665
JOB-0717,AI Engineer,TCS,Asia Pacific,2025-06-14,deep learning|generative ai|nlp|pytorch|huggingface|python|tensorflow,1,67250
JOB-0718,AI Engineer,Flipkart,India,2025-11-29,pytorch|tensorflow|huggingface|deep learning|nlp|generative ai|python,2,838366
JOB-0719,DevOps Engineer,Zomato,Europe,2026-02-14,git|linux|aws|kubernetes|python|ci/cd|terraform,2,143955
JOB-0720,Frontend Developer,Swiggy,Europe,2025-03-30,tailwind css|html|typescript|react,5,83837
JOB-0721,Cloud Architect,Oracle,India,2025-01-08,terraform|docker|kubernetes|linux|azure,2,1496977
JOB-0722,Software Engineer,Swiggy,India,2025-08-06,java|rest api|sql|git|agile|linux|python,5,2561328
JOB-0723,QA Engineer,Zomato,India,2025-06-21,javascript|agile|git,10,3565560
JOB-0724,Mobile Developer,Microsoft,India,2025-12-29,swift|kotlin|rest api|javascript|react native|git,3,2419833
JOB-0725,Backend Developer,TCS,Europe,2026-03-10,redis|docker|sql|postgresql|node.js|rest api|git|python,3,97279
JOB-0726,Full Stack Developer,Amazon,US,2025-11-12,javascript|html|git|mongodb|node.js|css|docker|react,2,86934
JOB-0727,Frontend Developer,Oracle,US,2025-05-21,css|html|next.js|tailwind css,5,105201
JOB-0728,ML Engineer,Flipkart,US,2025-11-19,deep learning|python|mlops|machine learning|docker,7,181672
JOB-0729,DevOps Engineer,PhonePe,Asia Pacific,2026-01-07,terraform|docker|ci/cd,0,87013
JOB-0730,Backend Developer,Flipkart,US,2026-01-11,redis|docker|git,0,131527
JOB-0731,Cybersecurity Analyst,Oracle,India,2025-10-13,ethical hacking|networking|linux|sql,1,2995067
JOB-0732,Data Engineer,Netflix,US,2025-06-01,big data|hadoop|apache spark|aws|python|docker|postgresql|sql,2,95762
JOB-0733,Backend Developer,Uber,India,2025-10-22,redis|python|node.js|git,1,1900457
JOB-0734,QA Engineer,Tech Mahindra,Asia Pacific,2025-10-15,git|agile|postman|python,2,72873
JOB-0735,Product Manager,Infosys,India,2025-04-01,jira|data analysis|agile,2,1606152
JOB-0736,ML Engineer,Meta,India,2025-02-14,deep learning|aws|pytorch|tensorflow|machine learning|docker,1,892552
JOB-0737,Product Manager,PhonePe,India,2025-09-29,sql|jira|excel,2,3248053
JOB-0738,Software Engineer,Wipro,India,2025-06-10,git|python|c++|java,2,3264649
JOB-0739,Frontend Developer,Apple,US,2025-03-30,tailwind css|next.js|javascript|css|git|html|typescript,5,169794
JOB-0740,ML Engineer,Infosys,US,2025-11-17,machine learning|mlops|docker|aws,3,145257
JOB-0741,Data Analyst,Infosys,India,2025-08-24,power bi|tableau|statistics,2,3556156
JOB-0742,ML Engineer,TCS,India,2025-06-18,aws|deep learning|python|mlops|tensorflow|docker|machine learning|pytorch,2,3296711
JOB-0743,Backend Developer,Meta,US,2025-07-23,postgresql|redis|sql|python|rest api,0,108409
JOB-0744,Data Scientist,Google,US,2025-03-06,data visualization|scikit-learn|python|sql|machine learning|deep learning,7,109291
JOB-0745,Software Engineer,Microsoft,US,2025-09-23,java|agile|c++|linux|rest api|git|python|sql,10,168843
JOB-0746,Data Engineer,Flipkart,India,2025-12-20,aws|python|big data|postgresql|sql|hadoop|apache spark,5,3321914
JOB-0747,Software Engineer,PhonePe,Global,2025-01-08,rest api|python|sql|linux|agile|java|c++,5,68320
JOB-0748,Data Analyst,Microsoft,India,2025-05-12,tableau|power bi|statistics|pandas|excel|sql,3,2094475
JOB-0749,Mobile Developer,Tech Mahindra,Global,2025-11-22,javascript|react native|kotlin|flutter,10,83351
JOB-0750,Data Engineer,PhonePe,US,2025-01-08,hadoop|python|postgresql|big data,1,95738
JOB-0751,Frontend Developer,Oracle,Global,2025-11-09,css|typescript|html|tailwind css,2,158073
JOB-0752,Data Engineer,TCS,India,2025-03-31,hadoop|big data|docker,5,724746
JOB-0753,Data Analyst,Wipro,US,2025-07-18,statistics|power bi|python|tableau,1,119832
JOB-0754,QA Engineer,Swiggy,India,2025-07-13,javascript|git|sql|agile|postman|python,3,2388702
JOB-0755,Full Stack Developer,Microsoft,Asia Pacific,2025-10-24,mongodb|node.js|html|javascript,0,107560
JOB-0756,Frontend Developer,Amazon,Asia Pacific,2026-03-07,next.js|react|html|javascript|typescript,3,88380
JOB-0757,Data Engineer,Salesforce,Asia Pacific,2025-09-27,postgresql|apache spark|hadoop|aws,5,84990
JOB-0758,Cloud Architect,Wipro,US,2025-08-24,linux|kubernetes|azure|terraform|gcp|networking|docker|aws,0,175364
JOB-0759,Mobile Developer,Oracle,India,2025-06-24,javascript|kotlin|swift|firebase|rest api|git|flutter|react native,10,3418141
JOB-0760,Mobile Developer,Oracle,US,2025-11-20,swift|react native|firebase|git|flutter,3,193695
JOB-0761,Full Stack Developer,Tech Mahindra,India,2025-11-10,docker|sql|mongodb|react|css,2,2116925
JOB-0762,AI Engineer,HCL,Asia Pacific,2026-01-16,computer vision|tensorflow|nlp|deep learning|pytorch|generative ai,5,85679
JOB-0763,Software Engineer,Flipkart,US,2025-01-03,java|git|rest api|python|c++|linux|agile,10,103725
JOB-0764,ML Engineer,Google,Global,2025-11-28,deep learning|mlops|machine learning|pytorch,1,143382
JOB-0765,AI Engineer,Zomato,US,2026-03-06,huggingface|python|deep learning,5,194467
JOB-0766,Data Analyst,Adobe,India,2025-01-20,power bi|excel|tableau,2,2550852
JOB-0767,Data Analyst,Wipro,India,2025-06-25,data analysis|statistics|pandas|python|excel|sql|tableau,3,3923171
JOB-0768,Data Analyst,Salesforce,Global,2025-02-18,python|tableau|power bi,2,150434
JOB-0769,Data Engineer,PhonePe,US,2025-12-23,postgresql|big data|sql|python|apache spark|aws,3,116246
JOB-0770,DevOps Engineer,Netflix,India,2026-02-16,python|ci/cd|kubernetes|terraform|git,5,2118642
JOB-0771,Cloud Architect,Swiggy,India,2025-10-27,kubernetes|azure|linux|terraform|gcp|networking|aws|docker,3,3222819
JOB-0772,Data Analyst,Swiggy,US,2025-05-20,statistics|pandas|sql|excel|tableau|power bi|data analysis|python,2,182020
JOB-0773,Data Analyst,Salesforce,Global,2025-03-30,python|excel|pandas|tableau|statistics,7,125591
JOB-0774,Data Analyst,Amazon,US,2025-01-09,excel|pandas|power bi|tableau|statistics|sql|python|data analysis,10,134857
JOB-0775,QA Engineer,PhonePe,Europe,2025-09-27,python|postman|agile,3,52402
JOB-0776,Cloud Architect,Meta,Global,2026-01-08,gcp|terraform|azure|networking,2,163766
JOB-0777,Frontend Developer,PhonePe,US,2025-07-13,javascript|css|next.js|react|tailwind css|git,10,110232
JOB-0778,Data Analyst,Oracle,Europe,2025-03-06,excel|pandas|sql,7,87606
JOB-0779,Cloud Architect,Razorpay,India,2026-03-04,kubernetes|gcp|linux|networking,2,3569852
JOB-0780,Product Manager,Apple,Global,2025-08-30,data analysis|sql|agile|jira|excel,7,56475
JOB-0781,Data Analyst,Infosys,Europe,2025-04-02,sql|pandas|statistics|python|excel|data analysis|power bi,2,74853
JOB-0782,Product Manager,Salesforce,Global,2025-11-23,agile|data analysis|excel|jira,5,105654
JOB-0783,Full Stack Developer,Tech Mahindra,Global,2025-12-31,css|sql|git,3,113295
JOB-0784,Data Scientist,Amazon,US,2025-04-06,machine learning|deep learning|sql|pandas|python|scikit-learn|statistics|data visualization,10,74507
JOB-0785,Full Stack Developer,Microsoft,India,2025-03-19,mongodb|node.js|docker|react|git,3,1817745
JOB-0786,DevOps Engineer,Adobe,Europe,2025-05-03,ci/cd|git|docker|kubernetes|linux|terraform|aws,7,93306
JOB-0787,ML Engineer,Adobe,India,2025-06-22,pytorch|deep learning|python|aws|mlops|tensorflow,2,609795
JOB-0788,Data Engineer,Meta,India,2025-11-19,aws|docker|apache spark|hadoop,5,930328
JOB-0789,Software Engineer,Netflix,Asia Pacific,2025-07-15,python|agile|sql,3,118182
JOB-0790,Product Manager,Uber,Global,2025-10-13,jira|agile|sql,10,127271
JOB-0791,DevOps Engineer,Netflix,India,2025-01-06,kubernetes|ci/cd|git|python|terraform|aws|linux|docker,0,1478835
JOB-0792,QA Engineer,PhonePe,India,2026-01-30,postman|sql|python|agile|javascript|git,1,2713257
JOB-0793,Product Manager,Salesforce,US,2026-02-21,excel|data analysis|agile,2,166798
JOB-0794,Data Analyst,Amazon,Europe,2025-09-27,tableau|pandas|excel|data analysis,0,63285
JOB-0795,DevOps Engineer,PhonePe,India,2026-01-11,terraform|python|linux|kubernetes|aws|git,2,2718026
JOB-0796,Product Manager,Uber,India,2025-04-21,sql|data analysis|jira|agile,1,3109258
JOB-0797,Full Stack Developer,TCS,India,2025-02-25,javascript|docker|git|sql|react|node.js|mongodb|html|css,7,2760046
JOB-0798,AI Engineer,Meta,India,2025-03-05,nlp|computer vision|pytorch|tensorflow,10,3057856
JOB-0799,Software Engineer,TCS,India,2025-02-28,java|c++|sql|rest api|linux|agile,7,1193975
JOB-0800,Backend Developer,TCS,India,2025-10-08,postgresql|docker|rest api,2,2402218
JOB-0801,Data Scientist,HCL,India,2026-03-20,sql|scikit-learn|machine learning|deep learning|data visualization|python|statistics|pandas,2,744938
JOB-0802,Frontend Developer,Uber,India,2025-02-15,tailwind css|typescript|git|react,3,1585461
JOB-0803,Data Scientist,Google,India,2025-07-20,machine learning|sql|statistics|deep learning|scikit-learn|data visualization|python|pandas,7,3294749
JOB-0804,Full Stack Developer,Tech Mahindra,Europe,2025-01-31,css|sql|react|javascript|mongodb,5,129305
JOB-0805,Frontend Developer,Oracle,Europe,2025-06-08,tailwind css|react|html|typescript|javascript,3,51509
JOB-0806,Mobile Developer,Netflix,Global,2025-02-06,git|firebase|rest api|swift|javascript|flutter|react native|kotlin,10,119778
JOB-0807,Data Engineer,Google,Europe,2026-03-03,postgresql|apache spark|hadoop|big data|aws|docker|python,1,140570
JOB-0808,Mobile Developer,Microsoft,US,2025-03-13,flutter|git|react native|rest api|kotlin,2,191026
JOB-0809,Data Engineer,Adobe,Europe,2025-02-23,hadoop|python|apache spark|big data|docker|postgresql|aws|sql,7,103024
JOB-0810,Mobile Developer,Google,India,2026-01-26,javascript|swift|react native|kotlin|flutter|git|firebase,1,2270930
JOB-0811,AI Engineer,TCS,Europe,2025-11-25,generative ai|deep learning|tensorflow|nlp,1,54311
JOB-0812,Software Engineer,Infosys,US,2025-11-07,linux|agile|java|rest api|c++|git|python,2,123171
JOB-0813,Software Engineer,Razorpay,India,2025-11-16,rest api|python|c++|linux|git|agile|java,3,2837699
JOB-0814,Cybersecurity Analyst,Amazon,India,2025-07-03,python|sql|ethical hacking|linux|cybersecurity,7,2365854
JOB-0815,Software Engineer,Amazon,US,2025-10-12,agile|c++|rest api,1,166496
JOB-0816,Mobile Developer,Google,India,2026-01-22,swift|firebase|react native|rest api|javascript|flutter|git,7,1792148
JOB-0817,AI Engineer,Amazon,Europe,2025-09-24,generative ai|deep learning|tensorflow,10,118754
JOB-0818,Full Stack Developer,Zomato,US,2026-01-14,mongodb|react|git|node.js|sql|docker|css|html,2,169750
JOB-0819,Data Engineer,Apple,India,2025-03-21,big data|apache spark|sql,3,901129
JOB-0820,Data Engineer,Amazon,India,2025-02-21,sql|docker|postgresql|big data,2,3863457
JOB-0821,Backend Developer,Amazon,Asia Pacific,2025-11-23,redis|sql|python|node.js|postgresql|docker|git|rest api,7,67588
JOB-0822,Data Engineer,Wipro,US,2025-05-12,docker|apache spark|hadoop|sql,5,192649
JOB-0823,DevOps Engineer,Google,Global,2025-10-03,docker|linux|aws|python|terraform|kubernetes|git,1,106361
JOB-0824,AI Engineer,HCL,India,2025-04-25,computer vision|tensorflow|generative ai|pytorch,3,3771553
JOB-0825,Cloud Architect,HCL,US,2025-07-18,azure|kubernetes|docker|linux|networking|terraform|aws,2,97007
JOB-0826,AI Engineer,Apple,India,2025-09-15,nlp|huggingface|pytorch|generative ai|python,1,1608507
JOB-0827,Frontend Developer,Oracle,Europe,2025-11-03,git|html|next.js|tailwind css,3,64746
JOB-0828,Full Stack Developer,Zomato,Europe,2025-03-12,git|css|docker,10,104290
JOB-0829,Cloud Architect,Zomato,Europe,2025-03-21,aws|azure|terraform|linux|kubernetes|networking|gcp|docker,5,132016
JOB-0830,Backend Developer,HCL,Europe,2025-10-10,docker|git|sql,2,129360
JOB-0831,Data Analyst,Apple,Europe,2025-10-01,statistics|pandas|data analysis,5,122728
JOB-0832,DevOps Engineer,Wipro,India,2025-06-27,linux|terraform|aws|python|ci/cd|kubernetes|docker,3,966590
JOB-0833,Full Stack Developer,HCL,India,2025-08-23,html|react|javascript|sql|node.js|mongodb|css,10,1796688
JOB-0834,Mobile Developer,Swiggy,Asia Pacific,2025-09-18,flutter|firebase|swift|javascript|rest api|git,7,94711
JOB-0835,Data Analyst,Salesforce,Global,2025-02-08,pandas|data analysis|excel|statistics|python,7,149981
JOB-0836,DevOps Engineer,Salesforce,US,2026-02-11,aws|git|python|linux|ci/cd,2,70694
JOB-0837,Data Engineer,Uber,US,2025-04-10,big data|aws|apache spark,7,97818
JOB-0838,Mobile Developer,Google,Europe,2025-09-17,flutter|firebase|swift|react native|kotlin|rest api|git,7,69159
JOB-0839,Backend Developer,Uber,India,2025-09-19,redis|git|python,5,1589516
JOB-0840,Data Engineer,PhonePe,Asia Pacific,2026-03-03,aws|big data|python|apache spark,2,108684
JOB-0841,Cloud Architect,Amazon,India,2025-08-16,terraform|aws|docker|networking|azure,2,3613435
JOB-0842,Software Engineer,Tech Mahindra,Europe,2025-05-27,java|git|agile|rest api|linux,7,136105
JOB-0843,Software Engineer,Oracle,Europe,2025-01-05,java|python|git|rest api|sql|agile|c++,3,87763
JOB-0844,QA Engineer,HCL,India,2025-07-25,git|python|sql|agile|javascript,1,808150
JOB-0845,AI Engineer,Microsoft,US,2025-11-29,pytorch|tensorflow|generative ai|huggingface|python,10,91468
JOB-0846,Full Stack Developer,Netflix,US,2025-07-28,html|react|javascript|git|mongodb|css|sql|docker|node.js,0,142577
JOB-0847,Full Stack Developer,Adobe,Europe,2025-09-27,css|sql|docker|javascript|mongodb|node.js,5,120515
JOB-0848,Data Scientist,Tech Mahindra,Europe,2025-09-06,sql|statistics|data visualization|machine learning|scikit-learn|deep learning,5,149644
JOB-0849,Data Analyst,Salesforce,Asia Pacific,2025-04-26,python|data analysis|pandas|sql|tableau|power bi|excel,2,48625
JOB-0850,DevOps Engineer,Adobe,India,2025-10-30,aws|kubernetes|linux|git|docker|python|ci/cd|terraform,0,1949282
JOB-0851,ML Engineer,Apple,Asia Pacific,2025-06-12,mlops|docker|deep learning|python|tensorflow|aws|machine learning,2,45782
JOB-0852,Full Stack Developer,Swiggy,India,2025-09-14,git|css|docker|react|mongodb,1,3042547
JOB-0853,Cybersecurity Analyst,TCS,Asia Pacific,2025-11-09,ethical hacking|networking|linux|python|cybersecurity|sql,10,88068
JOB-0854,Data Engineer,PhonePe,India,2025-12-23,python|big data|aws|apache spark|postgresql|sql,2,2463032
JOB-0855,ML Engineer,Salesforce,US,2025-02-25,docker|aws|pytorch|mlops|python|machine learning|tensorflow,3,83418
JOB-0856,Data Scientist,Uber,US,2025-03-12,machine learning|python|scikit-learn|deep learning,3,73883
JOB-0857,Data Analyst,Netflix,India,2025-04-24,power bi|python|statistics|excel|sql|tableau,7,2565629
JOB-0858,Product Manager,Zomato,US,2025-10-18,agile|sql|jira|data analysis,7,74023
JOB-0859,ML Engineer,Netflix,India,2025-10-28,pytorch|aws|tensorflow|deep learning|mlops|machine learning,3,3098002
JOB-0860,Data Scientist,Tech Mahindra,US,2025-11-29,scikit-learn|statistics|pandas,10,136267
JOB-0861,AI Engineer,Salesforce,India,2025-05-07,generative ai|pytorch|tensorflow,7,2170497
JOB-0862,Data Engineer,Salesforce,US,2026-02-10,big data|postgresql|aws|apache spark|sql|docker,7,115783
JOB-0863,QA Engineer,Swiggy,Asia Pacific,2026-02-04,postman|git|python|agile|javascript,1,110461
JOB-0864,Data Analyst,Amazon,US,2025-02-04,python|pandas|excel|power bi|sql|data analysis,2,106659
JOB-0865,Software Engineer,Adobe,Europe,2025-11-29,linux|java|sql|rest api|agile|git,7,98591
JOB-0866,Full Stack Developer,Flipkart,US,2025-09-14,css|sql|mongodb|node.js|react|html|git|docker|javascript,2,162508
JOB-0867,Software Engineer,Infosys,Europe,2026-02-20,java|git|linux|agile|python|c++|rest api|sql,5,67140
JOB-0868,Software Engineer,Oracle,Asia Pacific,2025-07-16,java|git|agile|c++|python|linux|rest api,3,117518
JOB-0869,DevOps Engineer,Netflix,US,2025-04-15,ci/cd|aws|kubernetes,5,152413
JOB-0870,ML Engineer,Microsoft,Global,2026-01-26,python|tensorflow|pytorch|machine learning,7,77073
JOB-0871,DevOps Engineer,Flipkart,India,2025-07-18,kubernetes|aws|docker|terraform|python|git,5,2668444
JOB-0872,Data Engineer,Adobe,Asia Pacific,2025-08-10,hadoop|python|postgresql|sql|big data,2,47548
JOB-0873,Data Analyst,HCL,Europe,2026-03-14,pandas|sql|python|power bi|data analysis|statistics|excel,7,122894
JOB-0874,Data Engineer,Wipro,Asia Pacific,2025-02-10,big data|python|postgresql|sql|apache spark|hadoop|aws|docker,1,109506
JOB-0875,Frontend Developer,Salesforce,India,2025-06-07,css|next.js|tailwind css|git,0,2508151
JOB-0876,Frontend Developer,Swiggy,India,2025-10-14,html|git|typescript|next.js|css,3,2896482
JOB-0877,DevOps Engineer,Wipro,US,2025-01-31,git|docker|aws|terraform|python|ci/cd|linux|kubernetes,7,90895
JOB-0878,Data Engineer,HCL,India,2026-03-06,python|sql|apache spark|big data,3,2987819
JOB-0879,AI Engineer,Zomato,Europe,2025-12-10,tensorflow|huggingface|generative ai|pytorch|python|computer vision|nlp|deep learning,5,99177
JOB-0880,Cybersecurity Analyst,Google,India,2025-10-30,ethical hacking|networking|sql|python|cybersecurity,1,2140856
JOB-0881,Data Analyst,Razorpay,Europe,2025-04-02,statistics|pandas|python,2,86163
JOB-0882,Product Manager,PhonePe,India,2026-03-16,excel|agile|jira,3,2049299
JOB-0883,Data Scientist,Flipkart,US,2025-10-09,data visualization|pandas|sql|deep learning,10,144510
JOB-0884,Data Analyst,Uber,Europe,2025-04-24,tableau|python|statistics|data analysis|pandas|excel,1,107417
JOB-0885,Full Stack Developer,Swiggy,US,2025-09-11,docker|javascript|git|sql|mongodb|html|node.js,2,86059
JOB-0886,Software Engineer,Oracle,Asia Pacific,2025-09-07,rest api|java|agile|git|sql|c++,1,110649
JOB-0887,AI Engineer,Salesforce,US,2025-01-16,pytorch|tensorflow|huggingface|generative ai|computer vision|python|deep learning|nlp,1,141240
JOB-0888,Full Stack Developer,Netflix,India,2026-01-08,docker|css|react|node.js|html|git|sql,0,1317884
JOB-0889,Data Scientist,HCL,US,2025-01-05,machine learning|scikit-learn|python|sql|deep learning|data visualization|pandas|statistics,3,82380
JOB-0890,AI Engineer,Netflix,India,2025-08-22,computer vision|generative ai|huggingface|pytorch|python|tensorflow|deep learning,2,655486
JOB-0891,Mobile Developer,PhonePe,India,2025-11-03,kotlin|swift|rest api|git,2,3988449
JOB-0892,Mobile Developer,Zomato,Europe,2025-06-30,flutter|rest api|react native|javascript|firebase,0,58245
JOB-0893,ML Engineer,Amazon,Global,2025-11-17,python|docker|mlops|pytorch|deep learning|aws,2,171784
JOB-0894,Cloud Architect,Google,Europe,2025-12-07,azure|docker|terraform,2,125145
JOB-0895,Software Engineer,Infosys,India,2026-03-21,c++|linux|git|rest api,1,1679229
JOB-0896,Full Stack Developer,Netflix,Europe,2025-07-24,sql|react|javascript|html|mongodb|css|node.js,2,133108
JOB-0897,Backend Developer,Zomato,US,2025-01-01,docker|rest api|python,5,112235
JOB-0898,Frontend Developer,Netflix,Europe,2025-08-27,css|html|tailwind css|javascript|next.js|git,2,83038
JOB-0899,ML Engineer,Tech Mahindra,Global,2025-12-01,machine learning|aws|python|mlops|pytorch|tensorflow|docker|deep learning,1,60844
JOB-0900,Backend Developer,Apple,India,2025-03-27,git|redis|rest api|postgresql,2,1187069
JOB-0901,Backend Developer,Amazon,India,2026-01-22,python|sql|node.js|rest api|docker,3,1188665
JOB-0902,Software Engineer,Netflix,India,2026-02-28,python|sql|rest api,0,2934930
JOB-0903,DevOps Engineer,Razorpay,India,2025-10-31,python|docker|aws,7,895625
JOB-0904,Frontend Developer,Netflix,India,2025-07-03,next.js|html|css,5,2784847
JOB-0905,Full Stack Developer,Salesforce,Europe,2025-05-05,css|node.js|javascript|docker|mongodb|git,7,143948
JOB-0906,AI Engineer,Amazon,Global,2025-02-23,computer vision|nlp|tensorflow|huggingface,1,171173
JOB-0907,Cybersecurity Analyst,Google,India,2025-10-21,cybersecurity|networking|python|ethical hacking|sql,2,3052858
JOB-0908,Data Engineer,Salesforce,Global,2025-09-09,aws|postgresql|docker|hadoop|sql,1,134787
JOB-0909,Product Manager,Wipro,US,2026-02-25,jira|sql|agile|data analysis,10,91143
JOB-0910,Frontend Developer,Wipro,US,2025-03-03,css|html|react|javascript|next.js|git|typescript|tailwind css,3,173100
JOB-0911,Cloud Architect,Flipkart,India,2025-12-07,aws|networking|terraform,7,1884468
JOB-0912,QA Engineer,TCS,India,2025-11-23,python|agile|sql|javascript,3,2516489
JOB-0913,Cybersecurity Analyst,TCS,India,2025-02-10,sql|networking|python,1,2874327
JOB-0914,Frontend Developer,Netflix,US,2025-08-01,html|git|typescript|next.js|javascript|tailwind css,1,111542
JOB-0915,Software Engineer,Oracle,Europe,2025-07-04,sql|python|agile|git,3,126695
JOB-0916,Cloud Architect,Adobe,US,2025-02-14,kubernetes|gcp|terraform|azure|networking,0,87771
JOB-0917,DevOps Engineer,Swiggy,India,2025-01-19,terraform|ci/cd|kubernetes|python|git,2,3580858
JOB-0918,QA Engineer,Apple,US,2025-06-19,sql|python|postman|javascript|agile,1,111628
JOB-0919,DevOps Engineer,Apple,India,2025-02-07,kubernetes|python|ci/cd|terraform|git,1,2890394
JOB-0920,Frontend Developer,Wipro,US,2025-07-27,git|javascript|react,1,157493
JOB-0921,Frontend Developer,Wipro,India,2025-01-05,tailwind css|react|css|next.js|html|typescript|javascript,10,1167327
JOB-0922,Product Manager,Swiggy,US,2025-05-08,sql|agile|excel|jira|data analysis,5,106157
JOB-0923,Data Engineer,HCL,US,2025-08-22,apache spark|aws|sql|postgresql|big data|python|docker,1,151614
JOB-0924,QA Engineer,Adobe,US,2026-03-16,postman|git|agile|sql|javascript|python,5,150903
JOB-0925,Data Engineer,Wipro,India,2025-09-27,python|sql|hadoop|big data|apache spark,0,2329504
JOB-0926,Cybersecurity Analyst,Oracle,India,2025-08-20,linux|python|cybersecurity|sql|networking,1,2043828
JOB-0927,Data Engineer,Swiggy,India,2025-01-09,sql|docker|python|big data|postgresql|hadoop,10,1191309
JOB-0928,Frontend Developer,Oracle,Europe,2026-02-28,git|next.js|react|css|javascript|html|tailwind css,3,56487
JOB-0929,DevOps Engineer,Google,India,2025-11-03,docker|git|linux|aws|ci/cd|terraform|kubernetes|python,1,2362204
JOB-0930,Cybersecurity Analyst,Uber,India,2025-06-27,sql|linux|cybersecurity|python|ethical hacking,2,2523921
JOB-0931,QA Engineer,Apple,India,2025-11-28,python|postman|sql|javascript,0,1789353
JOB-0932,Data Analyst,Meta,India,2025-05-29,python|power bi|data analysis,1,1973368
JOB-0933,Cybersecurity Analyst,Zomato,Asia Pacific,2025-03-25,linux|networking|ethical hacking|sql,7,43869
JOB-0934,Cloud Architect,Infosys,India,2025-02-21,azure|aws|gcp|terraform|networking|kubernetes|docker|linux,2,1527724
JOB-0935,Software Engineer,PhonePe,US,2025-01-15,linux|java|agile|python,10,152238
JOB-0936,Data Analyst,Oracle,US,2025-05-15,pandas|sql|statistics|excel|data analysis|tableau|power bi,2,93259
JOB-0937,Full Stack Developer,Meta,India,2025-07-14,git|mongodb|javascript|sql,1,684179
JOB-0938,Data Scientist,Adobe,India,2025-04-10,data visualization|sql|pandas,7,1079490
JOB-0939,ML Engineer,TCS,US,2025-06-08,machine learning|aws|tensorflow|python|docker|mlops|pytorch,3,134912
JOB-0940,ML Engineer,PhonePe,US,2026-02-19,deep learning|pytorch|mlops|python,1,162026
JOB-0941,Data Analyst,Tech Mahindra,Asia Pacific,2025-02-16,statistics|power bi|pandas|excel|data analysis|python|sql,10,45703
JOB-0942,AI Engineer,PhonePe,US,2025-09-10,pytorch|deep learning|tensorflow,7,138147
JOB-0943,Data Engineer,Infosys,US,2025-09-03,hadoop|postgresql|apache spark|sql,7,114159
JOB-0944,AI Engineer,PhonePe,Asia Pacific,2025-03-31,deep learning|nlp|tensorflow|python|computer vision,2,45239
JOB-0945,DevOps Engineer,Google,Europe,2025-05-20,docker|terraform|ci/cd|git|kubernetes|python|linux,2,64497
JOB-0946,Frontend Developer,Oracle,India,2025-05-24,css|javascript|git|next.js,3,2222964
JOB-0947,Cloud Architect,Zomato,US,2025-06-15,aws|kubernetes|terraform|docker|gcp|azure|networking,3,152094
JOB-0948,Data Scientist,Amazon,India,2025-01-31,machine learning|statistics|data visualization|deep learning,10,2543571
JOB-0949,Mobile Developer,Flipkart,Asia Pacific,2026-02-05,firebase|kotlin|javascript|rest api|git|react native|flutter|swift,1,44646
JOB-0950,Cybersecurity Analyst,Tech Mahindra,Europe,2026-01-31,sql|cybersecurity|ethical hacking|networking,10,98217
JOB-0951,Cybersecurity Analyst,Wipro,US,2025-08-15,ethical hacking|linux|sql,1,133589
JOB-0952,Full Stack Developer,Razorpay,US,2025-04-01,javascript|mongodb|git|sql|react|html|node.js|docker|css,2,136095
JOB-0953,AI Engineer,Adobe,Asia Pacific,2025-02-02,nlp|deep learning|tensorflow|huggingface|python|generative ai,5,57300
JOB-0954,Cybersecurity Analyst,Google,Global,2025-06-21,python|sql|networking|ethical hacking|cybersecurity|linux,1,165594
JOB-0955,Cloud Architect,Tech Mahindra,India,2026-03-24,kubernetes|gcp|linux|azure|docker|terraform,3,2034636
JOB-0956,Cybersecurity Analyst,Amazon,US,2025-09-11,python|sql|cybersecurity|linux|ethical hacking,1,115987
JOB-0957,ML Engineer,PhonePe,Europe,2025-06-21,aws|pytorch|machine learning|deep learning|tensorflow|python|docker,1,113042
JOB-0958,Cloud Architect,Netflix,Europe,2025-08-10,networking|kubernetes|gcp|azure|linux|aws|docker,5,132324
JOB-0959,Data Engineer,Zomato,US,2025-02-16,python|sql|docker|aws|hadoop|apache spark|postgresql,2,187556
JOB-0960,Backend Developer,HCL,India,2025-09-27,sql|python|git|rest api|postgresql|docker,2,3401516
JOB-0961,QA Engineer,Wipro,India,2025-04-16,agile|python|javascript|postman|sql,0,3845583
JOB-0962,Full Stack Developer,Oracle,India,2025-04-30,html|node.js|docker|css,2,2690923
JOB-0963,Cybersecurity Analyst,Infosys,Global,2025-04-20,sql|linux|networking|cybersecurity|ethical hacking|python,1,127007
JOB-0964,DevOps Engineer,Zomato,India,2025-10-16,kubernetes|docker|terraform,10,2163159
JOB-0965,Cloud Architect,Wipro,Europe,2025-10-21,docker|linux|aws|azure,2,61698
JOB-0966,Mobile Developer,TCS,US,2026-01-18,react native|kotlin|swift|flutter|firebase|javascript|rest api,2,178336
JOB-0967,Data Engineer,Microsoft,US,2025-05-05,python|big data|docker,2,172653
JOB-0968,Backend Developer,Tech Mahindra,Global,2025-12-08,docker|sql|rest api|node.js|postgresql|git|python,2,83910
JOB-0969,QA Engineer,Zomato,US,2025-09-08,python|git|sql|agile,2,117700
JOB-0970,ML Engineer,Salesforce,Global,2025-11-29,tensorflow|python|docker|mlops|deep learning|pytorch,5,71818
JOB-0971,QA Engineer,Swiggy,Asia Pacific,2025-04-19,sql|postman|javascript|git,2,74831
JOB-0972,Cloud Architect,TCS,India,2025-08-05,aws|kubernetes|linux|gcp|azure|terraform,2,3533279
JOB-0973,Frontend Developer,HCL,US,2025-07-19,html|tailwind css|react|git|css|typescript|next.js|javascript,5,180205
JOB-0974,Frontend Developer,Salesforce,US,2026-01-14,next.js|html|git|react|javascript|css|typescript|tailwind css,1,161393
JOB-0975,Cloud Architect,Zomato,Asia Pacific,2025-05-08,azure|gcp|terraform|docker|kubernetes|networking|aws|linux,3,82923
JOB-0976,QA Engineer,Apple,Europe,2025-06-15,agile|postman|git|sql|javascript,2,135782
JOB-0977,Mobile Developer,Razorpay,US,2025-04-13,react native|flutter|kotlin|javascript,2,133079
JOB-0978,Cybersecurity Analyst,PhonePe,Global,2025-11-09,cybersecurity|networking|python|linux|ethical hacking,10,179156
JOB-0979,Cybersecurity Analyst,Oracle,India,2025-11-14,python|linux|sql,7,2566677
JOB-0980,Data Scientist,Tech Mahindra,Asia Pacific,2025-09-09,data visualization|scikit-learn|pandas|deep learning|statistics,3,107696
JOB-0981,DevOps Engineer,Netflix,US,2025-12-29,kubernetes|aws|terraform,2,191323
JOB-0982,Full Stack Developer,Swiggy,US,2026-02-16,git|mongodb|css|html|sql|node.js|react,10,191266
JOB-0983,Data Scientist,Uber,US,2026-02-17,python|machine learning|sql|scikit-learn|data visualization,1,129316
JOB-0984,Software Engineer,Wipro,India,2025-02-27,agile|c++|linux|python|git|sql|rest api,3,1251809
JOB-0985,Software Engineer,Oracle,India,2025-03-10,java|sql|git,0,2865356
JOB-0986,Full Stack Developer,TCS,Asia Pacific,2025-04-20,javascript|git|html|sql|css,1,56979
JOB-0987,Mobile Developer,Microsoft,US,2025-06-15,kotlin|react native|rest api|firebase|flutter|swift|javascript|git,7,150402
JOB-0988,Frontend Developer,Tech Mahindra,Europe,2025-09-03,git|html|next.js,10,131556
JOB-0989,Data Scientist,Netflix,US,2025-11-06,python|sql|deep learning|machine learning,2,136697
JOB-0990,Mobile Developer,Salesforce,Asia Pacific,2025-06-17,git|kotlin|flutter,5,104471
JOB-0991,Cybersecurity Analyst,Netflix,US,2025-11-22,networking|cybersecurity|linux|python,7,91256
JOB-0992,Software Engineer,Apple,India,2026-01-06,rest api|java|c++|git,5,1110559
JOB-0993,ML Engineer,Google,US,2026-01-24,machine learning|python|deep learning,2,118791
JOB-0994,Data Scientist,Tech Mahindra,Europe,2025-04-21,statistics|machine learning|data visualization|sql|deep learning|scikit-learn|pandas,5,146707
JOB-0995,Full Stack Developer,Amazon,India,2025-05-31,sql|node.js|css|docker|mongodb|html|javascript|git,2,3205676
JOB-0996,Data Scientist,Razorpay,US,2025-04-22,python|machine learning|scikit-learn,7,77470
JOB-0997,Product Manager,Uber,Asia Pacific,2025-06-09,agile|jira|sql,5,76282
JOB-0998,DevOps Engineer,Oracle,India,2025-03-09,docker|aws|ci/cd|kubernetes|python|terraform|git,5,2594848
JOB-0999,DevOps Engineer,Salesforce,Europe,2025-01-27,aws|git|docker|ci/cd,5,99684
JOB-1000,ML Engineer,Wipro,India,2025-12-27,mlops|deep learning|tensorflow|docker|python|aws|machine learning,1,1584131
JOB-1001,Mobile Developer,Tech Mahindra,India,2025-08-05,git|react native|rest api,2,3242194
JOB-1002,Software Engineer,Amazon,Asia Pacific,2026-01-14,rest api|java|c++|sql|linux,0,41924
JOB-1003,Product Manager,Flipkart,US,2025-01-20,jira|agile|data analysis|sql|excel,3,158495
JOB-1004,ML Engineer,Google,India,2025-12-27,tensorflow|pytorch|deep learning|docker|aws|mlops|python|machine learning,2,826884
JOB-1005,Software Engineer,PhonePe,US,2026-03-23,linux|git|agile|rest api|c++|python,5,187935
JOB-1006,Software Engineer,Tech Mahindra,Global,2025-10-19,sql|rest api|java|git|python|c++|linux|agile,5,102802
JOB-1007,ML Engineer,Amazon,US,2025-11-21,aws|machine learning|tensorflow|docker,3,97621
JOB-1008,ML Engineer,TCS,Asia Pacific,2025-04-19,mlops|aws|pytorch|python|tensorflow|deep learning,7,96227
JOB-1009,ML Engineer,Flipkart,US,2025-03-11,docker|pytorch|tensorflow|mlops|machine learning|aws,1,141835
JOB-1010,ML Engineer,Tech Mahindra,Europe,2026-02-28,pytorch|docker|machine learning|python|aws|mlops|deep learning|tensorflow,5,97445
JOB-1011,Full Stack Developer,Zomato,Global,2026-03-20,react|mongodb|git|sql|node.js|javascript|css,2,74686
JOB-1012,QA Engineer,Adobe,Europe,2025-02-07,git|agile|javascript|postman|python,5,129062
JOB-1013,Mobile Developer,Amazon,India,2025-04-30,flutter|firebase|swift,5,1437529
JOB-1014,DevOps Engineer,Netflix,India,2025-12-23,aws|ci/cd|terraform,7,2875877
JOB-1015,Product Manager,Netflix,Asia Pacific,2025-02-05,data analysis|agile|sql,5,59171
JOB-1016,Data Engineer,Zomato,US,2026-02-21,apache spark|sql|hadoop|aws|python|docker|big data,3,178261
JOB-1017,Cybersecurity Analyst,Meta,India,2026-02-21,python|networking|cybersecurity|sql|linux,5,1837087
JOB-1018,Data Scientist,Razorpay,Asia Pacific,2025-09-20,scikit-learn|machine learning|deep learning|python|sql,3,114420
JOB-1019,QA Engineer,Uber,Global,2026-03-05,python|agile|git|sql|javascript,10,107153
JOB-1020,ML Engineer,Uber,Global,2025-04-25,tensorflow|machine learning|aws|pytorch,2,132104
JOB-1021,Data Engineer,TCS,India,2025-04-20,postgresql|sql|docker|big data|python,10,1380975
JOB-1022,Frontend Developer,Google,India,2025-09-03,next.js|css|typescript|tailwind css|javascript,7,2835208
JOB-1023,Cybersecurity Analyst,Wipro,Europe,2025-10-25,sql|python|ethical hacking|networking|cybersecurity,2,125287
JOB-1024,ML Engineer,Salesforce,US,2026-02-02,docker|pytorch|python|deep learning|aws|tensorflow|machine learning,3,170871
JOB-1025,Cybersecurity Analyst,Flipkart,Europe,2025-07-29,networking|ethical hacking|sql,5,97606
JOB-1026,DevOps Engineer,Infosys,Asia Pacific,2025-07-19,aws|linux|terraform|docker|python,5,48888
JOB-1027,Full Stack Developer,Infosys,India,2026-02-15,html|docker|git|css|react|node.js|mongodb|sql,0,1986395
JOB-1028,QA Engineer,Tech Mahindra,India,2025-12-16,javascript|sql|agile|postman,0,3148965
JOB-1029,Full Stack Developer,Oracle,Europe,2025-05-15,sql|git|javascript|docker|html|mongodb|css,3,97046
JOB-1030,Software Engineer,Swiggy,Global,2025-11-12,c++|agile|python|linux|rest api,1,95499
JOB-1031,Data Analyst,Flipkart,Global,2026-01-03,sql|excel|statistics|python|pandas|power bi|tableau,1,89023
JOB-1032,Data Scientist,Zomato,India,2026-01-17,deep learning|sql|machine learning|data visualization|python|pandas,2,2856397
JOB-1033,Frontend Developer,Wipro,US,2025-05-30,tailwind css|html|javascript|react|next.js,2,179588
JOB-1034,Software Engineer,Salesforce,Europe,2026-02-09,git|c++|agile|linux|java|rest api,10,123757
JOB-1035,Frontend Developer,Apple,US,2025-01-23,next.js|git|html|react|css|javascript|tailwind css|typescript,10,85748
JOB-1036,ML Engineer,Google,India,2025-10-28,mlops|pytorch|docker|python,0,3634454
JOB-1037,Product Manager,Infosys,US,2025-11-05,sql|agile|data analysis|excel|jira,1,157340
JOB-1038,Mobile Developer,Apple,US,2025-12-24,swift|rest api|kotlin|flutter,10,177089
JOB-1039,Product Manager,Razorpay,US,2026-01-01,data analysis|jira|excel|agile,0,70868
JOB-1040,Mobile Developer,Swiggy,India,2025-03-23,firebase|git|rest api,3,3586977
JOB-1041,Product Manager,Oracle,India,2026-03-04,excel|jira|agile|sql|data analysis,3,3709723
JOB-1042,Cybersecurity Analyst,Microsoft,Global,2025-02-26,sql|linux|ethical hacking|cybersecurity,2,123802
JOB-1043,ML Engineer,Flipkart,US,2025-09-12,machine learning|python|docker,3,130635
JOB-1044,Data Scientist,Apple,India,2025-03-27,statistics|deep learning|scikit-learn|data visualization,3,2360177
JOB-1045,Data Scientist,Apple,Asia Pacific,2026-03-02,sql|pandas|deep learning|python|scikit-learn|statistics,0,96531
JOB-1046,QA Engineer,Razorpay,US,2026-03-22,agile|sql|git|python|javascript,3,71379
JOB-1047,Mobile Developer,PhonePe,US,2025-01-11,firebase|rest api|react native|javascript,0,116365
JOB-1048,AI Engineer,Netflix,US,2025-10-24,python|computer vision|nlp|huggingface|tensorflow,2,193971
JOB-1049,Cloud Architect,Swiggy,US,2025-06-17,terraform|docker|linux|gcp|kubernetes|aws|azure|networking,0,133865
JOB-1050,AI Engineer,Flipkart,India,2025-01-09,generative ai|computer vision|python|nlp|deep learning|tensorflow,7,2741572
JOB-1051,Frontend Developer,Adobe,India,2025-06-16,react|next.js|html|css,10,1651674
JOB-1052,Software Engineer,Apple,Europe,2026-02-26,linux|agile|c++|java,10,88575
JOB-1053,Backend Developer,Amazon,US,2025-10-02,rest api|node.js|redis|postgresql|sql|python|docker|git,7,100482
JOB-1054,Data Scientist,PhonePe,India,2025-02-14,python|pandas|data visualization|machine learning,5,1212529
JOB-1055,Cloud Architect,Uber,Europe,2026-03-26,networking|aws|docker|gcp|kubernetes|azure,3,117612
JOB-1056,Backend Developer,Apple,India,2026-01-27,postgresql|python|git|sql|redis|rest api,10,1708731
JOB-1057,ML Engineer,Microsoft,India,2025-03-14,docker|pytorch|machine learning|mlops,0,2588813
JOB-1058,Cybersecurity Analyst,Google,Europe,2025-04-03,networking|python|cybersecurity|sql|ethical hacking,2,54889
JOB-1059,Frontend Developer,Microsoft,Global,2026-02-18,html|tailwind css|git|javascript|typescript,0,107619
JOB-1060,ML Engineer,Salesforce,US,2025-06-24,tensorflow|docker|pytorch|aws|deep learning,7,128798
JOB-1061,Backend Developer,Amazon,Global,2025-06-13,node.js|docker|git|postgresql|rest api,3,81740
JOB-1062,Product Manager,Razorpay,US,2025-01-10,jira|data analysis|agile,2,86101
JOB-1063,AI Engineer,Swiggy,US,2025-01-06,tensorflow|pytorch|deep learning|generative ai|python|huggingface|computer vision,3,146060
JOB-1064,Backend Developer,Wipro,India,2026-01-13,docker|redis|sql|rest api|postgresql|node.js,3,1576446
JOB-1065,Product Manager,Apple,Europe,2025-01-18,sql|excel|jira|agile|data analysis,3,55506
JOB-1066,Cloud Architect,TCS,India,2025-06-21,docker|terraform|gcp,3,2546788
JOB-1067,Data Scientist,Amazon,Europe,2025-07-15,data visualization|scikit-learn|deep learning|statistics|python|machine learning|sql|pandas,10,139012
JOB-1068,DevOps Engineer,HCL,Global,2025-02-10,kubernetes|docker|git|linux,5,52631
JOB-1069,Mobile Developer,Microsoft,India,2025-04-30,javascript|firebase|react native|kotlin|flutter,10,642192
JOB-1070,Data Analyst,Oracle,Global,2025-12-14,python|data analysis|statistics|excel,2,143176
JOB-1071,Data Engineer,Microsoft,India,2025-09-22,sql|apache spark|aws|big data|python|postgresql|docker|hadoop,1,3491838
JOB-1072,Software Engineer,Zomato,Europe,2025-06-01,c++|git|agile|rest api|sql|python,2,71494
JOB-1073,Data Engineer,Meta,India,2025-02-26,aws|python|big data|hadoop|apache spark|sql,5,2775190
JOB-1074,Data Analyst,Amazon,US,2025-12-28,sql|excel|power bi|data analysis|pandas|python,3,88414
JOB-1075,Frontend Developer,Adobe,US,2025-06-21,html|tailwind css|typescript,1,112261
JOB-1076,Product Manager,Swiggy,Asia Pacific,2025-03-27,data analysis|agile|jira|excel|sql,1,43646
JOB-1077,Software Engineer,Uber,India,2025-07-02,c++|git|linux|rest api|agile,3,2964043
JOB-1078,QA Engineer,PhonePe,US,2026-02-02,javascript|sql|postman|python,10,89455
JOB-1079,Frontend Developer,Infosys,India,2025-05-22,javascript|react|html|css|tailwind css|typescript|next.js,3,1432441
JOB-1080,ML Engineer,TCS,India,2025-07-13,mlops|docker|deep learning|machine learning|tensorflow|python,3,727319
JOB-1081,Software Engineer,Wipro,US,2025-05-07,linux|python|sql|rest api|java|agile|c++|git,2,126879
JOB-1082,Data Engineer,Razorpay,India,2025-10-01,docker|apache spark|python|big data|aws,7,2821849
JOB-1083,Data Engineer,Meta,US,2025-11-03,postgresql|hadoop|docker|big data|apache spark|python,1,190179
JOB-1084,Frontend Developer,Uber,India,2025-06-07,next.js|typescript|html,2,2066737
JOB-1085,Data Engineer,Uber,US,2025-09-10,aws|python|docker,5,173976
JOB-1086,Frontend Developer,Razorpay,US,2025-12-25,git|tailwind css|html|typescript,5,115612
JOB-1087,Cybersecurity Analyst,Oracle,India,2026-02-08,cybersecurity|linux|sql|networking|python,2,2993905
JOB-1088,QA Engineer,Adobe,India,2025-12-06,python|git|javascript|sql,1,3608808
JOB-1089,Data Engineer,Salesforce,US,2025-05-14,apache spark|postgresql|aws|python,1,108886
JOB-1090,Product Manager,Apple,India,2025-07-21,jira|agile|excel|sql|data analysis,2,996904
JOB-1091,Frontend Developer,Microsoft,US,2025-09-02,javascript|react|tailwind css|typescript|css|html|git|next.js,10,91173
JOB-1092,ML Engineer,Netflix,India,2025-06-24,pytorch|tensorflow|mlops|machine learning|deep learning|python|docker|aws,7,3593518
JOB-1093,Cybersecurity Analyst,Uber,Asia Pacific,2026-02-12,linux|sql|python,2,118118
JOB-1094,Frontend Developer,Salesforce,India,2025-01-14,css|next.js|typescript|react|javascript,0,1689067
JOB-1095,Data Analyst,Flipkart,Europe,2025-10-29,power bi|data analysis|pandas|sql|tableau,1,107737
JOB-1096,Cloud Architect,Infosys,Global,2025-11-24,azure|terraform|docker|networking,2,150757
JOB-1097,Data Engineer,Uber,Global,2025-09-15,docker|big data|aws|apache spark|hadoop|sql|python,5,105904
JOB-1098,Data Engineer,Wipro,US,2025-03-22,aws|postgresql|hadoop|big data|sql|docker,1,180893
JOB-1099,ML Engineer,Infosys,Europe,2025-01-04,machine learning|docker|aws,3,83043
JOB-1100,Data Scientist,Swiggy,India,2025-11-06,pandas|data visualization|deep learning|machine learning,1,1185009
JOB-1101,QA Engineer,Swiggy,Europe,2025-08-02,agile|python|sql|javascript|postman|git,10,104774
JOB-1102,Backend Developer,TCS,India,2025-12-08,rest api|python|docker|sql|node.js,10,2537326
JOB-1103,AI Engineer,Netflix,US,2025-01-24,pytorch|computer vision|nlp|deep learning|python|huggingface|generative ai|tensorflow,5,119616
JOB-1104,DevOps Engineer,Oracle,India,2025-12-30,git|ci/cd|kubernetes,2,1086160
JOB-1105,Frontend Developer,Uber,US,2025-01-23,tailwind css|next.js|html|react,3,70022
JOB-1106,ML Engineer,Microsoft,India,2025-03-22,aws|pytorch|tensorflow|machine learning|python|mlops|docker,1,636080
JOB-1107,Full Stack Developer,Wipro,India,2025-01-02,docker|javascript|sql,2,1426395
JOB-1108,Data Scientist,HCL,US,2025-02-10,data visualization|statistics|sql|machine learning|scikit-learn|python,0,194422
JOB-1109,Full Stack Developer,Wipro,Global,2025-06-21,html|git|javascript|mongodb|node.js|react|docker,3,138771
JOB-1110,DevOps Engineer,PhonePe,US,2026-03-08,terraform|docker|aws|kubernetes|git|ci/cd,7,145976
JOB-1111,Frontend Developer,Infosys,Asia Pacific,2025-03-24,typescript|react|tailwind css|git|css|javascript|next.js|html,7,92799
JOB-1112,Data Analyst,Microsoft,India,2025-07-17,power bi|sql|data analysis|pandas|python|tableau|excel|statistics,2,3465255
JOB-1113,Data Scientist,Adobe,US,2025-12-30,python|machine learning|deep learning,1,180399
JOB-1114,Data Analyst,Swiggy,US,2026-01-03,statistics|data analysis|sql,5,152516
JOB-1115,DevOps Engineer,Adobe,Europe,2025-10-26,terraform|ci/cd|docker|git|kubernetes,5,106488
JOB-1116,DevOps Engineer,PhonePe,India,2026-03-12,linux|docker|aws,3,2513637
JOB-1117,Frontend Developer,Google,Europe,2025-03-20,git|javascript|react|css,3,115308
JOB-1118,Software Engineer,Salesforce,India,2025-04-18,java|python|agile|linux|c++|rest api,10,3823429
JOB-1119,Cybersecurity Analyst,Adobe,India,2025-04-30,python|sql|networking,3,1359774
JOB-1120,Frontend Developer,Adobe,India,2025-06-08,tailwind css|next.js|git,5,3856129
JOB-1121,Software Engineer,Razorpay,US,2025-11-12,agile|python|sql,2,102099
JOB-1122,Software Engineer,Swiggy,Global,2025-11-22,linux|agile|rest api|java|python|git,7,102669
JOB-1123,Mobile Developer,Tech Mahindra,Europe,2026-03-18,firebase|javascript|rest api|git|swift|flutter|react native,7,135504
JOB-1124,AI Engineer,PhonePe,US,2025-01-26,nlp|deep learning|huggingface|computer vision|tensorflow|generative ai,10,175494
JOB-1125,Product Manager,Flipkart,Europe,2025-09-24,data analysis|agile|excel,7,96326
JOB-1126,Cybersecurity Analyst,TCS,Asia Pacific,2025-08-12,sql|python|cybersecurity|ethical hacking|networking,10,69992
JOB-1127,Cybersecurity Analyst,Swiggy,India,2026-01-31,networking|linux|python|ethical hacking,10,1835383
JOB-1128,Cloud Architect,Microsoft,US,2025-09-02,docker|gcp|azure,0,172735
JOB-1129,AI Engineer,Infosys,India,2025-07-12,nlp|python|generative ai,2,1184087
JOB-1130,ML Engineer,PhonePe,India,2025-10-08,python|pytorch|machine learning|deep learning,5,3039077
JOB-1131,Data Analyst,Meta,Global,2025-04-08,tableau|statistics|excel|sql|power bi|pandas|data analysis|python,5,96458
JOB-1132,Data Analyst,Amazon,US,2026-01-09,sql|tableau|python|excel,0,188903
JOB-1133,ML Engineer,Wipro,India,2025-03-19,deep learning|pytorch|aws|mlops|docker|tensorflow|python|machine learning,3,1360416
JOB-1134,QA Engineer,PhonePe,India,2025-10-26,agile|postman|git|python|javascript,0,2718027
JOB-1135,ML Engineer,Tech Mahindra,India,2025-08-21,docker|machine learning|tensorflow|python|mlops,7,3810923
JOB-1136,Backend Developer,Infosys,US,2026-02-06,docker|python|sql|rest api|node.js|redis|postgresql,3,195688
JOB-1137,Cloud Architect,Google,Global,2025-07-04,docker|linux|terraform|kubernetes|networking,3,51659
JOB-1138,Data Scientist,Wipro,India,2025-06-24,sql|machine learning|data visualization|scikit-learn|pandas|python,1,1467481
JOB-1139,Frontend Developer,TCS,India,2025-02-07,git|html|next.js|javascript|typescript,2,2351772
JOB-1140,Mobile Developer,Infosys,India,2025-01-05,rest api|firebase|git|swift|kotlin|javascript,5,3452001
JOB-1141,Cloud Architect,Infosys,US,2025-10-19,aws|kubernetes|linux|docker|gcp|terraform|azure,2,175783
JOB-1142,Mobile Developer,Infosys,India,2025-04-30,javascript|firebase|react native|flutter|swift|rest api|git|kotlin,7,636972
JOB-1143,AI Engineer,Tech Mahindra,US,2025-11-29,deep learning|computer vision|nlp|huggingface|generative ai|python|tensorflow|pytorch,3,87316
JOB-1144,Data Analyst,Wipro,Global,2025-02-23,data analysis|tableau|power bi|python|excel,7,88397
JOB-1145,Cloud Architect,Adobe,India,2025-11-06,linux|networking|kubernetes|gcp|docker,2,2030264
JOB-1146,ML Engineer,Infosys,Europe,2025-06-20,aws|mlops|pytorch|tensorflow|machine learning|deep learning|python,2,72540
JOB-1147,AI Engineer,Adobe,India,2025-07-31,huggingface|python|pytorch|computer vision|deep learning|generative ai|tensorflow,2,3388501
JOB-1148,Mobile Developer,Uber,India,2025-11-06,swift|react native|javascript,3,1404406
JOB-1149,QA Engineer,Uber,India,2025-03-14,sql|javascript|postman|git|agile,1,2913115
JOB-1150,Cybersecurity Analyst,Wipro,US,2025-01-27,sql|ethical hacking|networking|cybersecurity,3,112082
JOB-1151,Cybersecurity Analyst,TCS,Europe,2025-10-21,ethical hacking|linux|sql|cybersecurity|python|networking,2,57188
JOB-1152,ML Engineer,Salesforce,US,2026-02-25,machine learning|mlops|pytorch|python|aws|deep learning,2,158377
JOB-1153,QA Engineer,HCL,India,2025-11-07,git|python|javascript|sql|postman,3,2225306
JOB-1154,Frontend Developer,Razorpay,India,2026-03-06,tailwind css|git|html|typescript,10,1422457
JOB-1155,Full Stack Developer,Swiggy,Global,2026-01-28,javascript|html|sql|docker|node.js|mongodb|react|git|css,10,142643
JOB-1156,Product Manager,Flipkart,Global,2025-02-15,excel|sql|agile|data analysis,7,125846
JOB-1157,Data Scientist,Uber,Europe,2025-10-20,machine learning|scikit-learn|data visualization|deep learning,5,53549
JOB-1158,ML Engineer,Apple,US,2026-03-17,python|mlops|aws,3,122771
JOB-1159,AI Engineer,Salesforce,Global,2025-07-12,computer vision|tensorflow|pytorch|python|nlp|generative ai|huggingface,5,51845
JOB-1160,DevOps Engineer,PhonePe,Europe,2025-12-13,terraform|kubernetes|docker,7,145259
JOB-1161,Data Scientist,Amazon,India,2025-06-16,statistics|sql|data visualization|scikit-learn,3,1970687
JOB-1162,Cloud Architect,Zomato,US,2025-04-11,gcp|terraform|networking|kubernetes|aws|linux|docker,5,108174
JOB-1163,QA Engineer,Flipkart,US,2025-08-09,agile|sql|git,7,78981
JOB-1164,ML Engineer,Salesforce,Global,2026-02-22,pytorch|mlops|deep learning|docker|tensorflow,2,57867
JOB-1165,AI Engineer,Zomato,US,2025-01-10,huggingface|computer vision|python,2,71711
JOB-1166,Full Stack Developer,HCL,US,2025-08-28,mongodb|react|docker,5,87234
JOB-1167,Cybersecurity Analyst,Infosys,Global,2025-10-08,python|cybersecurity|networking,1,160032
JOB-1168,Data Scientist,Wipro,India,2025-05-26,python|scikit-learn|sql|statistics|deep learning|machine learning,7,3001583
JOB-1169,Backend Developer,Razorpay,India,2025-11-07,sql|redis|rest api|git|node.js|postgresql,2,3649216
JOB-1170,Product Manager,Netflix,India,2025-05-27,jira|excel|agile|data analysis|sql,3,1439665
JOB-1171,Mobile Developer,HCL,Global,2025-06-27,rest api|javascript|react native,10,119407
JOB-1172,AI Engineer,Google,India,2025-10-03,python|tensorflow|huggingface|computer vision,1,751744
JOB-1173,Frontend Developer,Infosys,India,2026-01-24,typescript|tailwind css|git|javascript,5,3384012
JOB-1174,Mobile Developer,Oracle,India,2025-06-14,git|rest api|javascript|swift|kotlin|flutter|react native,0,2787602
JOB-1175,Cybersecurity Analyst,Infosys,India,2025-05-29,cybersecurity|linux|ethical hacking,1,3570063
JOB-1176,Product Manager,Zomato,US,2025-03-26,data analysis|sql|jira,1,86575
JOB-1177,ML Engineer,Infosys,US,2025-02-06,pytorch|mlops|python,5,113381
JOB-1178,QA Engineer,Razorpay,Asia Pacific,2025-06-25,agile|sql|javascript|python,3,109537
JOB-1179,ML Engineer,HCL,Europe,2026-02-13,aws|pytorch|deep learning|tensorflow|python|docker|mlops|machine learning,3,122597
JOB-1180,Data Analyst,Apple,Europe,2025-05-09,tableau|excel|statistics|data analysis|power bi|pandas|sql,2,128229
JOB-1181,Full Stack Developer,Netflix,Global,2025-06-16,css|javascript|docker|html|git|node.js|sql|mongodb|react,5,93201
JOB-1182,Mobile Developer,Amazon,India,2026-02-25,flutter|firebase|swift|kotlin|javascript|rest api|react native|git,2,2876881
JOB-1183,Frontend Developer,HCL,Europe,2025-12-24,tailwind css|git|react,1,60002
JOB-1184,Backend Developer,PhonePe,India,2026-01-08,redis|postgresql|node.js|sql,5,3456064
JOB-1185,Software Engineer,Adobe,US,2025-08-02,python|sql|c++|git|linux|java,3,106126
JOB-1186,Data Analyst,Zomato,US,2025-08-20,power bi|data analysis|python|sql|statistics|excel|tableau,7,152979
JOB-1187,Full Stack Developer,Microsoft,US,2025-07-23,html|css|node.js,3,176924
JOB-1188,Cloud Architect,Netflix,US,2025-01-18,kubernetes|gcp|networking,7,148930
JOB-1189,ML Engineer,TCS,Global,2025-01-18,python|machine learning|mlops|pytorch|aws|docker|tensorflow,0,170370
JOB-1190,Frontend Developer,Google,Asia Pacific,2026-03-22,javascript|css|html|next.js,3,51095
JOB-1191,Software Engineer,HCL,India,2025-12-04,git|sql|linux|java|agile,3,3248323
JOB-1192,Backend Developer,HCL,US,2025-12-26,postgresql|redis|node.js|python|docker|sql|git,2,106807
JOB-1193,Product Manager,Salesforce,US,2025-08-24,agile|jira|excel|data analysis,3,95741
JOB-1194,Data Scientist,Salesforce,India,2025-11-29,data visualization|pandas|statistics|deep learning|scikit-learn|sql,7,1121315
JOB-1195,DevOps Engineer,Amazon,India,2025-11-11,docker|aws|python|terraform|linux|ci/cd|kubernetes,0,3815775
JOB-1196,Backend Developer,Zomato,India,2025-03-28,postgresql|redis|docker|rest api,10,2341218
JOB-1197,Mobile Developer,Flipkart,India,2026-03-22,swift|javascript|react native|git|firebase|flutter,10,2115355
JOB-1198,Backend Developer,Tech Mahindra,US,2026-02-22,docker|postgresql|redis|python|sql|rest api,7,116666
JOB-1199,AI Engineer,Salesforce,US,2025-07-02,computer vision|generative ai|huggingface|pytorch|nlp|python,5,125715
JOB-1200,Cloud Architect,Zomato,Asia Pacific,2026-02-24,gcp|linux|networking|kubernetes|aws|docker,1,75934
JOB-1201,Frontend Developer,Apple,Asia Pacific,2025-04-25,tailwind css|react|html|typescript|next.js,10,103303
JOB-1202,QA Engineer,Apple,India,2025-05-14,agile|javascript|git|postman|python,2,1056082
JOB-1203,QA Engineer,Flipkart,Global,2025-04-17,postman|git|python|javascript|agile,1,149987
JOB-1204,Full Stack Developer,Salesforce,India,2025-09-23,git|docker|node.js|javascript|react|html|sql,0,3324913
JOB-1205,Frontend Developer,Oracle,India,2025-12-07,html|next.js|git|typescript|tailwind css|javascript|css,2,738923
JOB-1206,DevOps Engineer,Adobe,US,2025-06-21,docker|kubernetes|aws|git|python|linux,7,184362
JOB-1207,QA Engineer,HCL,India,2025-02-10,sql|agile|javascript,1,2389087
JOB-1208,Data Scientist,Swiggy,India,2025-02-02,pandas|sql|python|statistics|data visualization|deep learning|scikit-learn,1,3211111
JOB-1209,Cloud Architect,Uber,Europe,2025-12-14,docker|gcp|aws|linux|azure|networking|terraform|kubernetes,1,100021
JOB-1210,Software Engineer,Meta,Global,2026-03-26,git|python|c++|rest api,1,106006
JOB-1211,Mobile Developer,Razorpay,India,2025-07-26,firebase|swift|react native|git|flutter|javascript|kotlin|rest api,3,3819986
JOB-1212,Cloud Architect,Uber,Global,2025-12-27,aws|azure|docker|networking|gcp|linux,3,147779
JOB-1213,Backend Developer,Adobe,Global,2025-07-25,node.js|postgresql|redis|rest api|sql|python,3,107290
JOB-1214,AI Engineer,Salesforce,Europe,2025-12-02,pytorch|generative ai|tensorflow|huggingface|nlp,7,128860
JOB-1215,Data Analyst,Netflix,Europe,2026-01-11,python|data analysis|pandas|sql|excel|power bi,3,130253
JOB-1216,Data Analyst,Google,Global,2025-03-19,pandas|power bi|statistics|tableau|excel|python|data analysis|sql,3,169813
JOB-1217,Frontend Developer,Microsoft,India,2025-03-31,typescript|html|git|javascript,0,1922061
JOB-1218,Software Engineer,Microsoft,India,2025-01-22,agile|python|java,3,640751
JOB-1219,Backend Developer,Flipkart,Europe,2025-08-30,redis|rest api|node.js|sql|docker|git|python,3,53685
JOB-1220,QA Engineer,Uber,India,2025-04-22,agile|git|sql|postman|python,3,1061833
JOB-1221,AI Engineer,Oracle,India,2025-09-24,computer vision|deep learning|tensorflow|huggingface|nlp|python|pytorch|generative ai,3,3427700
JOB-1222,AI Engineer,Wipro,India,2025-07-30,huggingface|nlp|computer vision|pytorch|generative ai|python|tensorflow|deep learning,1,911294
JOB-1223,Backend Developer,Wipro,India,2025-07-17,python|docker|redis|postgresql|node.js|git,3,3119379
JOB-1224,Backend Developer,Google,Europe,2026-03-06,postgresql|node.js|git|rest api|python|sql|docker,10,116063
JOB-1225,Cybersecurity Analyst,Oracle,India,2026-03-13,sql|networking|python|cybersecurity|linux|ethical hacking,2,3456113
JOB-1226,QA Engineer,Amazon,India,2025-11-02,python|agile|sql|git,7,2655852
JOB-1227,Full Stack Developer,PhonePe,India,2025-04-01,react|docker|sql,3,2591524
JOB-1228,Mobile Developer,Salesforce,Europe,2025-09-19,rest api|swift|react native|git|flutter,1,87850
JOB-1229,Full Stack Developer,Flipkart,Global,2025-07-09,git|react|sql|html|mongodb|node.js|javascript|docker,2,131190
JOB-1230,Product Manager,Google,India,2025-09-06,sql|excel|agile,2,637355
JOB-1231,Product Manager,PhonePe,US,2025-02-13,data analysis|jira|agile|sql|excel,2,128799
JOB-1232,QA Engineer,Swiggy,India,2025-06-21,javascript|postman|agile|python|git,1,3709070
JOB-1233,DevOps Engineer,Salesforce,India,2025-11-03,docker|python|aws|git|kubernetes|ci/cd|terraform|linux,0,2792209
JOB-1234,Frontend Developer,Adobe,US,2025-08-01,css|next.js|javascript|tailwind css,3,153710
JOB-1235,Software Engineer,Infosys,Europe,2025-03-06,c++|python|git|rest api,2,71695
JOB-1236,Data Analyst,Tech Mahindra,Global,2025-07-10,power bi|data analysis|sql|excel|python|pandas|statistics|tableau,3,104306
JOB-1237,QA Engineer,Uber,Europe,2026-01-04,sql|javascript|postman|python,3,112497
JOB-1238,Mobile Developer,Amazon,Europe,2025-07-25,swift|git|rest api|flutter|javascript|kotlin|react native|firebase,3,144897
JOB-1239,Data Scientist,Salesforce,Asia Pacific,2025-06-04,deep learning|python|statistics|sql,10,83290
JOB-1240,Product Manager,HCL,India,2025-11-06,data analysis|jira|excel,2,2465407
JOB-1241,Mobile Developer,Wipro,India,2025-08-03,kotlin|flutter|javascript|react native|swift,1,3362734
JOB-1242,ML Engineer,PhonePe,Global,2025-02-07,mlops|deep learning|tensorflow,0,54901
JOB-1243,Backend Developer,Razorpay,India,2025-05-22,python|git|redis|node.js|docker|postgresql|rest api|sql,2,3227856
JOB-1244,Full Stack Developer,Adobe,Europe,2025-01-01,mongodb|html|git|node.js|react|css|docker,5,74009
JOB-1245,Data Engineer,Oracle,India,2026-02-14,sql|apache spark|python|postgresql|docker,2,2386999
JOB-1246,Data Analyst,TCS,India,2025-05-23,power bi|pandas|statistics|excel|sql|data analysis|tableau,1,901065
JOB-1247,Frontend Developer,TCS,India,2026-03-01,next.js|react|css,2,2104777
JOB-1248,Mobile Developer,Oracle,Europe,2025-10-12,firebase|swift|rest api,2,146059
JOB-1249,Data Analyst,Swiggy,US,2025-08-05,excel|tableau|sql,1,162890
JOB-1250,Backend Developer,Microsoft,Global,2025-07-28,node.js|docker|redis|postgresql|python|rest api|sql|git,7,129324
JOB-1251,AI Engineer,Infosys,US,2025-09-01,pytorch|nlp|python|deep learning|tensorflow|huggingface|generative ai|computer vision,1,164176
JOB-1252,Cybersecurity Analyst,HCL,India,2025-04-05,cybersecurity|python|networking,2,1312111
JOB-1253,Frontend Developer,Amazon,India,2025-06-18,tailwind css|next.js|html|javascript|git|css,3,700965
JOB-1254,Software Engineer,PhonePe,US,2025-01-15,python|linux|agile|java|rest api|sql|c++|git,5,98893
JOB-1255,Data Engineer,Salesforce,Europe,2025-06-20,big data|sql|postgresql|apache spark,3,102813
JOB-1256,Backend Developer,Google,Global,2026-01-07,sql|python|git|rest api|node.js|docker,2,79945
JOB-1257,DevOps Engineer,Flipkart,India,2025-07-13,terraform|docker|python|kubernetes|linux|ci/cd|aws|git,1,1598982
JOB-1258,DevOps Engineer,Apple,Asia Pacific,2025-08-16,linux|aws|ci/cd|docker|terraform|kubernetes|git,1,56829
JOB-1259,Cloud Architect,PhonePe,Global,2025-07-28,gcp|linux|aws|networking|kubernetes|terraform,7,56834
JOB-1260,Frontend Developer,Razorpay,US,2025-01-24,next.js|typescript|git|html,3,115489
JOB-1261,Backend Developer,Adobe,India,2025-10-09,docker|sql|node.js,3,2648566
JOB-1262,Backend Developer,Salesforce,India,2025-12-06,redis|postgresql|docker|node.js|rest api|sql|git,7,3166661
JOB-1263,Data Engineer,Tech Mahindra,India,2026-03-15,postgresql|big data|hadoop|aws|apache spark|python|sql,1,1548002
JOB-1264,Data Engineer,Salesforce,US,2026-01-09,aws|python|big data|postgresql|docker|sql|hadoop|apache spark,3,190900
JOB-1265,QA Engineer,Oracle,India,2025-10-19,postman|sql|javascript|python|agile,2,810190
JOB-1266,Frontend Developer,Meta,India,2025-10-25,javascript|react|html,0,3762218
JOB-1267,Mobile Developer,Swiggy,Asia Pacific,2025-03-14,kotlin|flutter|swift|git|javascript|rest api|firebase,7,54751
JOB-1268,Product Manager,Amazon,India,2026-02-27,excel|agile|data analysis|jira,7,692199
JOB-1269,Data Analyst,Meta,Europe,2026-03-18,pandas|excel|data analysis|power bi|sql|statistics|python|tableau,0,117561
JOB-1270,Cloud Architect,Flipkart,Europe,2025-07-09,gcp|networking|azure|terraform|linux|aws|docker,7,70511
JOB-1271,Cloud Architect,Flipkart,Asia Pacific,2025-03-15,terraform|kubernetes|linux|gcp,3,81298
JOB-1272,QA Engineer,Netflix,India,2025-02-19,git|postman|agile,10,2363998
JOB-1273,Mobile Developer,HCL,India,2026-01-15,swift|javascript|git|kotlin,0,3417532
JOB-1274,Data Engineer,HCL,Europe,2025-07-04,hadoop|docker|aws,0,83368
JOB-1275,Data Scientist,HCL,Europe,2025-01-21,statistics|deep learning|scikit-learn|pandas|machine learning|data visualization|python,2,128950
JOB-1276,AI Engineer,Apple,US,2025-11-28,deep learning|huggingface|tensorflow|generative ai,0,84618
JOB-1277,Cybersecurity Analyst,Amazon,US,2025-05-30,python|linux|ethical hacking|cybersecurity,2,188166
JOB-1278,Data Scientist,Meta,India,2025-06-05,deep learning|scikit-learn|pandas|data visualization|statistics|python|sql|machine learning,3,1006497
JOB-1279,Backend Developer,Meta,India,2025-07-08,rest api|git|python|docker|redis|node.js,1,700020
JOB-1280,QA Engineer,Tech Mahindra,India,2025-01-11,sql|javascript|agile|python,7,1169364
JOB-1281,Data Engineer,Salesforce,Asia Pacific,2025-01-25,sql|aws|python|postgresql|hadoop|apache spark|big data,10,112613
JOB-1282,Software Engineer,Wipro,India,2025-03-27,c++|java|linux|git,5,2412867
JOB-1283,Software Engineer,Infosys,Global,2025-12-02,git|c++|sql|python,7,112197
JOB-1284,Mobile Developer,Adobe,US,2025-06-02,git|firebase|rest api|javascript|react native,5,149172
JOB-1285,AI Engineer,Zomato,India,2026-01-27,python|nlp|generative ai|deep learning,2,2814934
JOB-1286,Data Analyst,Uber,Europe,2025-04-02,statistics|excel|python|data analysis|pandas|power bi,7,56472
JOB-1287,Software Engineer,Meta,Global,2025-03-12,rest api|git|linux|java|agile,2,102092
JOB-1288,Software Engineer,Wipro,India,2025-08-04,agile|java|python|rest api|c++|git|linux,1,1245026
JOB-1289,Mobile Developer,Infosys,Europe,2025-06-21,firebase|react native|kotlin|flutter|javascript|swift,3,52035
JOB-1290,Data Engineer,Netflix,US,2025-02-05,python|apache spark|hadoop|big data|docker|sql|postgresql,10,72665
JOB-1291,AI Engineer,Infosys,Europe,2025-11-23,computer vision|nlp|huggingface|generative ai|pytorch|deep learning|tensorflow,2,117173
JOB-1292,Data Analyst,Netflix,India,2025-03-25,statistics|power bi|excel|python|tableau,3,1051095
JOB-1293,Cybersecurity Analyst,Flipkart,Europe,2026-01-11,python|linux|networking,10,131439
JOB-1294,Cloud Architect,Meta,Europe,2025-10-12,linux|aws|gcp|networking,0,70455
JOB-1295,DevOps Engineer,Razorpay,India,2025-12-19,aws|ci/cd|terraform,1,1277510
JOB-1296,Data Analyst,Google,India,2026-01-23,pandas|power bi|tableau,5,1407734
JOB-1297,Backend Developer,Swiggy,India,2025-01-04,python|docker|rest api|git|sql,5,2224804
JOB-1298,Cybersecurity Analyst,Tech Mahindra,Europe,2026-03-11,ethical hacking|cybersecurity|linux|networking|sql,0,148679
JOB-1299,Cybersecurity Analyst,Flipkart,India,2025-10-31,ethical hacking|cybersecurity|linux|python,10,1247396
JOB-1300,Cybersecurity Analyst,Microsoft,Europe,2025-12-24,sql|linux|python|networking|cybersecurity,7,95452
JOB-1301,Software Engineer,Zomato,India,2026-01-27,linux|sql|agile|java,5,1375492
JOB-1302,AI Engineer,Swiggy,India,2026-01-01,generative ai|deep learning|huggingface|pytorch,2,3969011
JOB-1303,Data Analyst,Wipro,India,2025-01-14,statistics|excel|sql|power bi|python|data analysis,1,2592335
JOB-1304,Backend Developer,Microsoft,Asia Pacific,2025-09-03,docker|python|sql|redis|git|rest api|postgresql,2,73434
JOB-1305,Frontend Developer,Razorpay,Asia Pacific,2025-08-28,html|git|css,2,80382
JOB-1306,ML Engineer,Flipkart,US,2026-03-26,deep learning|machine learning|docker|mlops|aws|tensorflow|pytorch|python,1,128620
JOB-1307,QA Engineer,Oracle,US,2025-09-03,agile|python|javascript,2,168244
JOB-1308,Cybersecurity Analyst,Meta,India,2026-01-30,cybersecurity|python|linux,7,3197381
JOB-1309,DevOps Engineer,Salesforce,Global,2026-02-13,git|kubernetes|python|docker|ci/cd|aws,1,178194
JOB-1310,Data Analyst,PhonePe,Global,2025-09-01,power bi|data analysis|python|sql|pandas|tableau|excel,1,174110
JOB-1311,Data Analyst,Google,US,2025-09-13,pandas|sql|excel|power bi|data analysis,2,198348
JOB-1312,Full Stack Developer,Amazon,Europe,2025-03-07,mongodb|html|git|sql|docker|javascript|react|node.js|css,0,121834
JOB-1313,Mobile Developer,Razorpay,Europe,2025-01-30,flutter|kotlin|rest api|firebase,5,119535
JOB-1314,Software Engineer,Netflix,Europe,2025-03-15,python|sql|linux|git|c++|java|agile,5,114435
JOB-1315,DevOps Engineer,Zomato,Asia Pacific,2025-12-19,linux|git|docker|ci/cd|python|terraform,3,104482
JOB-1316,ML Engineer,Uber,US,2025-09-25,tensorflow|pytorch|deep learning|aws|mlops,1,144354
JOB-1317,Data Analyst,Amazon,Global,2025-04-26,data analysis|power bi|excel|statistics|pandas|tableau|sql|python,2,153542
JOB-1318,Cloud Architect,Microsoft,Asia Pacific,2025-04-02,gcp|docker|terraform|networking|azure,3,119624
JOB-1319,ML Engineer,Tech Mahindra,Asia Pacific,2025-12-04,aws|tensorflow|docker|machine learning|mlops|python|pytorch,5,109081
JOB-1320,Backend Developer,Salesforce,India,2025-09-14,docker|python|rest api|redis|postgresql|sql|node.js|git,2,1096626
JOB-1321,Software Engineer,Oracle,Europe,2025-04-10,sql|c++|git|agile|java|python|linux|rest api,7,51607
JOB-1322,Product Manager,Zomato,Europe,2026-01-09,jira|data analysis|agile|sql|excel,3,59047
JOB-1323,Frontend Developer,Flipkart,Global,2025-06-30,typescript|html|next.js|git|javascript|css|tailwind css|react,1,165936
JOB-1324,Mobile Developer,Tech Mahindra,Asia Pacific,2025-03-08,react native|kotlin|rest api,3,78292
JOB-1325,Backend Developer,Uber,Europe,2025-11-25,redis|node.js|git|postgresql|sql|docker|rest api|python,3,129566
JOB-1326,QA Engineer,Salesforce,Asia Pacific,2025-01-10,git|agile|postman|sql,7,62443
JOB-1327,Frontend Developer,Swiggy,India,2025-09-03,next.js|git|html|typescript|react|tailwind css|javascript,3,1377725
JOB-1328,Data Analyst,Swiggy,US,2025-08-06,excel|sql|data analysis,2,184100
JOB-1329,Software Engineer,Amazon,Europe,2025-01-29,agile|java|linux,10,136661
JOB-1330,Software Engineer,Swiggy,India,2025-11-24,linux|sql|python|c++|java|agile|git,5,3051036
JOB-1331,Backend Developer,Wipro,Asia Pacific,2025-12-09,redis|rest api|docker|git|postgresql|sql|node.js,10,49145
JOB-1332,ML Engineer,HCL,US,2025-02-19,deep learning|pytorch|tensorflow|mlops,3,186056
JOB-1333,Software Engineer,Amazon,India,2026-01-03,java|c++|git|sql|linux|rest api,1,722994
JOB-1334,Full Stack Developer,Flipkart,Global,2025-11-30,mongodb|git|node.js|docker|sql|react|javascript|html,7,62303
JOB-1335,Data Analyst,HCL,India,2025-05-07,python|data analysis|tableau|power bi|excel|pandas|statistics|sql,5,1434754
JOB-1336,DevOps Engineer,Swiggy,India,2025-10-16,docker|kubernetes|ci/cd|aws|linux|git|python|terraform,10,615064
JOB-1337,Backend Developer,PhonePe,Europe,2026-01-10,docker|sql|node.js|redis|python|git,3,82046
JOB-1338,Cloud Architect,HCL,Global,2025-09-01,kubernetes|azure|docker|gcp|linux,1,138114
JOB-1339,ML Engineer,Meta,US,2025-06-16,pytorch|deep learning|mlops|aws|python|docker,7,152018
JOB-1340,AI Engineer,Tech Mahindra,India,2026-01-11,generative ai|pytorch|computer vision|tensorflow,1,1046295
JOB-1341,Mobile Developer,Netflix,India,2026-03-07,rest api|javascript|kotlin|react native|swift,5,2838275
JOB-1342,AI Engineer,Wipro,Asia Pacific,2025-01-07,deep learning|python|nlp|computer vision|pytorch|huggingface|generative ai|tensorflow,2,72322
JOB-1343,AI Engineer,Apple,Global,2025-03-23,python|computer vision|nlp,5,51607
JOB-1344,Product Manager,Adobe,India,2025-03-23,sql|jira|data analysis|agile,1,1811443
JOB-1345,Full Stack Developer,Razorpay,India,2025-04-25,css|sql|docker|html|node.js|react,2,2267095
JOB-1346,ML Engineer,Google,Europe,2025-02-28,docker|machine learning|pytorch|aws,10,149272
JOB-1347,Mobile Developer,Google,India,2025-02-26,kotlin|firebase|javascript|react native,1,1358921
JOB-1348,Cloud Architect,Flipkart,India,2026-02-08,terraform|gcp|linux,7,2119934
JOB-1349,Backend Developer,Apple,India,2025-12-07,rest api|redis|docker|sql|postgresql|node.js,0,2649871
JOB-1350,Data Scientist,Tech Mahindra,India,2026-02-03,sql|deep learning|data visualization|statistics|scikit-learn|pandas|python|machine learning,10,3936754
JOB-1351,Data Analyst,Tech Mahindra,Asia Pacific,2025-07-18,data analysis|pandas|python|excel|tableau|sql|statistics,3,66832
JOB-1352,Software Engineer,Salesforce,US,2025-09-09,rest api|python|sql|linux|agile,5,145955
JOB-1353,QA Engineer,Razorpay,India,2025-03-04,git|agile|postman|sql|python|javascript,5,1279520
JOB-1354,Data Engineer,Swiggy,Global,2025-01-24,big data|hadoop|aws|sql|python|docker|apache spark,3,90416
JOB-1355,Product Manager,Flipkart,Europe,2025-04-24,data analysis|excel|sql,3,92926
JOB-1356,Cloud Architect,Wipro,India,2026-01-25,terraform|kubernetes|aws|gcp|linux|networking|docker,1,959838
JOB-1357,AI Engineer,Google,Asia Pacific,2025-08-17,pytorch|nlp|huggingface|python,1,61818
JOB-1358,Product Manager,Google,US,2025-08-30,sql|jira|excel|agile,5,172020
JOB-1359,QA Engineer,Amazon,India,2025-07-17,git|javascript|postman|sql,1,2423384
JOB-1360,Data Engineer,Salesforce,Europe,2025-09-03,big data|hadoop|aws|docker|sql|apache spark,0,50129
JOB-1361,ML Engineer,Microsoft,India,2026-03-17,python|docker|mlops|aws|tensorflow|deep learning|machine learning,3,2529973
JOB-1362,Frontend Developer,Salesforce,India,2025-06-02,git|javascript|react|typescript|html|next.js|css,1,2293899
JOB-1363,QA Engineer,Microsoft,India,2026-03-15,agile|postman|python|javascript,2,3502450
JOB-1364,ML Engineer,Apple,India,2025-06-30,mlops|tensorflow|deep learning|python|machine learning,7,2990019
JOB-1365,Data Engineer,PhonePe,US,2025-09-08,docker|python|apache spark|postgresql|sql|aws|big data,2,127693
JOB-1366,Product Manager,HCL,India,2025-02-10,jira|agile|excel,3,3659427
JOB-1367,Backend Developer,Wipro,Europe,2025-12-01,python|docker|git|node.js|redis|sql,2,121455
JOB-1368,AI Engineer,Apple,Europe,2025-07-16,deep learning|nlp|generative ai,5,68302
JOB-1369,QA Engineer,Tech Mahindra,Europe,2026-01-16,git|python|postman|javascript|agile,5,140036
JOB-1370,ML Engineer,Zomato,Europe,2025-07-05,tensorflow|machine learning|mlops|deep learning|aws|docker|python|pytorch,2,106319
JOB-1371,QA Engineer,HCL,India,2025-09-26,git|postman|agile|python|javascript,10,2772655
JOB-1372,Cybersecurity Analyst,Oracle,Global,2025-08-31,networking|sql|cybersecurity|python|linux|ethical hacking,7,125676
JOB-1373,AI Engineer,Salesforce,India,2025-02-26,pytorch|deep learning|nlp|tensorflow|python|computer vision|huggingface|generative ai,3,2980802
JOB-1374,Frontend Developer,Meta,Asia Pacific,2025-11-03,react|next.js|typescript,1,80151
JOB-1375,Full Stack Developer,Tech Mahindra,Global,2026-02-28,css|node.js|react|mongodb|git|docker|html|sql,10,173144
JOB-1376,ML Engineer,Meta,India,2025-09-03,deep learning|tensorflow|machine learning,0,3791785
JOB-1377,Data Engineer,Oracle,US,2025-08-24,big data|postgresql|apache spark|hadoop|aws|python|sql,3,157208
JOB-1378,AI Engineer,Microsoft,India,2025-04-06,huggingface|nlp|deep learning|computer vision|generative ai|pytorch|python,5,3010412
JOB-1379,Cloud Architect,Razorpay,India,2026-03-13,terraform|aws|kubernetes,3,739244
JOB-1380,QA Engineer,Oracle,US,2025-06-16,postman|agile|javascript|python|sql|git,7,137525
JOB-1381,Software Engineer,Tech Mahindra,US,2025-01-31,sql|c++|agile|git|python|linux|rest api,5,181115
JOB-1382,Cloud Architect,Zomato,Asia Pacific,2025-09-02,docker|aws|networking|azure,7,86659
JOB-1383,Mobile Developer,Zomato,India,2025-10-27,react native|rest api|javascript|kotlin|git,3,1620131
JOB-1384,Product Manager,Swiggy,Asia Pacific,2025-02-27,jira|sql|excel|agile|data analysis,0,68807
JOB-1385,Product Manager,Salesforce,Europe,2025-02-12,sql|agile|excel|jira,1,120207
JOB-1386,Product Manager,Infosys,Europe,2026-02-19,jira|data analysis|agile,0,112002
JOB-1387,Cybersecurity Analyst,PhonePe,India,2025-07-23,networking|linux|python,10,2874334
JOB-1388,ML Engineer,Salesforce,India,2025-07-21,tensorflow|pytorch|docker|python,3,1834491
JOB-1389,QA Engineer,Amazon,India,2026-02-15,sql|postman|javascript|python|git|agile,3,1369680
JOB-1390,Product Manager,Wipro,India,2026-01-20,jira|sql|excel|data analysis|agile,0,1409634
JOB-1391,Backend Developer,Meta,Asia Pacific,2025-11-04,docker|postgresql|sql|redis|python|git|rest api|node.js,3,77596
JOB-1392,Cybersecurity Analyst,Oracle,US,2025-01-12,python|ethical hacking|networking|linux|sql|cybersecurity,3,162230
JOB-1393,ML Engineer,TCS,India,2026-03-10,python|deep learning|mlops|tensorflow|aws|docker|pytorch|machine learning,0,2455251
JOB-1394,Backend Developer,Google,Europe,2025-02-20,redis|python|rest api|docker|postgresql|node.js|git|sql,1,92032
JOB-1395,Full Stack Developer,Apple,US,2026-03-11,git|docker|react|css|sql|mongodb|node.js|html,0,116176
JOB-1396,Data Engineer,Zomato,India,2025-07-03,python|hadoop|docker|sql|postgresql|aws|apache spark|big data,2,2116660
JOB-1397,Data Scientist,Meta,India,2025-10-20,sql|data visualization|machine learning|python|deep learning,1,800073
JOB-1398,DevOps Engineer,Netflix,India,2025-07-31,python|aws|terraform|ci/cd|kubernetes|linux,3,2735621
JOB-1399,AI Engineer,Razorpay,India,2025-04-28,python|deep learning|pytorch|tensorflow|nlp|generative ai|computer vision,10,1479377
JOB-1400,Data Engineer,Tech Mahindra,India,2025-03-14,sql|hadoop|postgresql|docker|aws|python,3,2731723
JOB-1401,Software Engineer,PhonePe,Europe,2025-04-23,sql|python|git|java|agile,7,119110
JOB-1402,Data Engineer,Adobe,India,2025-12-10,sql|hadoop|docker|python|apache spark|big data,2,1308854
JOB-1403,Mobile Developer,HCL,US,2025-06-10,swift|firebase|git|kotlin,1,179601
JOB-1404,Frontend Developer,Wipro,Asia Pacific,2025-08-05,css|tailwind css|typescript|html|next.js|git,10,87553
JOB-1405,ML Engineer,Uber,Europe,2025-11-07,mlops|python|pytorch|aws|machine learning|deep learning,2,71883
JOB-1406,Frontend Developer,Tech Mahindra,India,2025-01-15,git|typescript|tailwind css|html|css|javascript|react|next.js,5,1523447
JOB-1407,AI Engineer,Wipro,Asia Pacific,2025-12-11,nlp|pytorch|computer vision|tensorflow|generative ai|huggingface,2,80154
JOB-1408,ML Engineer,Flipkart,India,2026-02-03,deep learning|tensorflow|python|machine learning|mlops|docker|pytorch,2,2605053
JOB-1409,Frontend Developer,Zomato,US,2025-12-06,tailwind css|typescript|html|react|git,5,145675
JOB-1410,Mobile Developer,Apple,India,2026-03-02,react native|swift|javascript|rest api|git|kotlin|flutter,2,2895339
JOB-1411,Data Analyst,Adobe,US,2025-05-04,sql|statistics|data analysis|python|power bi|pandas|excel,2,197508
JOB-1412,Software Engineer,Infosys,Europe,2026-03-16,linux|agile|git,1,129455
JOB-1413,Frontend Developer,Zomato,India,2025-12-09,react|javascript|css|git|typescript|tailwind css|html|next.js,1,2063552
JOB-1414,Data Engineer,Zomato,India,2025-06-22,sql|postgresql|apache spark|hadoop|big data|aws|python|docker,10,1960669
JOB-1415,ML Engineer,Oracle,India,2025-09-08,pytorch|deep learning|mlops|machine learning|tensorflow|docker|aws|python,2,1751054
JOB-1416,ML Engineer,Tech Mahindra,US,2025-09-03,aws|pytorch|machine learning|mlops|tensorflow|python|deep learning|docker,0,102407
JOB-1417,Frontend Developer,Swiggy,US,2025-05-17,javascript|git|typescript|tailwind css,7,109865
JOB-1418,ML Engineer,Flipkart,US,2025-06-25,docker|mlops|python,2,167556
JOB-1419,Product Manager,Adobe,Global,2025-03-27,data analysis|sql|agile|excel|jira,7,83822
JOB-1420,Mobile Developer,Infosys,Europe,2025-07-29,kotlin|git|javascript|rest api|swift,2,74406
JOB-1421,AI Engineer,Google,US,2025-08-19,pytorch|deep learning|tensorflow,3,104961
JOB-1422,Software Engineer,Meta,US,2026-03-12,java|rest api|python,3,118216
JOB-1423,AI Engineer,Zomato,India,2025-03-02,python|pytorch|computer vision|generative ai|deep learning,1,1694182
JOB-1424,Backend Developer,HCL,US,2025-10-09,git|redis|sql|docker|rest api|node.js|python,3,161269
JOB-1425,Cybersecurity Analyst,Wipro,Europe,2026-01-11,sql|linux|ethical hacking,10,53870
JOB-1426,Data Scientist,Tech Mahindra,Europe,2025-11-24,statistics|python|deep learning|data visualization|sql|machine learning,1,80029
JOB-1427,Mobile Developer,Zomato,India,2025-04-03,git|react native|javascript|swift|flutter|kotlin,1,1443354
JOB-1428,Data Engineer,Microsoft,India,2025-06-17,postgresql|python|docker|big data|sql|hadoop|aws,3,3451359
JOB-1429,Software Engineer,TCS,Global,2025-07-18,linux|sql|c++|java|agile|rest api|python,3,120935
JOB-1430,AI Engineer,Swiggy,US,2025-05-22,computer vision|python|pytorch|tensorflow|generative ai|nlp,3,110264
JOB-1431,Product Manager,Infosys,India,2025-07-26,excel|sql|agile|data analysis,1,3448831
JOB-1432,Product Manager,Microsoft,US,2026-02-19,excel|agile|data analysis,7,131330
JOB-1433,Data Engineer,Wipro,Global,2025-03-06,python|postgresql|aws|sql|hadoop|apache spark|docker|big data,3,156745
JOB-1434,DevOps Engineer,Netflix,Europe,2025-11-20,aws|git|linux|python|kubernetes|terraform,1,80085
JOB-1435,Frontend Developer,PhonePe,India,2025-04-22,tailwind css|typescript|css|javascript|react|html|next.js|git,3,2700588
JOB-1436,AI Engineer,Microsoft,US,2025-01-13,computer vision|deep learning|python|generative ai,1,199080
JOB-1437,Cloud Architect,Apple,US,2025-07-02,gcp|linux|azure|networking|aws|terraform|docker,2,183532
JOB-1438,Full Stack Developer,Uber,Global,2025-02-07,git|node.js|javascript|react|html|sql|mongodb|css,10,89695
JOB-1439,Data Scientist,Uber,India,2025-10-20,deep learning|data visualization|sql,1,3480729
JOB-1440,ML Engineer,Oracle,India,2025-12-29,docker|mlops|aws|python|deep learning|machine learning|tensorflow|pytorch,10,3581167
JOB-1441,Full Stack Developer,Salesforce,US,2025-06-29,html|docker|mongodb,7,128097
JOB-1442,Cybersecurity Analyst,Adobe,India,2025-07-03,cybersecurity|ethical hacking|linux|sql|python,3,3767365
JOB-1443,AI Engineer,Microsoft,Europe,2025-06-19,tensorflow|nlp|deep learning|computer vision,1,111104
JOB-1444,ML Engineer,Zomato,India,2025-01-17,docker|machine learning|python|tensorflow,3,1811226
JOB-1445,Cloud Architect,Wipro,Global,2025-08-23,aws|kubernetes|azure|gcp,1,91911
JOB-1446,Data Analyst,Wipro,US,2025-11-03,python|pandas|statistics|tableau,3,92300
JOB-1447,Product Manager,Salesforce,India,2025-10-30,excel|agile|jira|data analysis|sql,3,2507273
JOB-1448,Cybersecurity Analyst,Swiggy,Global,2026-02-26,python|linux|networking|cybersecurity|sql,5,69332
JOB-1449,Data Engineer,Zomato,Europe,2026-02-01,postgresql|aws|hadoop|apache spark|big data,0,58566
JOB-1450,AI Engineer,HCL,India,2026-01-04,generative ai|nlp|huggingface|computer vision,7,3663920
JOB-1451,QA Engineer,Zomato,Europe,2025-08-10,postman|agile|python|javascript,3,107467
JOB-1452,Backend Developer,Meta,India,2025-12-12,sql|postgresql|docker|git|rest api,5,1293032
JOB-1453,AI Engineer,Meta,India,2026-02-26,huggingface|tensorflow|pytorch|computer vision|deep learning,5,933390
JOB-1454,ML Engineer,Wipro,India,2025-07-12,tensorflow|deep learning|aws|python|docker|mlops|machine learning,1,1076356
JOB-1455,Data Analyst,TCS,India,2025-09-22,data analysis|power bi|sql|pandas|statistics|tableau,3,3957027
JOB-1456,Product Manager,Microsoft,India,2025-02-28,sql|excel|data analysis,5,694328
JOB-1457,Backend Developer,Infosys,Europe,2025-11-27,python|git|redis|postgresql,7,87443
JOB-1458,Cloud Architect,Netflix,Asia Pacific,2025-06-25,networking|aws|gcp|terraform|docker|azure|kubernetes,7,66897
JOB-1459,AI Engineer,PhonePe,Asia Pacific,2025-10-06,computer vision|generative ai|deep learning|python,5,56447
JOB-1460,Full Stack Developer,Razorpay,India,2025-05-21,node.js|mongodb|docker|sql|javascript|css,3,1493320
JOB-1461,Data Scientist,Wipro,India,2026-01-29,machine learning|python|sql|statistics|data visualization|pandas,2,905131
JOB-1462,QA Engineer,Uber,Asia Pacific,2025-10-27,git|sql|javascript|agile|postman,0,94435
JOB-1463,Software Engineer,TCS,India,2025-09-06,linux|sql|rest api|python|java|git|agile,5,2330251
JOB-1464,Mobile Developer,Meta,Europe,2026-01-08,git|kotlin|rest api|react native,1,135641
JOB-1465,Data Analyst,PhonePe,India,2026-02-09,statistics|power bi|python|excel|tableau|sql|pandas,2,2914941
JOB-1466,ML Engineer,Salesforce,Europe,2025-10-10,python|tensorflow|deep learning,3,91908
JOB-1467,DevOps Engineer,Infosys,US,2025-11-29,kubernetes|ci/cd|python|docker,0,95412
JOB-1468,QA Engineer,Zomato,India,2026-02-12,sql|git|python,3,978459
JOB-1469,Mobile Developer,Swiggy,Global,2025-06-02,flutter|react native|swift|git,7,178833
JOB-1470,Cloud Architect,Netflix,Global,2025-11-22,terraform|linux|kubernetes|azure|networking|docker|aws|gcp,2,119702
JOB-1471,Data Scientist,HCL,US,2026-01-28,statistics|sql|scikit-learn|data visualization|machine learning|pandas,5,71151
JOB-1472,Cloud Architect,HCL,India,2025-11-20,aws|docker|gcp|linux,2,3276853
JOB-1473,Full Stack Developer,Salesforce,Asia Pacific,2025-04-01,git|react|docker|node.js|javascript|css|mongodb,10,74247
JOB-1474,AI Engineer,Meta,US,2025-02-20,generative ai|huggingface|computer vision|nlp,2,196691
JOB-1475,Cybersecurity Analyst,Adobe,India,2025-05-21,ethical hacking|networking|linux,3,3783476
JOB-1476,Backend Developer,Uber,India,2025-04-21,postgresql|sql|rest api|python|git|node.js|redis,0,883343
JOB-1477,Software Engineer,Flipkart,Europe,2025-02-17,git|rest api|python,7,147371
JOB-1478,QA Engineer,HCL,India,2025-06-09,python|agile|javascript|postman|sql|git,2,1361752
JOB-1479,Full Stack Developer,Razorpay,US,2025-07-18,javascript|html|docker,3,182306
JOB-1480,ML Engineer,Flipkart,Europe,2025-07-07,python|docker|pytorch|mlops|machine learning,1,77315
JOB-1481,QA Engineer,Zomato,India,2025-12-04,sql|postman|git|python,1,3898984
JOB-1482,Mobile Developer,TCS,India,2025-11-14,javascript|react native|swift|flutter|rest api|kotlin,3,1981194
JOB-1483,Data Engineer,Tech Mahindra,Global,2025-10-21,sql|aws|hadoop,7,73694
JOB-1484,Backend Developer,Amazon,India,2025-10-18,redis|postgresql|python,3,661915
JOB-1485,Software Engineer,Oracle,Global,2025-01-21,git|agile|java|c++|rest api|python,3,86451
JOB-1486,DevOps Engineer,Infosys,US,2025-08-06,linux|ci/cd|python|kubernetes|aws|docker,10,140063
JOB-1487,Frontend Developer,Oracle,US,2025-01-16,next.js|css|javascript|git,3,87230
JOB-1488,QA Engineer,Flipkart,India,2025-03-01,python|git|sql|postman|javascript|agile,10,1270797
JOB-1489,Backend Developer,Tech Mahindra,India,2025-06-25,docker|sql|node.js,0,3780822
JOB-1490,Mobile Developer,Infosys,India,2025-04-19,kotlin|flutter|javascript|react native|rest api|git,0,3730774
JOB-1491,Backend Developer,Wipro,Europe,2025-07-18,redis|git|rest api,2,75433
JOB-1492,Data Engineer,Zomato,US,2025-06-03,hadoop|big data|docker|aws,2,111604
JOB-1493,AI Engineer,Netflix,India,2025-06-03,huggingface|tensorflow|nlp,7,3083909
JOB-1494,Backend Developer,Apple,India,2025-11-04,redis|docker|node.js|git|sql,1,3349735
JOB-1495,QA Engineer,PhonePe,India,2025-03-14,python|postman|git|javascript|sql,1,2740829
JOB-1496,Software Engineer,TCS,India,2025-09-08,linux|python|git|agile|rest api,7,872159
JOB-1497,Data Engineer,Meta,Global,2025-10-29,sql|apache spark|aws|hadoop|python|big data|docker,10,173693
JOB-1498,ML Engineer,Uber,Europe,2025-10-28,mlops|python|pytorch|aws|machine learning|docker|deep learning|tensorflow,5,149806
JOB-1499,Software Engineer,Infosys,India,2026-03-02,python|java|c++|linux|rest api|git|agile|sql,2,1165345
JOB-1500,ML Engineer,TCS,India,2025-08-30,pytorch|mlops|deep learning|python,7,3863654
JOB-1501,Software Engineer,HCL,India,2025-12-11,java|python|c++|sql,7,3753923
JOB-1502,ML Engineer,Razorpay,India,2025-12-29,mlops|docker|machine learning|aws,1,2331042
JOB-1503,Cloud Architect,Salesforce,India,2026-03-08,azure|docker|terraform,0,885498
JOB-1504,QA Engineer,Razorpay,Global,2025-02-26,python|sql|agile|javascript,7,78273
JOB-1505,ML Engineer,Apple,India,2025-11-06,tensorflow|mlops|deep learning|aws|pytorch|machine learning,2,1496553
JOB-1506,ML Engineer,Microsoft,India,2025-12-16,deep learning|python|pytorch,10,2082988
JOB-1507,Product Manager,Meta,India,2025-01-29,agile|excel|data analysis,7,3015733
JOB-1508,Frontend Developer,Google,US,2025-06-18,typescript|git|css,3,193295
JOB-1509,Data Analyst,Amazon,India,2025-08-15,data analysis|power bi|sql,1,739118
JOB-1510,DevOps Engineer,Flipkart,Global,2025-08-01,ci/cd|kubernetes|aws|terraform|git,3,155277
JOB-1511,ML Engineer,Flipkart,Europe,2025-08-09,tensorflow|aws|machine learning|python,3,57994
JOB-1512,Mobile Developer,Swiggy,Europe,2025-05-23,javascript|swift|flutter|rest api|react native|git|firebase,2,138074
JOB-1513,Cloud Architect,Amazon,US,2025-02-13,gcp|networking|aws|terraform|azure|kubernetes|linux|docker,1,121464
JOB-1514,Product Manager,Zomato,Europe,2026-01-04,jira|excel|sql|agile,0,74992
JOB-1515,Mobile Developer,Netflix,India,2026-02-06,git|firebase|rest api,3,1077563
JOB-1516,ML Engineer,Microsoft,US,2026-02-07,tensorflow|pytorch|aws|machine learning,7,143471
JOB-1517,ML Engineer,HCL,Europe,2026-01-23,python|machine learning|deep learning,0,136677
JOB-1518,Software Engineer,PhonePe,India,2025-05-18,python|java|c++|linux|sql|rest api|git|agile,2,3181517
JOB-1519,Data Analyst,Infosys,Europe,2025-06-18,statistics|python|data analysis|tableau,1,138652
JOB-1520,Mobile Developer,Microsoft,India,2025-09-26,kotlin|git|react native|flutter|rest api|firebase|swift|javascript,3,3569137
JOB-1521,Software Engineer,Netflix,Global,2025-11-03,c++|java|rest api|agile|linux,5,140152
JOB-1522,Data Analyst,Tech Mahindra,US,2025-02-02,excel|statistics|pandas|tableau|data analysis|power bi,5,178227
JOB-1523,Full Stack Developer,Apple,US,2025-08-08,docker|html|node.js|javascript|git,3,199257
JOB-1524,Software Engineer,Flipkart,Europe,2025-04-05,linux|rest api|sql|agile,1,59262
JOB-1525,Software Engineer,Swiggy,India,2025-04-02,python|java|linux|agile|git|sql|rest api|c++,3,3401540
JOB-1526,Data Analyst,Tech Mahindra,India,2025-11-16,sql|power bi|tableau|pandas|data analysis|statistics|excel|python,0,2215737
JOB-1527,QA Engineer,Swiggy,US,2025-05-26,sql|agile|postman,2,188056
JOB-1528,Data Analyst,Zomato,US,2025-06-08,statistics|excel|power bi|sql,3,163938
JOB-1529,AI Engineer,Tech Mahindra,Europe,2025-04-23,pytorch|huggingface|tensorflow|generative ai|deep learning|python|computer vision|nlp,7,63138
JOB-1530,AI Engineer,Netflix,US,2025-07-20,computer vision|huggingface|python|generative ai|deep learning|tensorflow,2,120840
JOB-1531,AI Engineer,HCL,India,2026-02-03,huggingface|deep learning|generative ai|nlp|python|computer vision,5,1415982
JOB-1532,Backend Developer,Swiggy,US,2025-05-15,sql|postgresql|node.js|redis|python|git|docker|rest api,1,121829
JOB-1533,Cybersecurity Analyst,Adobe,US,2026-02-28,ethical hacking|cybersecurity|sql,5,120998
JOB-1534,Full Stack Developer,Wipro,India,2026-03-23,mongodb|node.js|css|docker,2,1675091
JOB-1535,Frontend Developer,Wipro,US,2026-03-07,html|javascript|git|typescript|css,2,126908
JOB-1536,Software Engineer,Google,India,2025-03-29,linux|agile|python,5,1504711
JOB-1537,Cybersecurity Analyst,Microsoft,Europe,2025-08-28,linux|cybersecurity|networking|ethical hacking,0,111829
JOB-1538,Data Scientist,Amazon,US,2025-05-27,deep learning|data visualization|machine learning|python|scikit-learn|sql|pandas|statistics,0,190848
JOB-1539,Data Engineer,Tech Mahindra,India,2025-03-02,postgresql|hadoop|aws|big data|docker|apache spark|python|sql,5,3056675
JOB-1540,Cloud Architect,Infosys,Europe,2025-07-28,gcp|linux|networking|azure|aws|terraform|docker,1,94621
JOB-1541,Data Scientist,Swiggy,India,2025-12-02,python|statistics|machine learning|sql|pandas|scikit-learn|data visualization|deep learning,3,1076113
JOB-1542,Backend Developer,HCL,US,2025-07-27,docker|redis|git|postgresql|python,1,110888
JOB-1543,AI Engineer,HCL,Europe,2025-09-23,computer vision|python|tensorflow,2,119815
JOB-1544,ML Engineer,Uber,Asia Pacific,2025-11-18,aws|pytorch|tensorflow|docker|machine learning,7,46774
JOB-1545,QA Engineer,TCS,Asia Pacific,2025-08-24,sql|postman|agile|javascript,2,98630
JOB-1546,Frontend Developer,Meta,India,2025-08-18,javascript|next.js|typescript,7,1699628
JOB-1547,Mobile Developer,Infosys,India,2025-10-09,flutter|swift|kotlin|javascript|git|rest api,1,3727757
JOB-1548,Data Engineer,Swiggy,India,2025-12-17,python|apache spark|postgresql,2,2403629
JOB-1549,Data Engineer,Salesforce,Global,2025-12-24,aws|python|postgresql,3,109090
JOB-1550,Mobile Developer,Uber,US,2025-05-03,swift|flutter|kotlin,5,112690
JOB-1551,Software Engineer,HCL,Europe,2025-10-10,linux|agile|sql|java|git|c++|rest api,10,89560
JOB-1552,Frontend Developer,Tech Mahindra,Asia Pacific,2025-11-06,javascript|html|react|typescript|tailwind css|css|git,0,69602
JOB-1553,Frontend Developer,Swiggy,Europe,2025-11-23,next.js|git|tailwind css|typescript,10,57543
JOB-1554,QA Engineer,Wipro,India,2025-11-22,git|sql|python|postman|agile|javascript,10,1450262
JOB-1555,AI Engineer,Meta,Europe,2025-04-25,computer vision|deep learning|python|tensorflow|pytorch,3,126441
JOB-1556,Full Stack Developer,Swiggy,India,2025-11-23,docker|react|git,3,1594233
JOB-1557,Frontend Developer,Oracle,US,2025-01-01,css|javascript|git,5,112124
JOB-1558,Cybersecurity Analyst,Amazon,India,2025-06-24,ethical hacking|python|linux|sql|cybersecurity,3,1284873
JOB-1559,ML Engineer,Uber,Europe,2025-11-05,mlops|aws|pytorch|tensorflow|machine learning,5,102492
JOB-1560,Cloud Architect,Flipkart,India,2025-07-21,networking|gcp|azure,5,2594719
JOB-1561,Mobile Developer,Oracle,Global,2025-04-26,react native|firebase|kotlin|rest api,3,117228
JOB-1562,ML Engineer,Uber,US,2025-06-01,pytorch|tensorflow|python|docker|deep learning|machine learning|mlops|aws,2,110950
JOB-1563,Software Engineer,PhonePe,Asia Pacific,2025-11-30,agile|rest api|git|c++|java|linux|sql|python,1,117366
JOB-1564,ML Engineer,Google,Europe,2025-01-10,python|aws|deep learning|docker|pytorch|tensorflow,2,79870
JOB-1565,Mobile Developer,Adobe,India,2025-07-12,rest api|git|react native|kotlin|firebase,10,1640210
JOB-1566,Mobile Developer,Uber,Europe,2025-02-05,swift|rest api|javascript|flutter,2,87499
JOB-1567,Product Manager,Apple,Europe,2025-04-30,data analysis|excel|agile,3,71258
JOB-1568,Backend Developer,HCL,India,2025-10-02,rest api|git|postgresql|docker|sql|python|node.js,5,3954408
JOB-1569,Cloud Architect,Adobe,Asia Pacific,2025-02-17,networking|azure|terraform|gcp|kubernetes|aws,1,107695
JOB-1570,Data Engineer,Razorpay,India,2025-03-03,aws|big data|python,1,2582673
JOB-1571,DevOps Engineer,Zomato,US,2026-03-24,kubernetes|aws|python|git|terraform|ci/cd,5,79327
JOB-1572,AI Engineer,Apple,Global,2025-05-18,nlp|generative ai|computer vision,5,63654
JOB-1573,Cybersecurity Analyst,Adobe,US,2025-08-04,cybersecurity|sql|ethical hacking,0,183949
JOB-1574,Mobile Developer,Netflix,US,2025-08-23,firebase|javascript|git|rest api,7,196398
JOB-1575,AI Engineer,Apple,Global,2025-08-20,nlp|computer vision|deep learning|generative ai|pytorch,7,106982
JOB-1576,Cybersecurity Analyst,Oracle,India,2026-01-28,python|ethical hacking|linux|cybersecurity|networking|sql,5,3341575
JOB-1577,DevOps Engineer,Salesforce,Global,2025-08-01,docker|terraform|linux|kubernetes|aws|python|ci/cd,5,168712
JOB-1578,Cloud Architect,Tech Mahindra,US,2025-07-07,docker|aws|networking|terraform,2,146942
JOB-1579,Backend Developer,Uber,US,2026-01-02,node.js|docker|postgresql|python|git|rest api,1,122320
JOB-1580,Backend Developer,Wipro,India,2025-07-07,redis|rest api|postgresql|python|docker|sql|node.js|git,5,2339736
JOB-1581,Product Manager,Meta,India,2025-05-24,excel|data analysis|agile|jira|sql,3,2148160
JOB-1582,Data Analyst,Wipro,Global,2026-01-26,power bi|tableau|python|statistics|data analysis,1,56589
JOB-1583,Data Scientist,Meta,India,2025-08-13,deep learning|python|data visualization|machine learning|scikit-learn,7,3237051
JOB-1584,Full Stack Developer,HCL,US,2026-01-09,mongodb|react|javascript|git|docker|css,10,160452
JOB-1585,Product Manager,Google,US,2026-03-25,data analysis|sql|jira|excel,10,122648
JOB-1586,QA Engineer,Infosys,India,2025-02-17,git|python|sql|postman|javascript,5,732141
JOB-1587,Cloud Architect,Amazon,India,2025-01-01,linux|gcp|terraform|networking,3,2843445
JOB-1588,DevOps Engineer,TCS,US,2025-06-01,ci/cd|aws|terraform|linux|docker|git|kubernetes,2,118865
JOB-1589,ML Engineer,Infosys,India,2025-03-30,deep learning|pytorch|machine learning|mlops|aws|tensorflow|docker|python,2,1880475
JOB-1590,QA Engineer,Wipro,India,2026-02-01,postman|sql|git|python|agile,3,2824013
JOB-1591,Data Scientist,Meta,India,2025-08-12,data visualization|pandas|sql|scikit-learn|deep learning|statistics|python|machine learning,7,3325095
JOB-1592,Cybersecurity Analyst,Flipkart,US,2025-01-08,sql|ethical hacking|python|cybersecurity|linux|networking,10,182023
JOB-1593,ML Engineer,Google,India,2025-07-27,mlops|tensorflow|docker,5,3849419
JOB-1594,Frontend Developer,Oracle,Asia Pacific,2026-02-15,git|react|html|javascript,1,67678
JOB-1595,ML Engineer,Microsoft,US,2025-07-09,tensorflow|aws|machine learning,1,79934
JOB-1596,Data Engineer,Razorpay,India,2025-02-08,big data|sql|aws|postgresql,5,2462334
JOB-1597,Full Stack Developer,Tech Mahindra,Global,2026-02-09,git|javascript|node.js|sql|docker|css|html,2,126949
JOB-1598,Cybersecurity Analyst,Wipro,Europe,2025-11-30,cybersecurity|networking|ethical hacking|sql|python|linux,2,51753
JOB-1599,ML Engineer,Razorpay,India,2025-04-29,docker|pytorch|aws|tensorflow|python|deep learning|mlops|machine learning,1,2951646
JOB-1600,AI Engineer,Meta,US,2025-08-27,huggingface|nlp|python|computer vision,3,71238
JOB-1601,AI Engineer,Tech Mahindra,Europe,2025-12-10,python|deep learning|huggingface|pytorch,10,69329
JOB-1602,Product Manager,Adobe,India,2025-07-23,data analysis|agile|sql|jira|excel,1,1263622
JOB-1603,Product Manager,Wipro,Global,2025-03-15,data analysis|excel|jira|sql|agile,3,90000
JOB-1604,Product Manager,Oracle,US,2026-02-14,sql|excel|jira|agile|data analysis,2,149303
JOB-1605,Data Scientist,Zomato,US,2025-12-03,python|sql|deep learning|pandas|data visualization,3,128639
JOB-1606,Cloud Architect,Oracle,US,2025-08-22,docker|networking|aws|linux,5,129912
JOB-1607,DevOps Engineer,Infosys,India,2025-05-16,ci/cd|aws|linux|docker|python|git|terraform|kubernetes,7,3365583
JOB-1608,AI Engineer,Meta,India,2025-05-16,computer vision|pytorch|deep learning|python|generative ai|nlp|huggingface,7,2471440
JOB-1609,Mobile Developer,PhonePe,India,2025-05-08,git|flutter|firebase|react native|rest api|kotlin|swift|javascript,0,2341240
JOB-1610,Mobile Developer,Oracle,India,2025-03-24,flutter|kotlin|react native|git|swift,10,1893965
JOB-1611,QA Engineer,Infosys,Europe,2025-08-05,git|agile|sql|javascript,7,139523
JOB-1612,Data Scientist,Amazon,Global,2025-04-07,scikit-learn|statistics|data visualization,3,165849
JOB-1613,Mobile Developer,Apple,India,2025-09-22,swift|firebase|kotlin|javascript|react native|rest api|git,1,3412104
JOB-1614,DevOps Engineer,Apple,Asia Pacific,2026-03-25,aws|git|terraform|docker|ci/cd,10,66709
JOB-1615,Frontend Developer,Zomato,India,2025-12-09,html|javascript|react|next.js,3,1959871
JOB-1616,Cybersecurity Analyst,Razorpay,India,2026-03-14,cybersecurity|linux|ethical hacking,2,1900343
JOB-1617,Software Engineer,Uber,US,2025-11-05,rest api|python|java|agile|c++|linux,3,77354
JOB-1618,ML Engineer,PhonePe,India,2025-02-21,mlops|deep learning|tensorflow|aws|pytorch|docker|python,3,1048250
JOB-1619,Mobile Developer,Adobe,Europe,2025-02-10,rest api|flutter|swift|git|kotlin|javascript|firebase|react native,7,104056
JOB-1620,Software Engineer,Amazon,India,2025-08-25,agile|python|linux|sql|c++|rest api|java,2,3295750
JOB-1621,DevOps Engineer,Wipro,US,2025-10-09,python|kubernetes|ci/cd,5,134509
JOB-1622,Software Engineer,Meta,India,2025-05-23,python|agile|git|c++,3,1108237
JOB-1623,Cybersecurity Analyst,Razorpay,Europe,2025-12-05,linux|cybersecurity|sql|ethical hacking,10,90028
JOB-1624,Cybersecurity Analyst,Meta,India,2025-11-07,linux|ethical hacking|cybersecurity|python|sql|networking,3,2440285
JOB-1625,Product Manager,Oracle,Global,2025-03-12,jira|excel|data analysis|agile|sql,1,94499
JOB-1626,Backend Developer,Uber,India,2025-11-13,python|node.js|redis,2,2963203
JOB-1627,Product Manager,Tech Mahindra,US,2025-03-16,jira|data analysis|sql|agile,2,131005
JOB-1628,Data Engineer,Amazon,Global,2025-02-23,sql|python|docker|big data|hadoop|apache spark,10,63582
JOB-1629,QA Engineer,Netflix,India,2025-03-05,sql|postman|agile,2,3974758
JOB-1630,Frontend Developer,Meta,Europe,2025-11-15,javascript|git|css|react|html|typescript|next.js,3,51403
JOB-1631,Cloud Architect,PhonePe,Global,2026-02-28,azure|linux|docker,3,111561
JOB-1632,Software Engineer,Infosys,US,2025-08-09,git|c++|rest api|python|linux|agile|sql|java,1,142613
JOB-1633,Product Manager,Flipkart,US,2026-01-02,jira|sql|excel,3,119376
JOB-1634,ML Engineer,Wipro,US,2025-04-07,mlops|tensorflow|aws|machine learning|deep learning|pytorch|docker|python,5,72251
JOB-1635,Data Scientist,Swiggy,India,2025-12-22,python|machine learning|pandas|statistics|scikit-learn|deep learning,10,855672
JOB-1636,Software Engineer,Google,US,2026-02-24,java|git|c++|agile|python,3,167354
JOB-1637,Software Engineer,HCL,Europe,2025-02-25,agile|c++|sql|git|linux|java|python,2,103952
JOB-1638,Product Manager,Meta,US,2025-08-23,sql|data analysis|jira,5,112850
JOB-1639,AI Engineer,Infosys,Global,2025-04-12,pytorch|deep learning|computer vision,0,74886
JOB-1640,Software Engineer,Tech Mahindra,US,2025-03-27,linux|agile|sql|c++|rest api,7,153845
JOB-1641,ML Engineer,Adobe,Asia Pacific,2025-12-22,docker|mlops|pytorch|python,0,90054
JOB-1642,Backend Developer,Salesforce,Asia Pacific,2025-06-09,redis|sql|postgresql|rest api|docker|git|node.js,0,77462
JOB-1643,Cybersecurity Analyst,Netflix,India,2025-05-18,cybersecurity|linux|ethical hacking|sql,2,996008
JOB-1644,QA Engineer,Wipro,India,2026-01-03,sql|python|git|agile,3,3378001
JOB-1645,Data Scientist,Amazon,India,2025-10-09,data visualization|machine learning|python|scikit-learn|pandas|sql|deep learning|statistics,0,1108102
JOB-1646,Mobile Developer,PhonePe,India,2025-02-04,flutter|rest api|firebase|kotlin,3,1286235
JOB-1647,Software Engineer,TCS,US,2026-01-09,rest api|linux|agile|git,5,98725
JOB-1648,AI Engineer,Tech Mahindra,India,2026-01-17,python|generative ai|huggingface|computer vision|nlp|tensorflow|deep learning,1,2125245
JOB-1649,Software Engineer,Oracle,US,2025-02-04,linux|git|c++,1,77750
JOB-1650,Backend Developer,PhonePe,India,2025-01-14,docker|redis|python|sql|postgresql,0,1831832
JOB-1651,Cloud Architect,Uber,Europe,2025-06-15,docker|terraform|networking|gcp,5,55465
JOB-1652,Data Analyst,PhonePe,US,2025-09-30,sql|power bi|python,2,85773
JOB-1653,Data Scientist,Swiggy,India,2026-03-05,deep learning|data visualization|python|machine learning|scikit-learn,1,1586354
JOB-1654,Frontend Developer,Meta,Europe,2025-11-15,javascript|git|css|tailwind css,1,110639
JOB-1655,Data Engineer,Adobe,US,2026-03-18,docker|hadoop|postgresql,10,185074
JOB-1656,Product Manager,Flipkart,India,2026-01-16,excel|jira|sql,2,3818303
JOB-1657,DevOps Engineer,Wipro,US,2025-03-09,kubernetes|terraform|docker|linux,10,72632
JOB-1658,ML Engineer,Amazon,US,2025-03-17,docker|aws|machine learning|pytorch|python|mlops|tensorflow,3,165373
JOB-1659,Cloud Architect,Tech Mahindra,India,2025-10-19,terraform|gcp|aws|networking,3,1498118
JOB-1660,Cybersecurity Analyst,Oracle,India,2025-08-02,networking|cybersecurity|python|sql|linux|ethical hacking,3,2848543
JOB-1661,Frontend Developer,Adobe,Global,2025-01-08,tailwind css|css|git|next.js,7,101268
JOB-1662,ML Engineer,Microsoft,Europe,2025-10-16,docker|deep learning|machine learning|python|tensorflow|pytorch|mlops|aws,2,59680
JOB-1663,Frontend Developer,Netflix,India,2025-11-05,css|git|html|tailwind css|react|next.js|typescript,10,1080570
JOB-1664,AI Engineer,Amazon,India,2025-01-05,tensorflow|python|nlp|huggingface|deep learning|pytorch|generative ai|computer vision,1,1054699
JOB-1665,Product Manager,Flipkart,India,2025-10-02,agile|excel|data analysis|jira,5,3459146
JOB-1666,Data Analyst,TCS,US,2025-02-19,excel|pandas|power bi|data analysis|tableau|python,10,161612
JOB-1667,Mobile Developer,Google,US,2026-03-21,swift|react native|flutter|git|rest api|firebase|javascript|kotlin,2,157829
JOB-1668,Software Engineer,Adobe,Asia Pacific,2025-05-23,java|linux|c++|python|rest api|agile,2,107224
JOB-1669,Frontend Developer,HCL,India,2026-02-08,javascript|html|next.js|git|tailwind css|react|typescript,10,693391
JOB-1670,ML Engineer,PhonePe,US,2025-12-28,pytorch|machine learning|docker,2,121095
JOB-1671,Cybersecurity Analyst,Infosys,Europe,2025-09-23,ethical hacking|sql|cybersecurity,3,54486
JOB-1672,Cybersecurity Analyst,HCL,India,2025-07-10,networking|linux|python|ethical hacking,3,1863621
JOB-1673,Full Stack Developer,HCL,India,2025-08-04,javascript|docker|sql|html|node.js|css|react|git|mongodb,10,1045581
JOB-1674,QA Engineer,Infosys,India,2025-02-11,postman|git|python|agile|javascript,5,2157541
JOB-1675,AI Engineer,Razorpay,Europe,2026-02-18,nlp|generative ai|pytorch|huggingface|deep learning|computer vision|python|tensorflow,0,129766
JOB-1676,Data Analyst,Google,Asia Pacific,2025-09-27,power bi|sql|excel,1,62119
JOB-1677,Data Scientist,Wipro,Europe,2025-12-01,pandas|statistics|data visualization|sql|machine learning|deep learning|python,1,58002
JOB-1678,Mobile Developer,HCL,Europe,2026-01-12,flutter|swift|javascript,3,119269
JOB-1679,Backend Developer,Google,US,2025-06-06,rest api|docker|sql|python|postgresql|redis|node.js,7,78265
JOB-1680,Data Engineer,Amazon,Europe,2025-07-02,postgresql|aws|hadoop|docker|big data,2,144368
JOB-1681,QA Engineer,Flipkart,India,2025-01-27,postman|git|sql|agile,5,1635357
JOB-1682,ML Engineer,Amazon,India,2025-02-05,tensorflow|mlops|deep learning|pytorch|docker|aws|machine learning|python,2,797937
JOB-1683,DevOps Engineer,Oracle,US,2025-02-28,aws|docker|ci/cd|terraform|kubernetes|git,10,116384
JOB-1684,DevOps Engineer,Swiggy,Europe,2025-12-27,ci/cd|kubernetes|docker,5,52355
JOB-1685,Product Manager,Razorpay,Europe,2025-02-17,data analysis|excel|jira|sql|agile,10,111788
JOB-1686,Frontend Developer,Microsoft,India,2025-07-03,css|typescript|html|tailwind css,1,1477000
JOB-1687,QA Engineer,Tech Mahindra,Global,2025-10-03,javascript|git|agile|sql|postman|python,3,125276
JOB-1688,DevOps Engineer,Salesforce,US,2025-09-29,docker|python|aws|git|terraform|kubernetes|ci/cd,1,80677
JOB-1689,ML Engineer,Oracle,India,2025-11-11,aws|deep learning|pytorch|docker|mlops|machine learning|tensorflow,5,1977461
JOB-1690,AI Engineer,HCL,India,2025-08-30,computer vision|deep learning|tensorflow|generative ai|huggingface,3,1498027
JOB-1691,Data Engineer,Wipro,India,2026-01-16,hadoop|big data|apache spark|sql|docker|python|postgresql,7,1131501
JOB-1692,Software Engineer,Wipro,Europe,2025-02-18,java|sql|git|agile|rest api|linux|python|c++,0,65624
JOB-1693,Software Engineer,TCS,US,2025-07-21,linux|agile|python,5,101419
JOB-1694,Backend Developer,Salesforce,Global,2025-05-25,python|git|docker|redis|sql|node.js,10,119678
JOB-1695,Data Analyst,Oracle,India,2025-05-10,excel|statistics|sql|data analysis|python|tableau|power bi|pandas,3,3528685
JOB-1696,DevOps Engineer,Amazon,India,2025-09-22,linux|docker|aws,1,904608
JOB-1697,Software Engineer,Tech Mahindra,India,2026-01-31,rest api|java|linux|c++|agile,3,3573644
JOB-1698,Full Stack Developer,Microsoft,Europe,2025-06-23,mongodb|html|javascript,5,100522
JOB-1699,Full Stack Developer,PhonePe,Asia Pacific,2025-01-03,css|html|docker|mongodb|node.js,10,44753
JOB-1700,Full Stack Developer,Google,India,2025-03-30,node.js|git|docker|react|html|javascript|sql,3,3141526
JOB-1701,Data Scientist,Amazon,India,2025-06-18,data visualization|scikit-learn|machine learning|statistics,1,2590170
JOB-1702,Product Manager,Adobe,Global,2025-05-21,excel|jira|agile|data analysis,3,131850
JOB-1703,Backend Developer,Salesforce,US,2025-03-11,redis|node.js|rest api|git,2,191033
JOB-1704,AI Engineer,Meta,Global,2025-08-15,huggingface|tensorflow|python|deep learning|nlp|pytorch|computer vision,3,131243
JOB-1705,Data Engineer,Meta,US,2025-02-06,apache spark|python|sql|big data|hadoop,2,103577
JOB-1706,DevOps Engineer,Netflix,Europe,2025-07-07,linux|kubernetes|terraform|python,2,64546
JOB-1707,Data Analyst,Amazon,India,2026-03-25,power bi|pandas|statistics|tableau|sql,1,2944811
JOB-1708,Product Manager,Swiggy,India,2025-10-05,excel|sql|data analysis|jira,0,3600399
JOB-1709,AI Engineer,Infosys,India,2025-11-03,deep learning|generative ai|computer vision|pytorch|huggingface|tensorflow,10,3120983
JOB-1710,Cloud Architect,Zomato,Global,2026-01-08,aws|azure|docker|terraform|kubernetes,1,94791
JOB-1711,ML Engineer,TCS,India,2025-10-17,python|aws|pytorch|tensorflow|deep learning|machine learning,1,3982807
JOB-1712,Full Stack Developer,HCL,US,2026-01-06,sql|html|docker|node.js,1,131970
JOB-1713,Mobile Developer,Wipro,India,2025-03-14,react native|swift|javascript|kotlin|git|rest api|firebase,2,3713491
JOB-1714,Data Scientist,Flipkart,US,2026-02-18,machine learning|pandas|statistics|data visualization|sql,5,197059
JOB-1715,QA Engineer,Zomato,India,2025-10-09,git|postman|python|agile,2,3456804
JOB-1716,Data Scientist,Microsoft,US,2025-03-03,deep learning|scikit-learn|python|sql|statistics|pandas|data visualization|machine learning,2,80515
JOB-1717,QA Engineer,Uber,US,2025-12-22,postman|agile|javascript|git|sql,10,155442
JOB-1718,Cybersecurity Analyst,Meta,US,2025-05-06,ethical hacking|linux|python|networking|cybersecurity|sql,0,155904
JOB-1719,Full Stack Developer,TCS,India,2025-01-11,mongodb|javascript|git|node.js|react|css,7,1205432
JOB-1720,Cloud Architect,HCL,India,2025-12-22,docker|aws|gcp|linux|networking|azure|kubernetes|terraform,3,3630298
JOB-1721,Cybersecurity Analyst,HCL,India,2025-12-02,python|ethical hacking|networking|sql,1,600184
JOB-1722,Mobile Developer,Amazon,US,2025-01-02,rest api|swift|firebase|git|flutter|javascript|kotlin|react native,3,123096
JOB-1723,Product Manager,Flipkart,US,2025-07-09,agile|sql|data analysis|excel|jira,2,149384
JOB-1724,Cloud Architect,Razorpay,Europe,2025-10-28,networking|gcp|terraform|kubernetes|azure|linux,1,91705
JOB-1725,Product Manager,Microsoft,Europe,2026-03-20,agile|sql|data analysis|jira,3,139653
JOB-1726,Backend Developer,Infosys,India,2025-08-16,redis|docker|sql|rest api|python|git|node.js,3,1775106
JOB-1727,Mobile Developer,Uber,US,2025-10-30,git|swift|rest api|kotlin|javascript,2,117511
JOB-1728,Data Analyst,Amazon,Europe,2025-05-18,excel|statistics|pandas,2,126902
JOB-1729,QA Engineer,Meta,India,2025-09-07,sql|agile|javascript,2,3000713
JOB-1730,Cybersecurity Analyst,Zomato,Europe,2025-04-23,linux|cybersecurity|networking|ethical hacking|sql|python,2,124975
JOB-1731,Product Manager,TCS,India,2025-05-20,agile|excel|jira|sql,2,2336839
JOB-1732,Frontend Developer,Wipro,India,2025-08-09,typescript|react|next.js|tailwind css|css|git,2,961116
JOB-1733,Data Engineer,Microsoft,India,2025-08-26,sql|docker|hadoop,2,1545751
JOB-1734,QA Engineer,HCL,India,2025-12-28,python|sql|agile|git,1,2801401
JOB-1735,Data Engineer,Uber,US,2025-11-23,aws|docker|big data,1,196627
JOB-1736,Full Stack Developer,Amazon,India,2025-01-23,mongodb|react|node.js|css|docker|javascript|sql|html|git,2,3178391
JOB-1737,QA Engineer,Apple,India,2026-02-13,postman|javascript|git|agile,2,1697338
JOB-1738,AI Engineer,Amazon,India,2025-03-06,nlp|tensorflow|deep learning|huggingface,2,747483
JOB-1739,Backend Developer,Swiggy,India,2025-02-23,sql|rest api|redis|python,1,610086
JOB-1740,Cybersecurity Analyst,Google,India,2025-09-16,cybersecurity|linux|ethical hacking|python,3,2510232
JOB-1741,QA Engineer,Microsoft,US,2025-04-04,javascript|agile|sql,2,141035
JOB-1742,Mobile Developer,Microsoft,US,2025-06-03,react native|kotlin|firebase|git|rest api|swift|flutter|javascript,0,126435
JOB-1743,Full Stack Developer,Uber,Europe,2025-10-20,mongodb|react|node.js|sql|css|git|docker|html|javascript,1,135694
JOB-1744,Backend Developer,TCS,US,2026-02-04,git|sql|postgresql|docker|node.js,1,125721
JOB-1745,DevOps Engineer,Amazon,US,2025-09-06,ci/cd|kubernetes|terraform|python|docker|linux|aws,5,86926
JOB-1746,Backend Developer,Microsoft,India,2025-08-23,redis|rest api|git|sql|python|docker|postgresql|node.js,10,3426614
JOB-1747,Product Manager,Google,US,2025-03-02,jira|data analysis|excel,7,96110
JOB-1748,Data Scientist,Wipro,US,2025-08-05,pandas|scikit-learn|python|statistics|sql,10,130469
JOB-1749,DevOps Engineer,Netflix,US,2025-10-31,docker|ci/cd|aws,7,179362
JOB-1750,QA Engineer,Meta,Asia Pacific,2025-03-30,python|javascript|postman|git|agile,5,42998
JOB-1751,Product Manager,TCS,India,2025-07-29,sql|jira|data analysis,1,2701628
JOB-1752,Mobile Developer,Tech Mahindra,India,2025-12-14,react native|git|flutter,5,3844584
JOB-1753,ML Engineer,Microsoft,India,2025-05-31,python|pytorch|machine learning|mlops|aws|tensorflow,7,2990785
JOB-1754,Backend Developer,TCS,US,2025-01-21,docker|redis|rest api|sql,10,80272
JOB-1755,QA Engineer,Apple,India,2026-02-06,sql|python|postman,7,3146846
JOB-1756,Full Stack Developer,Flipkart,India,2025-06-04,javascript|react|git|css|sql,0,2431004
JOB-1757,Cloud Architect,Uber,India,2025-01-30,aws|linux|kubernetes|docker|terraform|gcp|azure|networking,0,2459638
JOB-1758,Cloud Architect,Meta,Asia Pacific,2026-03-21,networking|azure|terraform|gcp|aws|linux|kubernetes|docker,7,75515
JOB-1759,QA Engineer,TCS,Global,2025-06-29,sql|git|javascript|python|agile|postman,1,117564
JOB-1760,DevOps Engineer,Tech Mahindra,Europe,2025-04-23,docker|git|linux|python|aws|terraform|kubernetes,3,79854
JOB-1761,Cloud Architect,Google,India,2025-04-19,networking|docker|linux|terraform,10,1194495
JOB-1762,Data Analyst,Flipkart,Asia Pacific,2025-04-15,power bi|sql|pandas|statistics,0,65650
JOB-1763,Data Engineer,Tech Mahindra,India,2026-01-01,docker|python|apache spark|aws|sql|postgresql,1,3378305
JOB-1764,Full Stack Developer,Wipro,US,2025-10-04,node.js|sql|mongodb|docker|html|react|css,7,165190
JOB-1765,Cybersecurity Analyst,Uber,India,2025-03-27,cybersecurity|linux|ethical hacking|sql|networking,5,1495176
JOB-1766,Backend Developer,Amazon,India,2026-01-29,docker|postgresql|redis,3,3554074
JOB-1767,Frontend Developer,Microsoft,US,2025-01-01,css|react|next.js|typescript|git|tailwind css,2,72438
JOB-1768,Cloud Architect,Oracle,Global,2025-03-31,kubernetes|terraform|aws|networking|docker|linux|gcp,3,98980
JOB-1769,Full Stack Developer,Wipro,Asia Pacific,2026-01-27,react|docker|html|node.js|javascript|css,3,115589
JOB-1770,Data Analyst,Swiggy,Global,2025-08-14,sql|tableau|data analysis|statistics,3,115094
JOB-1771,Full Stack Developer,Infosys,Asia Pacific,2025-07-20,css|javascript|mongodb|git|node.js|html,5,77372
JOB-1772,Backend Developer,Wipro,Global,2026-02-10,postgresql|node.js|docker|git|rest api|sql,2,178411
JOB-1773,Backend Developer,Tech Mahindra,Europe,2025-03-23,node.js|redis|sql,2,131618
JOB-1774,DevOps Engineer,Oracle,Europe,2025-04-22,linux|kubernetes|docker|git,5,93809
JOB-1775,Data Analyst,Adobe,US,2025-08-18,power bi|sql|statistics|data analysis|excel|tableau|pandas|python,2,118861
JOB-1776,Cybersecurity Analyst,Amazon,Asia Pacific,2025-03-10,linux|python|cybersecurity|sql,5,47649
JOB-1777,Mobile Developer,HCL,India,2025-02-03,react native|swift|rest api|kotlin,10,3530720
JOB-1778,Mobile Developer,HCL,Europe,2025-06-28,rest api|react native|git|firebase|kotlin|flutter|javascript|swift,2,81126
JOB-1779,DevOps Engineer,Apple,Europe,2026-02-27,ci/cd|git|kubernetes|linux|docker|aws,2,74020
JOB-1780,AI Engineer,Adobe,US,2026-01-06,pytorch|huggingface|tensorflow|generative ai|nlp|python,2,123953
JOB-1781,Full Stack Developer,Flipkart,India,2025-04-20,docker|sql|html|mongodb|git|node.js|react,3,2607428
JOB-1782,Full Stack Developer,Meta,India,2025-05-24,html|react|sql|mongodb|javascript|node.js|css,3,1247377
JOB-1783,Data Scientist,Swiggy,India,2026-01-16,pandas|sql|statistics|data visualization,2,703376
JOB-1784,Product Manager,Razorpay,Global,2026-03-02,agile|jira|data analysis|excel|sql,2,72885
JOB-1785,Software Engineer,Razorpay,India,2025-12-04,linux|sql|rest api|agile|python|git|java|c++,1,2090229
JOB-1786,Software Engineer,Oracle,Europe,2025-01-26,sql|python|c++,3,137818
JOB-1787,Backend Developer,Microsoft,Global,2025-07-29,git|redis|node.js|sql,3,61073
JOB-1788,Mobile Developer,Meta,India,2025-07-21,flutter|react native|kotlin|rest api|javascript,3,3847995
JOB-1789,Frontend Developer,Meta,US,2025-11-16,react|javascript|html|next.js|typescript|git|css|tailwind css,3,198670
JOB-1790,Data Engineer,Salesforce,India,2025-05-25,apache spark|postgresql|hadoop|docker|sql|aws|big data|python,3,1493708
JOB-1791,Backend Developer,TCS,Global,2025-01-27,postgresql|sql|node.js|rest api|redis|docker,7,58222
JOB-1792,Product Manager,Amazon,India,2025-09-10,sql|data analysis|excel|jira|agile,7,3207950
JOB-1793,Data Engineer,Swiggy,India,2025-06-19,python|sql|apache spark|postgresql|aws|docker|hadoop|big data,7,3106953
JOB-1794,Backend Developer,Swiggy,India,2025-07-07,rest api|redis|python|node.js|docker|sql|git|postgresql,0,2729974
JOB-1795,Frontend Developer,Apple,India,2025-01-17,next.js|tailwind css|javascript|typescript,1,1542439
JOB-1796,Product Manager,Razorpay,India,2026-01-30,agile|sql|excel,5,1721662
JOB-1797,DevOps Engineer,Wipro,India,2025-03-23,ci/cd|terraform|python|docker|git|linux|aws|kubernetes,3,2956410
JOB-1798,Full Stack Developer,Razorpay,Europe,2026-01-30,javascript|docker|css|html|mongodb|node.js,2,95939
JOB-1799,Backend Developer,Wipro,India,2026-01-28,redis|docker|git,2,1534471
JOB-1800,DevOps Engineer,Netflix,India,2025-03-16,python|kubernetes|aws|docker|git|terraform|ci/cd|linux,2,3461450
JOB-1801,Cybersecurity Analyst,Salesforce,India,2025-04-28,cybersecurity|ethical hacking|sql|linux|networking|python,3,2731170
JOB-1802,QA Engineer,PhonePe,US,2025-04-14,postman|git|sql|agile,2,127940
JOB-1803,Frontend Developer,Infosys,US,2025-02-28,javascript|react|typescript|next.js|html|git|css,0,79630
JOB-1804,Data Analyst,Amazon,India,2025-12-03,tableau|sql|statistics|excel|pandas,0,2393003
JOB-1805,DevOps Engineer,Tech Mahindra,Europe,2026-03-14,git|aws|docker|kubernetes|ci/cd|python,2,122964
JOB-1806,Product Manager,Netflix,India,2025-08-07,excel|jira|data analysis,2,995982
JOB-1807,Cloud Architect,HCL,India,2025-05-30,terraform|aws|azure|linux,1,3070565
JOB-1808,Data Scientist,Flipkart,US,2025-01-03,scikit-learn|sql|pandas|deep learning|python|data visualization|statistics|machine learning,1,175512
JOB-1809,Data Scientist,Flipkart,Europe,2025-10-24,scikit-learn|pandas|statistics,0,86288
JOB-1810,Product Manager,Meta,US,2025-07-02,jira|sql|data analysis|excel,10,84012
JOB-1811,Mobile Developer,HCL,US,2025-02-04,swift|firebase|flutter|kotlin|git|javascript,0,180713
JOB-1812,DevOps Engineer,TCS,Europe,2025-07-14,git|linux|terraform|ci/cd|docker,1,94379
JOB-1813,DevOps Engineer,TCS,US,2026-03-17,git|ci/cd|docker|python|kubernetes|terraform,5,164440
JOB-1814,Mobile Developer,Oracle,India,2025-03-26,kotlin|javascript|swift|firebase|flutter|rest api|react native,3,2319080
JOB-1815,Software Engineer,TCS,US,2026-03-04,git|sql|rest api,3,186723
JOB-1816,Software Engineer,Google,India,2026-03-15,git|agile|java|linux|sql|python|c++|rest api,3,1910032
JOB-1817,Full Stack Developer,Razorpay,India,2025-05-24,sql|css|react|docker|node.js|git|html,1,3609257
JOB-1818,Data Analyst,Meta,US,2025-08-16,data analysis|sql|power bi|tableau|python,5,129117
JOB-1819,Cloud Architect,Microsoft,US,2025-05-10,azure|aws|gcp|kubernetes,10,127937
JOB-1820,QA Engineer,Razorpay,US,2025-02-01,python|sql|postman|git|javascript,7,104173
JOB-1821,Frontend Developer,Flipkart,Global,2025-03-12,next.js|react|git|html,3,75482
JOB-1822,Software Engineer,Microsoft,US,2025-12-28,linux|git|java|sql|python|rest api,2,110149
JOB-1823,Data Engineer,Zomato,India,2025-04-10,hadoop|big data|sql,3,2707785
JOB-1824,Cloud Architect,Zomato,Europe,2025-02-17,kubernetes|terraform|linux|aws|gcp,1,90131
JOB-1825,Software Engineer,Netflix,Asia Pacific,2025-02-05,linux|python|c++|sql,7,44100
JOB-1826,Product Manager,Microsoft,US,2026-01-28,sql|data analysis|excel,7,174181
JOB-1827,Backend Developer,Oracle,US,2025-09-26,postgresql|python|sql|rest api,5,133372
JOB-1828,QA Engineer,Flipkart,US,2025-09-25,git|javascript|postman,3,187957
JOB-1829,Mobile Developer,Flipkart,US,2025-03-20,firebase|flutter|kotlin|react native|rest api|swift|javascript,5,178447
JOB-1830,Cloud Architect,Zomato,US,2025-03-27,gcp|aws|terraform,3,78308
JOB-1831,Data Scientist,Meta,Europe,2026-03-01,python|statistics|deep learning|scikit-learn,2,100808
JOB-1832,DevOps Engineer,Uber,India,2025-04-17,aws|python|kubernetes|docker,10,1135632
JOB-1833,QA Engineer,Meta,India,2026-03-21,sql|python|git|postman|agile|javascript,1,3954086
JOB-1834,DevOps Engineer,Salesforce,Global,2026-01-05,terraform|python|kubernetes,10,102616
JOB-1835,Cybersecurity Analyst,Netflix,Global,2026-03-11,ethical hacking|sql|cybersecurity|python|linux|networking,5,81301
JOB-1836,Cybersecurity Analyst,HCL,US,2025-12-05,cybersecurity|networking|linux,1,105120
JOB-1837,Backend Developer,Razorpay,India,2025-05-06,python|sql|node.js|docker,3,2208334
JOB-1838,QA Engineer,PhonePe,India,2025-03-03,javascript|sql|git|python|postman,0,3511030
JOB-1839,QA Engineer,HCL,Asia Pacific,2025-04-27,python|agile|sql|postman|javascript|git,5,58989
JOB-1840,Product Manager,Wipro,Asia Pacific,2025-07-28,sql|jira|excel|data analysis,5,44153
JOB-1841,Software Engineer,Microsoft,US,2025-12-25,linux|sql|java,2,122838
JOB-1842,Backend Developer,Microsoft,India,2025-11-15,docker|python|postgresql,2,2310230
JOB-1843,Cybersecurity Analyst,PhonePe,Asia Pacific,2026-03-26,sql|networking|cybersecurity|ethical hacking|python,1,91342
JOB-1844,QA Engineer,Razorpay,Global,2026-03-03,postman|javascript|agile|python|sql|git,2,176404
JOB-1845,DevOps Engineer,Infosys,India,2025-02-16,ci/cd|git|aws|linux|docker|terraform,3,2409390
JOB-1846,DevOps Engineer,TCS,Asia Pacific,2025-03-18,linux|git|docker|terraform|kubernetes|python|aws,3,57813
JOB-1847,ML Engineer,Infosys,US,2026-02-24,python|pytorch|tensorflow|docker|aws,5,114390
JOB-1848,Mobile Developer,Amazon,Europe,2025-06-19,git|javascript|react native|flutter,1,65362
JOB-1849,Cloud Architect,Amazon,India,2026-02-05,kubernetes|gcp|linux,2,1429418
JOB-1850,Data Scientist,Apple,Europe,2025-03-09,statistics|sql|data visualization|python|deep learning|pandas|scikit-learn|machine learning,7,64959
JOB-1851,Product Manager,HCL,Global,2025-07-02,jira|excel|agile|data analysis|sql,3,148279
JOB-1852,QA Engineer,Uber,Asia Pacific,2025-10-18,postman|git|javascript|python|sql,3,48958
JOB-1853,ML Engineer,Swiggy,India,2026-03-26,machine learning|python|deep learning|pytorch|aws|docker,2,3567474
JOB-1854,Full Stack Developer,Microsoft,Global,2025-02-28,javascript|sql|react|git|node.js|css,1,88921
JOB-1855,Cybersecurity Analyst,Microsoft,Asia Pacific,2025-07-25,linux|cybersecurity|sql,3,87201
JOB-1856,Data Engineer,Infosys,Asia Pacific,2026-03-12,apache spark|docker|sql|postgresql,1,44849
JOB-1857,DevOps Engineer,Flipkart,Europe,2025-06-10,docker|kubernetes|aws|ci/cd|terraform|linux|python|git,7,89860
JOB-1858,AI Engineer,Oracle,Asia Pacific,2025-11-30,huggingface|tensorflow|pytorch|nlp|deep learning,5,41027
JOB-1859,Frontend Developer,Uber,Europe,2025-12-18,html|typescript|css|next.js|react|javascript,2,70526
JOB-1860,AI Engineer,Infosys,US,2025-06-02,computer vision|tensorflow|huggingface|generative ai|deep learning|python,3,99404
JOB-1861,AI Engineer,Apple,US,2025-07-06,generative ai|deep learning|huggingface|python|pytorch|nlp|computer vision,3,76829
JOB-1862,Cybersecurity Analyst,Salesforce,US,2026-02-20,linux|networking|ethical hacking|cybersecurity,3,121516
JOB-1863,Data Analyst,Tech Mahindra,Europe,2025-05-06,excel|tableau|python|statistics|data analysis|sql|power bi,3,83464
JOB-1864,Mobile Developer,Zomato,India,2025-08-25,swift|git|javascript|rest api,2,2005555
JOB-1865,Cybersecurity Analyst,Amazon,Europe,2026-03-20,linux|python|ethical hacking,5,111388
JOB-1866,Frontend Developer,Meta,India,2025-01-28,next.js|react|tailwind css|css|git|html|javascript,3,3917520
JOB-1867,Data Analyst,Wipro,Europe,2025-10-12,excel|data analysis|statistics|sql|power bi,2,135406
JOB-1868,Frontend Developer,Infosys,Europe,2025-08-15,html|javascript|typescript|git|next.js,10,105505
JOB-1869,Data Analyst,Adobe,India,2025-04-16,pandas|tableau|sql|power bi|data analysis|excel|python|statistics,7,1282931
JOB-1870,Cloud Architect,TCS,US,2025-09-09,aws|networking|azure|terraform|kubernetes,1,196822
JOB-1871,QA Engineer,Apple,Global,2025-05-30,sql|agile|postman,10,179306
JOB-1872,Full Stack Developer,Wipro,US,2025-10-15,react|mongodb|sql|css|git|docker,5,81137
JOB-1873,Mobile Developer,Wipro,India,2025-10-10,react native|flutter|javascript|rest api|swift|kotlin,10,1262737
JOB-1874,Data Analyst,Tech Mahindra,India,2025-12-24,statistics|power bi|data analysis|sql|python,1,1046918
JOB-1875,Data Engineer,Netflix,Europe,2025-07-30,postgresql|big data|docker|hadoop|python,3,108418
JOB-1876,Frontend Developer,PhonePe,India,2025-06-12,typescript|css|html|next.js|react,5,667583
JOB-1877,Mobile Developer,Meta,US,2025-11-10,react native|kotlin|javascript|flutter|swift|git|firebase,7,119630
JOB-1878,Data Engineer,Salesforce,US,2026-02-23,apache spark|sql|hadoop|postgresql|aws|docker|python|big data,7,81231
JOB-1879,Data Engineer,Zomato,India,2025-07-23,python|hadoop|aws|postgresql|docker,2,3085186
JOB-1880,Cybersecurity Analyst,Razorpay,US,2025-01-30,python|cybersecurity|networking|linux,5,190125
JOB-1881,QA Engineer,Microsoft,India,2025-04-06,javascript|postman|agile|python|sql|git,0,1737650
JOB-1882,Data Engineer,Meta,Europe,2025-04-24,apache spark|big data|hadoop|sql,5,103001
JOB-1883,Product Manager,Adobe,Europe,2026-01-22,agile|excel|jira,0,89125
JOB-1884,DevOps Engineer,Microsoft,Europe,2025-06-30,ci/cd|linux|python|terraform|git,3,147155
JOB-1885,AI Engineer,Flipkart,Europe,2025-11-13,tensorflow|deep learning|pytorch|nlp|computer vision,2,95984
JOB-1886,DevOps Engineer,Zomato,India,2025-01-15,aws|linux|ci/cd|git|terraform|python|kubernetes,5,1093597
JOB-1887,Product Manager,Oracle,US,2025-10-10,agile|data analysis|jira|excel|sql,3,181761
JOB-1888,Frontend Developer,Apple,US,2025-12-06,css|html|next.js|react,0,136171
JOB-1889,Cybersecurity Analyst,Tech Mahindra,India,2025-04-17,python|cybersecurity|ethical hacking|linux|networking,3,2857093
JOB-1890,DevOps Engineer,Razorpay,Europe,2025-07-13,ci/cd|git|aws|linux|kubernetes|python,1,147858
JOB-1891,Data Engineer,Flipkart,India,2025-04-08,apache spark|sql|aws|hadoop|python|docker|big data|postgresql,2,3686282
JOB-1892,AI Engineer,Razorpay,US,2025-05-24,huggingface|deep learning|nlp|python|pytorch|tensorflow|computer vision,5,140270
JOB-1893,Backend Developer,Amazon,Europe,2025-11-15,git|sql|docker,3,55312
JOB-1894,AI Engineer,Zomato,India,2026-03-18,tensorflow|huggingface|deep learning|generative ai|pytorch|python|nlp,1,1751332
JOB-1895,Mobile Developer,Uber,India,2026-01-08,git|rest api|flutter,1,2877313
JOB-1896,Frontend Developer,Microsoft,Europe,2025-07-12,next.js|typescript|tailwind css|css|git|html,3,142525
JOB-1897,Software Engineer,Netflix,India,2025-06-27,c++|git|agile|java|python|linux,1,2411920
JOB-1898,Cybersecurity Analyst,Microsoft,India,2025-06-26,ethical hacking|sql|networking|linux|cybersecurity,3,3571732
JOB-1899,ML Engineer,Netflix,Global,2025-05-10,mlops|pytorch|machine learning,0,166209
JOB-1900,ML Engineer,Tech Mahindra,Europe,2025-07-08,pytorch|mlops|aws|machine learning|docker|tensorflow|python|deep learning,2,61817
JOB-1901,DevOps Engineer,HCL,India,2025-05-27,docker|aws|kubernetes|python|linux|terraform|ci/cd,2,822047
JOB-1902,ML Engineer,Wipro,India,2026-03-15,deep learning|aws|mlops|tensorflow|pytorch|python|machine learning|docker,10,1446610
JOB-1903,AI Engineer,Uber,US,2026-03-06,pytorch|python|deep learning|tensorflow|generative ai,3,178823
JOB-1904,Software Engineer,Salesforce,US,2025-12-09,java|c++|git|rest api,3,186412
JOB-1905,QA Engineer,Wipro,Europe,2025-03-13,javascript|sql|postman|agile,2,78333
JOB-1906,Cybersecurity Analyst,Adobe,India,2025-03-14,networking|cybersecurity|ethical hacking|sql|linux|python,0,2148244
JOB-1907,ML Engineer,Zomato,India,2026-03-21,tensorflow|machine learning|aws|python,2,2105883
JOB-1908,Backend Developer,Zomato,Europe,2025-06-30,docker|git|rest api|node.js|postgresql|python|sql|redis,10,67696
JOB-1909,Data Scientist,Meta,US,2025-02-02,deep learning|statistics|sql,0,89965
JOB-1910,QA Engineer,TCS,Asia Pacific,2025-08-13,git|postman|python|javascript,2,72784
JOB-1911,AI Engineer,Zomato,India,2026-02-27,nlp|generative ai|python|pytorch|tensorflow|computer vision|huggingface|deep learning,10,2220269
JOB-1912,Data Engineer,Netflix,India,2025-09-01,docker|hadoop|python|apache spark|postgresql|big data|sql|aws,3,889112
JOB-1913,Cybersecurity Analyst,Zomato,US,2025-05-06,ethical hacking|cybersecurity|linux|sql|python|networking,10,118522
JOB-1914,Backend Developer,Salesforce,Europe,2025-06-18,sql|git|rest api|node.js|docker,5,67878
JOB-1915,ML Engineer,PhonePe,India,2025-07-27,python|aws|tensorflow|machine learning|mlops|deep learning,0,3172496
JOB-1916,Software Engineer,Google,India,2025-03-12,c++|sql|python|agile,2,675018
JOB-1917,Data Scientist,Wipro,Europe,2025-06-28,scikit-learn|pandas|sql|data visualization|statistics|machine learning,0,85502
JOB-1918,ML Engineer,HCL,Europe,2025-03-24,docker|machine learning|pytorch|deep learning|tensorflow|aws,2,64987
JOB-1919,AI Engineer,Tech Mahindra,Europe,2026-01-20,pytorch|tensorflow|computer vision|python|generative ai|nlp|deep learning|huggingface,3,73229
JOB-1920,Full Stack Developer,Oracle,India,2025-05-15,node.js|react|mongodb|sql|git,3,3325448
JOB-1921,Software Engineer,Meta,India,2025-03-09,git|python|rest api|c++|java|agile|sql,1,1187344
JOB-1922,Data Scientist,Razorpay,Europe,2025-04-07,machine learning|pandas|scikit-learn|python|data visualization|deep learning,2,104104
JOB-1923,Software Engineer,Amazon,Asia Pacific,2025-04-12,agile|git|python|linux|rest api|sql|java|c++,10,90117
JOB-1924,Data Engineer,TCS,US,2025-04-22,apache spark|aws|python,3,195918
JOB-1925,Data Engineer,HCL,US,2025-08-03,python|postgresql|big data|aws,2,84866
JOB-1926,Mobile Developer,Netflix,India,2026-01-08,firebase|rest api|javascript|git,10,3924765
JOB-1927,Backend Developer,Infosys,India,2025-05-08,postgresql|sql|rest api|docker|git|redis|python|node.js,0,1304259
JOB-1928,Data Scientist,Tech Mahindra,US,2025-12-26,pandas|statistics|data visualization|sql|machine learning|deep learning|python|scikit-learn,3,188452
JOB-1929,Data Analyst,Flipkart,US,2026-02-08,excel|pandas|power bi,0,181226
JOB-1930,Full Stack Developer,Flipkart,India,2025-07-05,css|javascript|node.js,1,2316476
JOB-1931,Data Engineer,Netflix,India,2025-01-29,python|aws|apache spark|postgresql|sql|hadoop|docker|big data,5,3597050
JOB-1932,Cloud Architect,Wipro,Europe,2025-09-06,aws|networking|linux|docker|gcp|kubernetes,7,85284
JOB-1933,Full Stack Developer,Salesforce,India,2026-03-23,mongodb|javascript|git|html|sql|react|css|node.js|docker,7,2774232
JOB-1934,Cloud Architect,Microsoft,Global,2025-03-01,docker|networking|aws|gcp,1,53877
JOB-1935,Data Engineer,Flipkart,US,2026-01-20,hadoop|aws|postgresql|docker|sql|apache spark|python,2,96620
JOB-1936,Full Stack Developer,Wipro,US,2025-07-31,html|docker|mongodb|git|node.js|react,10,104229
JOB-1937,Cybersecurity Analyst,Uber,India,2026-03-08,networking|linux|cybersecurity|ethical hacking|sql|python,2,3535245
JOB-1938,DevOps Engineer,Uber,US,2025-08-11,python|terraform|git|kubernetes|linux|aws|docker|ci/cd,2,84674
JOB-1939,AI Engineer,Netflix,India,2025-01-19,deep learning|pytorch|generative ai|python|nlp|huggingface|tensorflow|computer vision,2,3259720
JOB-1940,AI Engineer,PhonePe,India,2026-02-05,huggingface|tensorflow|computer vision|generative ai|pytorch|deep learning|nlp|python,10,2154041
JOB-1941,ML Engineer,Oracle,India,2025-04-14,aws|deep learning|machine learning|mlops|docker,1,2464501
JOB-1942,ML Engineer,Meta,US,2025-09-08,docker|python|tensorflow|pytorch,3,155549
JOB-1943,Software Engineer,Wipro,US,2025-03-19,c++|agile|rest api|linux,2,140477
JOB-1944,Backend Developer,PhonePe,India,2026-03-09,redis|sql|rest api,5,2881740
JOB-1945,Frontend Developer,Salesforce,India,2025-04-23,typescript|next.js|react,1,1481455
JOB-1946,Mobile Developer,Wipro,India,2025-05-22,flutter|swift|javascript|react native|rest api,2,2504081
JOB-1947,Product Manager,Microsoft,Global,2025-09-16,excel|sql|agile,7,123072
JOB-1948,Software Engineer,PhonePe,Global,2025-03-27,agile|c++|rest api|java,10,121473
JOB-1949,AI Engineer,Adobe,Global,2025-07-23,tensorflow|generative ai|huggingface|python|pytorch,2,124217
JOB-1950,Data Engineer,Infosys,Global,2025-05-18,aws|python|postgresql|sql|big data|apache spark|docker|hadoop,0,159768
JOB-1951,ML Engineer,Apple,Europe,2025-08-26,docker|pytorch|tensorflow|machine learning|deep learning|python|mlops|aws,5,118315
JOB-1952,DevOps Engineer,HCL,India,2025-11-11,linux|ci/cd|terraform|aws|docker|kubernetes,2,2370389
JOB-1953,AI Engineer,Oracle,Asia Pacific,2025-02-20,tensorflow|python|huggingface|deep learning|nlp|pytorch|generative ai|computer vision,2,64698
JOB-1954,Data Analyst,Google,US,2025-09-02,data analysis|python|sql|excel|power bi|pandas|tableau|statistics,1,165379
JOB-1955,Data Analyst,Salesforce,Asia Pacific,2025-04-26,python|tableau|power bi|data analysis|excel,2,45474
JOB-1956,QA Engineer,Uber,India,2025-03-28,agile|sql|postman|javascript|git,2,2981161
JOB-1957,Data Scientist,Adobe,India,2025-08-31,machine learning|data visualization|scikit-learn,3,1059369
JOB-1958,Full Stack Developer,Meta,India,2025-12-25,sql|css|react|git|node.js|html|docker|mongodb,3,1549731
JOB-1959,Frontend Developer,Microsoft,Europe,2025-09-17,html|react|next.js,10,82194
JOB-1960,Data Engineer,PhonePe,India,2025-10-27,docker|apache spark|sql,1,1279678
JOB-1961,AI Engineer,Adobe,US,2025-03-22,computer vision|deep learning|generative ai|nlp|tensorflow,3,115335
JOB-1962,Cloud Architect,Adobe,Europe,2025-01-25,azure|kubernetes|docker|networking|aws|terraform,0,118203
JOB-1963,Mobile Developer,PhonePe,US,2025-08-15,firebase|javascript|rest api|kotlin|flutter,1,85640
JOB-1964,Data Engineer,PhonePe,US,2025-01-12,sql|postgresql|docker|hadoop|python|apache spark|aws,10,78583
JOB-1965,Backend Developer,HCL,US,2025-09-27,rest api|node.js|postgresql|python|git|redis|docker|sql,2,105763
JOB-1966,Backend Developer,Infosys,Asia Pacific,2025-07-01,redis|rest api|git|docker|node.js,10,101276
JOB-1967,DevOps Engineer,Adobe,Global,2025-12-12,python|kubernetes|docker|ci/cd|linux|git|aws|terraform,3,59144
JOB-1968,Frontend Developer,Infosys,Europe,2025-08-09,typescript|tailwind css|next.js|html|css|git|javascript|react,5,116297
JOB-1969,Full Stack Developer,Meta,India,2025-06-21,javascript|sql|node.js|docker|react|git,5,2330174
JOB-1970,Data Engineer,TCS,India,2025-01-08,docker|postgresql|python|hadoop|apache spark|aws|sql,1,781410
JOB-1971,Product Manager,Razorpay,Europe,2025-03-19,sql|excel|agile,5,104524
JOB-1972,Frontend Developer,Oracle,Europe,2025-11-25,tailwind css|next.js|typescript|html|javascript,5,85500
JOB-1973,Data Scientist,HCL,Global,2026-01-07,machine learning|statistics|data visualization|scikit-learn|pandas,7,150671
JOB-1974,Backend Developer,Netflix,India,2025-05-21,sql|node.js|postgresql|docker|rest api|git,0,2928754
JOB-1975,Mobile Developer,Wipro,US,2026-01-02,react native|rest api|kotlin|firebase|swift|flutter,2,97003
JOB-1976,ML Engineer,Uber,US,2025-11-15,python|tensorflow|mlops|pytorch,10,76630
JOB-1977,Full Stack Developer,HCL,India,2025-11-08,css|node.js|git|docker|mongodb|react|sql|javascript,3,3035324
JOB-1978,Data Scientist,Tech Mahindra,US,2025-03-20,machine learning|deep learning|sql|pandas|statistics,0,89121
JOB-1979,Cloud Architect,Wipro,Global,2025-02-04,azure|gcp|linux|aws,2,116220
JOB-1980,Cloud Architect,Netflix,India,2026-03-22,gcp|azure|aws|docker|networking,0,785648
JOB-1981,AI Engineer,Swiggy,Europe,2025-05-30,python|nlp|computer vision|deep learning|huggingface|tensorflow|generative ai,10,65014
JOB-1982,Frontend Developer,Swiggy,India,2025-05-16,tailwind css|html|typescript|react|css|next.js,7,1626117
JOB-1983,Data Analyst,Netflix,Europe,2025-07-06,statistics|pandas|tableau|data analysis|excel|power bi|python|sql,2,106718
JOB-1984,Backend Developer,Google,India,2026-01-31,docker|python|node.js|sql|git|rest api,1,1436960
JOB-1985,Cloud Architect,Flipkart,US,2025-03-30,aws|linux|kubernetes|azure|networking|terraform|docker,7,124757
JOB-1986,Data Analyst,HCL,India,2025-04-15,python|statistics|data analysis|tableau|sql|pandas|excel,5,1967089
JOB-1987,Data Scientist,Wipro,Europe,2025-03-18,scikit-learn|python|sql,5,52482
JOB-1988,Data Analyst,Razorpay,Asia Pacific,2025-06-04,statistics|power bi|data analysis|excel|sql,3,51311
JOB-1989,Product Manager,Google,India,2025-09-13,data analysis|sql|excel,10,2560315
JOB-1990,Data Engineer,HCL,India,2026-02-01,big data|aws|hadoop|apache spark|docker|postgresql|python|sql,1,3800810
JOB-1991,Mobile Developer,HCL,Global,2025-06-16,git|flutter|kotlin,2,50907
JOB-1992,Mobile Developer,Apple,US,2025-02-02,flutter|kotlin|swift,3,158617
JOB-1993,Backend Developer,PhonePe,US,2025-09-18,node.js|python|rest api|postgresql|git|redis|sql|docker,2,103314
JOB-1994,Product Manager,Microsoft,Europe,2025-07-21,agile|jira|data analysis,0,87669
JOB-1995,Frontend Developer,Swiggy,Asia Pacific,2025-02-14,react|git|next.js|typescript|javascript|tailwind css|css|html,2,86335
JOB-1996,Cloud Architect,Tech Mahindra,India,2026-01-15,docker|terraform|linux|kubernetes|azure,1,1503685
JOB-1997,QA Engineer,Microsoft,US,2025-10-09,git|python|javascript,7,116129
JOB-1998,Backend Developer,Salesforce,India,2025-05-04,docker|node.js|sql|rest api|redis|postgresql,1,3346908
JOB-1999,Backend Developer,Zomato,Europe,2026-03-05,rest api|redis|git|node.js|postgresql|docker|sql,2,113092
JOB-2000,ML Engineer,Uber,Europe,2025-05-25,mlops|tensorflow|pytorch|docker|machine learning,3,78572
