skill_match_pct,market_demand_score,experience_normalized,num_in_demand_normalized,skill_diversity,gap_severity,missing_weight_normalized,matched_weight_normalized,employability_score,readiness_level
0.7041317096838311,0.4064725279801306,0.5626842940688849,0.2775994706187534,0.35830621366061816,0.6942785116937217,0.449566832082094,0.6555336359264653,60.755143290369425,Competitive
0.6447717257810859,0.5736397977524514,0.5454434666900632,0.43839307405465394,0.4653528144656167,0.3913498201718172,0.6498967376269823,0.3379286937470778,53.107515813510986,Developing
0.6850862521430592,0.6046738162880634,0.8207678751601617,0.2826834206299773,0.11192428024101508,0.4464561000414902,0.5513271034031964,0.44987937391348537,54.84653537080331,Developing
0.5047279391493802,0.7873628340586671,0.6345881379354518,0.5485153692164725,0.41733548132183923,0.25874451595769643,0.7976458120697053,0.44873359063967644,50.41298981261487,Developing
0.8961500779674313,0.26652860195602485,0.5087576734780719,0.13082591839611754,0.44708414743133534,0.9091194112921506,0.26928405458432336,0.8433901552382226,59.54153007992768,Developing
0.46587418975658984,0.8671436455070747,0.5666927085873179,0.5037013900490376,0.11631676619229418,0.19588901420511956,0.8511441287667739,0.40819657619545585,50.109099559964505,Developing
0.787983138871396,0.7419823905561547,0.47400362179563443,0.10353635151237699,0.33818145669667865,0.5208056167540598,0.5867019937646278,0.6042120302370251,63.04050717767042,Competitive
0.5570579753082402,0.5280210212802858,0.24253045998305184,0.7805056638473411,0.21195088803825857,0.37831124560295265,0.6915356746591468,0.44265201441772883,47.917847499098244,Developing
0.6111141042092154,0.6043054381071207,0.5846190949693519,0.351619224888276,0.35097498045538483,0.4478889710907261,0.7924678405443663,0.4710174453358025,55.26144481498112,Developing
0.7829657913549997,0.41968698621566897,0.4055146474804729,0.3252619851730365,0.3106353169734148,0.5308712664069141,0.5117169475039379,0.6072180578033751,55.18970144536381,Developing
0.855443167608288,0.622931576376296,0.31053652997651776,0.3163733848469059,0.41635807841439143,0.5556300635573358,0.3650275121132582,0.8263676878102755,55.26634329190074,Developing
0.43865955601357653,0.32010941238707674,0.38905858331164805,0.24310208940823003,0.46843840577593454,0.2632779100879371,0.567348639381339,0.39324044802327446,41.4957649230576,Developing
0.6857230738327963,0.5261165150609932,0.5841262938597409,0.5628791002836939,0.2848106531677454,0.534647363169558,0.5309149753502531,0.5264718053769815,56.25229614495177,Developing
0.6672770407917512,0.5401452212777695,0.6120968550190861,0.5884785501924206,0.3005615446377398,0.4855892179003034,0.6846105402964714,0.5834901394100689,61.23484841932221,Competitive
0.4383788804693165,0.6846834504681247,0.42889142001230796,0.4873052224164974,0.19601082014040494,0.30904479364318765,0.8853641294212623,0.5505512711454523,46.44311304496463,Developing
0.7214378420475358,0.4403389914832891,0.37651693789485247,0.19624759592184157,0.29537437408918,0.478023536885711,0.26688349043557946,0.44900422364269754,47.603419074529214,Developing
0.46896233452449776,0.3010203481570837,0.4890418317307166,0.33130078675916,0.16043676265248435,0.2952698540678628,0.6038855255628921,0.24403799109881244,36.963245257856464,Not Ready
0.6178444492472739,0.7693040952632156,0.6525044214187975,0.3029638306143582,0.49721827132167545,0.5675079459762941,0.47372052511728757,0.39031021404229416,57.46167711229872,Developing
0.5839880514046061,0.5804386259540821,0.3553988473911652,0.659141349032697,0.22627006928744792,0.4510026862483194,0.6186403255510791,0.368354628512258,53.46196982343994,Developing
0.6094677990394456,0.4696615185040772,0.6051579338420147,0.37928200073834484,0.26897026147673747,0.4994931812048604,0.5147249032788415,0.5254267423532728,48.58821077313405,Developing
0.5450767725054337,0.5264081372557234,0.29815163781543924,0.2749029140749773,0.22071317859233744,0.5468908754648247,0.6898941768925951,0.3401721283477277,48.41665159256119,Developing
0.7588010141018279,0.7196905683538806,0.5949387253024445,0.5210320228314692,0.2895845282607657,0.6725124697073251,0.6701245962559229,0.5599530949886635,68.59794892764864,Competitive
0.42837020973233425,0.4724561805611352,0.307557259752065,0.3654119774929111,0.16677752341410526,0.2655416010467424,0.8687328330197674,0.16078312278205925,37.487018512371755,Not Ready
0.6875247458487521,0.46712151774615646,0.1849445558697635,0.412715625394964,0.3521451944677106,0.44013371143918384,0.593786338567663,0.7549821184592432,46.59922548565724,Developing
0.5609655077543252,0.5237786752088427,0.24576227385746013,0.6841629316128929,0.10018752622642292,0.33469628858134703,0.6467692843298591,0.42057972890844547,48.31006688583095,Developing
0.6186987950275246,0.5428741946889811,0.21906929884086926,0.4926286353603727,0.04616575088698682,0.3647401829926535,0.6060172841341949,0.6084134315220655,47.577793120718695,Developing
0.6816003611976932,0.5384113210312438,0.29994707131391557,0.49116637051310585,0.3766645532487038,0.5674907963373297,0.7263849955925903,0.5258089468937064,56.953887302222256,Developing
0.5157327717178419,0.7802383627471438,0.3410139869372743,0.3063668331691077,0.21232246384424527,0.3685393828695701,0.6644695213138618,0.48665053153286064,43.209008327949974,Developing
0.6042768584479807,0.6438364760851524,0.25747159378845674,0.1841798867724418,0.1694500088228937,0.4150544932125342,0.9228939856530729,0.48905462019722107,43.62913353582534,Developing
0.6313247455241365,0.41849197889149614,0.596111714411405,0.7983167110445183,0.27244813005388235,0.507016804200658,0.598122168406315,0.5827840503286604,63.83412252470277,Competitive
0.5224150209173339,0.33112338183695933,0.28171995730512295,0.1296626041021625,0.42340254953743545,0.4916462401869826,0.7704344751113235,0.526759756476561,44.68365153512237,Developing
0.5612547000446482,0.38088360160411744,0.5502495954400066,0.44194534840623945,0.3450676450892186,0.5219297266359018,0.7075612731091419,0.27858269974486227,48.62286422248857,Developing
0.6731504669314157,0.6486778976533327,0.5699970098151347,0.652868453898676,0.32598260041115945,0.5940523038746827,0.4536168436940237,0.4671168835121876,55.84299479824091,Developing
0.3828792903223051,0.4814992209057871,0.15851628582563848,0.31925376160170676,0.23924261793234694,0.1773036534697236,0.752361043429506,0.34058319872775966,31.320127776320557,Not Ready
0.3464600235789288,0.42825451827328503,0.3592309713020708,0.43890504473178993,0.39432365405603187,0.35565791433289123,0.8110047235948736,0.4076030268566489,41.63475041546329,Developing
0.5720016745965463,0.6745598053876516,0.39284081094074386,0.24429769287068498,0.22446543753883627,0.360188557471796,0.6430709205504401,0.4455013239671413,46.28277595057754,Developing
0.6498711142376296,0.7111224090630892,0.5845929457948323,0.6113539804196578,0.5757826835803098,0.5160438604975843,0.4832003057343228,0.44125113496622037,55.983368753579114,Developing
0.8964784812795773,0.1734307451282,0.45351532678447526,0.36274284285804975,0.36485056818254374,0.6592937837625398,0.359367893797538,0.7190697123430548,55.90267343771447,Developing
0.605999854997498,0.30160808869713457,0.4256312486825694,0.3456149885944128,0.5742123893919464,0.1615590632850356,0.43502318821416996,0.5067248170674308,40.32037366186318,Developing
0.4249416519300945,0.5932997460495757,0.3312653014359211,0.15005917404971958,0.39111250833803796,0.2683256771534346,0.8452856157172632,0.3186952192573394,38.801699376856554,Not Ready
0.3265042953992151,0.41163466289004885,0.06003779040772334,0.33748344517508055,0.19169884210296526,0.36209102434955387,0.8343052291643925,0.3948504073270871,30.07489801705502,Not Ready
0.5931952841420175,0.4623819812224812,0.5945827321583663,0.5003590693159518,0.33150704070630216,0.5335199563442838,0.5478901652692636,0.37523026108810215,55.25065136076164,Developing
0.8559955042549934,0.42454726049474967,0.3591420328256465,0.3528137214146793,0.18017222538283845,0.6018600118257359,0.37193706946370414,0.730314463286073,60.00377297892979,Competitive
0.3997307778307706,0.6506297862543029,0.35195548731929377,0.17230982717313512,0.20762965278562234,0.21473078264085216,0.727867229166612,0.2107805392904561,35.959296648859706,Not Ready
0.5580796269373351,0.6761383957253749,0.6800587527426797,0.1518680786030571,0.39078608623161065,0.35757222135883315,0.5639498474128877,0.37638918583906383,51.01390595239007,Developing
0.6491773844122645,0.4810928539082423,0.514139426486485,0.2639943771057276,0.30408531801920596,0.5630560772870502,0.6208280847230899,0.4455531783688099,53.75336562325604,Developing
0.5220102957474139,0.5763335529198361,0.5265173731775461,0.37825658083160446,0.23058576163229688,0.47872323759876123,0.7403759170787468,0.36549001175280355,53.81792674061464,Developing
0.7622638201732338,0.45514727480761413,0.47375115047052724,0.4496885692945258,0.03832264069567239,0.7121421973858157,0.5211090031798237,0.6765924626250617,57.20947440930555,Developing
0.7391720954580304,0.3560828923493428,0.34596874170284686,0.450740832554253,0.32769001751002874,0.508615726523476,0.6445501719267911,0.4891648810206529,48.39659147114629,Developing
0.4070158925577198,0.5662955905704005,0.4301792972894109,0.5620445220410694,0.14753104935933647,0.5589362724210577,0.7271388109138132,0.41093418330442,46.58378722374473,Developing
0.6753962351731058,0.3362943243295566,0.3036129230315223,0.3742520823195662,0.35051826863710506,0.40822226119329935,0.6244152902016824,0.5112111707035084,49.63961266775714,Developing
0.720111150543218,0.5739566200135242,0.15953297745980224,0.5276336530671402,0.2720951668675735,0.7439271296476604,0.7254011219850179,0.6429178616237499,57.55403042956814,Developing
0.5797510737156264,0.6942482991905871,0.25145203822412066,0.5009721138769168,0.33998408311965445,0.58071464539658,0.5627461819162108,0.441216185392912,52.714704836710716,Developing
0.44674217025524215,0.35566996226242115,0.6404586574373768,0.503162085400193,0.3909889240922311,0.2897850876200005,0.7140253629197993,0.42607368319087047,47.31194213239302,Developing
0.8042538322269965,0.5087491793587324,0.501706275492226,0.47949440862925385,0.26010832318423877,0.6245428818800731,0.5362364504378584,0.7160021429046354,63.542460983879096,Competitive
0.43437590437091456,0.6340405412137617,0.5438798761566868,0.5420222589368259,0.38254084793842197,0.24814559505589345,0.680870838755137,0.27940699080941633,43.13541746543734,Developing
0.5115435872763359,0.6717319129463795,0.17047918216625518,0.715025986829126,0.3808156275169921,0.3738976859950607,0.6230117721916787,0.5809200130057808,47.08512404912959,Developing
0.6933836908784341,0.6412501642501053,0.17718668013208783,0.7084360672459923,0.2501425508746256,0.6211743158894559,0.4945983976070395,0.492882119473289,54.471868787396694,Developing
0.7771839125456338,0.72437613800364,0.3074566758587034,0.21141878870022757,0.25217128643362524,0.5391372463276646,0.6094455758252695,0.5529152766553891,58.024583613906096,Developing
0.8230801737200986,0.45834348721470336,0.3316415477094413,0.41741265139978706,0.29314077279949463,0.4712430877794069,0.6142871646837944,0.6447770322761531,54.37022172456473,Developing
0.506762279070863,0.5249471067278124,0.24409559471188297,0.1966910501265944,0.16344391244913375,0.21533166970534243,0.7819515847855318,0.454622312627282,37.009306134551004,Not Ready
0.7995446136080963,0.2596855024785717,0.5149098671190013,0.25897947117734427,0.27501020735776616,0.5009170438789202,0.25712821036910666,0.5071869955599038,53.19037297526706,Developing
0.6079573868486086,0.4310126152765079,0.3577468653653859,0.48918793967645613,0.09475207605086229,0.4452499856964721,0.7323826408940712,0.5911754611613234,50.737171193108985,Developing
0.6200666914970772,0.6287791123424246,0.6024300534330481,0.5007283074770779,0.3422547976976246,0.5641437469323408,0.5210239548414493,0.5245060316508291,60.79055644740594,Competitive
0.5634716234363267,0.38750939253315814,0.1045550236631616,0.5529870226562834,0.5770898969316479,0.34061451235691076,0.7707694222928438,0.5592783218275226,47.47307426063077,Developing
0.7960821710422249,0.7349789061576635,0.2057443043767014,0.356573984823211,0.5785362432459139,0.6101623822119147,0.6403870483869805,0.678279636937476,57.11424107250161,Developing
0.3289578018073418,0.6248003404440782,0.4000109849211267,0.39248385500549104,0.1928133259927991,0.4282164755022193,0.9659170287963681,0.3239006078045895,44.83389710910174,Developing
0.4610634470612394,0.8946996970243548,0.1490403378746345,0.4076694316748954,0.4404985964949174,0.1698696116882952,0.8684570932881259,0.36562184165533107,45.14283870147213,Developing
0.8174369629772352,0.44763950465017194,0.32769388259804605,0.7852860083179242,0.27718991150174344,0.62556892787342,0.5389992001693271,0.6883436366174607,60.66766229477461,Competitive
0.696567425602187,0.6681767715917222,0.27547349347767586,0.8284056315556285,0.5339954742869035,0.4348268696517639,0.5602156868845166,0.6402529621632578,59.297621373244795,Developing
0.8631681374805653,0.6253024983901841,0.18658046681815024,0.5602878745126645,0.35252700743460025,0.5108177948855772,0.4425017838757324,0.6305328676396886,63.61099507078357,Competitive
0.7638865172606054,0.45965988241662836,0.6498730762607086,0.5508695175524864,0.32061620174616906,0.5662862491611169,0.5006050301173528,0.613869180822201,57.091907259378274,Developing
0.5527302698882137,0.394093088294789,0.2537072369568777,0.7978705515188028,0.6541325168607159,0.5683260736717595,0.6055912235716039,0.31272743675697134,48.36539929913391,Developing
0.7758609138372512,0.5096701084693658,0.3464929166952073,0.6339186967469348,0.09271817021628374,0.5435445811487535,0.5698401248835057,0.5192844865679955,56.30568396459117,Developing
0.7564897203715079,0.3267760643451239,0.24908829897316181,0.4370433769509201,0.3209209800182081,0.46076950987131987,0.7645973647444002,0.5832601825795048,49.40151109282025,Developing
0.46936108824616557,0.5606337893545391,0.2737418741247879,0.47214335749856295,0.16714815148317286,0.22662042756752412,0.7302045086051934,0.450773186476734,38.95726681807115,Not Ready
0.5776371509715361,0.5707725588839843,0.2942014407552081,0.41943742589674354,0.4514792438965838,0.43103933376132225,0.7196285110022415,0.49654303912342157,48.159344415583774,Developing
0.4881411695144839,0.578692114360661,0.7291934444320269,0.589806259290889,0.49049382629283833,0.3259351443830137,0.6438864662272702,0.40039464745595676,46.9497499764364,Developing
0.9844665544007842,0.5128774242771135,0.3376272486740867,0.38149597677988034,0.39387810065320167,0.6081026768586588,0.3324168835199952,0.8631541566845327,65.98918535081546,Competitive
0.30590680857395497,0.4291061127775496,0.708777140624973,0.28148728055268135,0.15016958225675692,0.1556930765488143,0.8866847661505054,0.2420717223743172,40.15775321923603,Developing
0.276469325612648,0.5059170149195124,0.602090363366135,0.5339771558288637,0.35961582354829374,0.2415721767990938,0.7469552618054095,0.209829008983361,41.55447906425318,Developing
0.6175055927645071,0.31403127838798933,0.4587155041105517,0.631543225393157,0.05634522702871295,0.37889975670541565,0.6386677076370642,0.542664201163586,48.52492026224852,Developing
0.6734438445056282,0.6184098876729657,0.364639959651365,0.4505011026975718,0.2390469076172242,0.4372777559784756,0.6882489345088445,0.5439084578771228,56.58295735508703,Developing
0.3856427603836557,0.4361748129388984,0.08797276713675453,0.421019568759084,0.15234833050559876,0.24736796311119416,0.5365684884088235,0.10773760900385312,29.72427364805082,Not Ready
0.5045422499357985,0.6472635326425201,0.7378161207070904,0.3607591285799155,0.1030502429255206,0.43196213618505563,0.7335970929768986,0.3276870263776863,53.54629903103204,Developing
0.6576805999669624,0.476682388267658,0.3999718878600381,0.6960202950039851,0.21704415404274768,0.5044823147346502,0.5310437001880192,0.5152579821701662,54.89618189976712,Developing
0.6550003595099951,0.4669740666180157,0.6762801925720495,0.6702241358544598,0.3011050833463609,0.45073413785336075,0.47648419150163585,0.6027221392858548,52.70580070050426,Developing
0.6043013592524933,0.3274953015498024,0.2373119222109909,0.27194457818095147,0.17386794713554718,0.47495006352200775,0.5822652702040008,0.47352495627602204,43.755226071974946,Developing
0.7781229885327225,0.8003901927446144,0.3040925901806954,0.47807365411518216,0.5205108588333868,0.5705813592027519,0.5786500855629881,0.6473425232146874,63.36671296661629,Competitive
0.5747434777713036,0.7170410087430927,0.20119271841299266,0.5231042719074245,0.3633956798654011,0.4880674889918346,0.6836683354477013,0.526668688114004,57.54818521242015,Developing
0.5734243404714676,0.6257738503744691,0.2728772303435332,0.6107690554774933,0.2553586360824558,0.24343924290868654,0.8712449530837743,0.5065703877129526,48.37965782136166,Developing
0.4993493304420559,0.6889704000597063,0.4477717991096741,0.2191296824074709,0.2953530660826563,0.5467720448243141,0.7928191421333806,0.36539054664480886,49.549437810665516,Developing
0.5512313274191992,0.5495221620904994,0.5533022328798033,0.6263216886076239,0.19654859017921114,0.3703245893054959,0.5891316915812549,0.5059850501791038,57.215848272817404,Developing
0.593174454494848,0.44135990157332045,0.4584197371836589,0.44764417640618853,0.1472655869527583,0.3751936759491017,0.6578654863638096,0.5192700966084683,50.16068526221951,Developing
0.7401964829367054,0.4843088587114673,0.6098287298975417,0.18981880899525935,0.7705288289516646,0.4849106410005704,0.5034455475658889,0.5320732672947854,59.65356711322754,Developing
0.6818748850746637,0.4626335659023871,0.33250294765776217,0.37077173500004224,0.32912404575515447,0.4933709811393927,0.7106028383832116,0.5061994024388764,48.43927956129188,Developing
0.713589305357754,0.4955867920492264,0.1682912785947443,0.27330020057868565,0.48815465684288456,0.4105265345059269,0.5985243437931662,0.6121578092372222,49.28502045058873,Developing
0.3936426567737639,0.39680609887813034,0.3868255629366196,0.26689962901012537,0.2211903869197356,0.29456423589105873,0.722816366793454,0.3001491517061588,38.57361980706764,Not Ready
0.5616799902970517,0.6440082058513955,0.46924741224139,0.5934328989978602,0.2775120476948274,0.4166909637427597,0.6693473464093193,0.436141782075015,51.242137585722354,Developing
0.5349995375635096,0.39652490591165834,0.34606884139446853,0.6787150783780124,0.43857282515207624,0.5145933356747282,0.5028107074030431,0.6108677383995411,51.497384328161615,Developing
0.6498856004845098,0.3691074475927175,0.6314586253268214,0.6462408452193908,0.5074486707639974,0.37573840958923155,0.6689219113012023,0.5164828774437477,59.98941067027315,Developing
0.8476562099785132,0.46250536491919503,0.2844372468821552,0.4005794127868534,0.30882691499974435,0.7926120862977476,0.48596056938740667,0.6210812195574476,65.52278269856356,Competitive
0.5746466426372424,0.8237470286314299,0.35116563650551036,0.4476543207693853,0.24662041325794432,0.35403390867390144,0.6340051039607926,0.4440917019542834,56.954940070438454,Developing
0.49379144102156475,0.39893092007237413,0.28506663858766906,0.21534764922852445,0.13925457194590043,0.2752975138319398,0.7970253943629338,0.533396498908235,39.344677387152075,Not Ready
0.6215207732048504,0.7655536072704079,0.4531095866163997,0.7374652031970177,0.31574411756430215,0.39011299274272465,0.7556394299723296,0.40108170903610313,57.76725687186204,Developing
0.557627363658006,0.19586952738190416,0.4488365824814526,0.30426165550625733,0.4426823347959659,0.41116820945162097,0.6373578373055918,0.4588094837565939,43.51213109509887,Developing
0.5541105456330746,0.26729463776919815,0.5149259815593422,0.6815531257664105,0.5166786633056963,0.42802299812945654,0.5864884495729344,0.3530477241116332,45.710489445146145,Developing
0.6469945745287528,0.7924841596678711,0.2098550500201791,0.39594201538476115,0.34066710344337525,0.5276339522734896,0.5547456338523614,0.6827166503063115,54.12274144619772,Developing
0.6342440124936595,0.6149524913725909,0.13446684681045612,0.5718975819118994,0.28698759445981775,0.34307731202673636,0.5471137042647397,0.6209339790101662,48.1576171989393,Developing
0.42282042960045063,0.8118839944628906,0.17102665480142423,0.3772882205326226,0.3911067928797174,0.12639616344967353,0.8002974483041561,0.39650542684166423,37.65552772474607,Not Ready
0.2835521506729879,0.699045438061623,0.3876045275232656,0.31993447435864925,0.18969577379065755,0.24421735965823615,0.9112697441176301,0.20583700795777243,39.73561446911173,Not Ready
0.8658796818989913,0.5944056545096786,0.31050347100183634,0.6601030960340216,0.21185650856731356,0.6408961746464794,0.5043982933381286,0.6611815318024913,59.434934963731635,Developing
0.525850173023178,0.3869450100781238,0.27058421329924254,0.4754828069777023,0.4257730134931738,0.41363322853847884,0.5518942267075122,0.3675954832942596,41.08747820305185,Developing
0.8732662672096068,0.7818624134774957,0.28328819796002325,0.8715133618140531,0.3745067102884682,0.6308519711320401,0.40578949498410216,0.5533857696233013,71.82935814129208,Competitive
0.848276235056872,0.5966091259808473,0.2819864129856472,0.24200334412303545,0.11498276375577401,0.48989660709780036,0.6185196470310826,0.5347749774654407,56.21556604239146,Developing
0.6590650787112526,0.4002304432673817,0.3254202868793642,0.21547265605811633,0.26897063559261064,0.4015130888075901,0.5523187065487526,0.49932338195004644,47.256859065665104,Developing
0.4018252841590869,0.38182821872032013,0.23056758736187774,0.41808325677906355,0.742492883085971,0.32866069885875066,0.5069797920506691,0.4702010261680376,42.951931995958795,Developing
0.45767465865662027,0.254167998478229,0.5124077436332519,0.3608259926126976,0.08954002544996241,0.3346200133806728,0.607567704542908,0.22761680164344697,41.636427125624515,Developing
0.6302779999924889,0.691068169986181,0.5632830507094362,0.6700108046239612,0.33325068632493177,0.5526341869773449,0.6887610240146861,0.42816823279201,64.86528434735543,Competitive
0.49616042253102965,0.24903334211662254,0.5971879343219161,0.366622626050967,0.2539080871494947,0.43566598062809475,0.5954361219017247,0.29575481086621874,43.65248897374782,Developing
0.5781612895493969,0.7905005632724186,0.22206478131922508,0.492896956246617,0.20028537919767572,0.35438279311138066,0.6329038504220942,0.4696003221263923,54.147832221969864,Developing
0.27968561105538664,0.6538425381278535,0.2551926432356847,0.5300379707211766,0.08801474653729172,0.41118621245475684,0.8946260319513129,0.33880635223890143,36.17850192518812,Not Ready
0.7564583237530585,0.6950296917647881,0.3626025808447906,0.354628095612134,0.33966695399831814,0.39240344017958023,0.5045750009684864,0.6468518307432086,58.029033885043056,Developing
0.6151941690474163,0.5664521599460085,0.2631622284336628,0.6398726906702253,0.07730628479404618,0.3649706344208502,0.4990691190083363,0.5117822268482735,43.53832421767272,Developing
0.5263021012350605,0.30708768789123725,0.2988651221636892,0.7170681286235142,0.18556135589349929,0.3796819236169987,0.7544119434296414,0.4849314336048899,46.27603746879026,Developing
0.912745566505895,0.5154237557753901,0.48151130851228163,0.30316704184965704,0.5622559796393652,0.5126056515025563,0.41249922868729055,0.677051894844586,67.00176098307206,Competitive
0.5055451246906152,0.33769331588729473,0.3123314570084722,0.5422912291239296,0.5044648099595093,0.2319677850832881,0.7789868476171233,0.46696721218696535,43.40668077860316,Developing
0.9024564049147406,0.5158751878120751,0.4502946933325463,0.3937431935341856,0.4311010434260712,0.44978355687641836,0.5725686730390431,0.5393934907620757,60.87597115078365,Competitive
0.42042834161489423,0.14895093335999374,0.3905052848920451,0.19780842082251388,0.5565556094773925,0.36693169738905157,0.8218264158524429,0.3483249992004755,37.61697931266697,Not Ready
0.36866591819755967,0.2905172585709454,0.7170156688137629,0.3109951717858049,0.31525505525705766,0.0,0.8660218206665329,0.3654604684876006,33.42454568171573,Not Ready
0.7963640287068497,0.2436160301495648,0.38650797893359895,0.6297584305619093,0.7076049408828927,0.5983040281910408,0.5126165098580154,0.5653274049466852,51.27318515400327,Developing
0.4990256368274662,0.6441120514416555,0.32054718213355005,0.562453348412003,0.11721533517844498,0.44419749099830536,0.7799217360708938,0.2926971758949632,50.903315120134664,Developing
0.6970276314311248,0.6208680936973957,0.39040260027258233,0.6935933286827629,0.10453452614854096,0.5297809194590185,0.4160415888790774,0.5459929326568407,58.40102309549302,Developing
0.7723859171436421,0.7977208209576446,0.1188665371543852,0.1763416473897848,0.15206823221127067,0.477348951860547,0.6155220757693953,0.6088489970121235,51.25185919477758,Developing
0.7912511232647501,0.5331919760751107,0.15774535041059368,0.38509774953524706,0.14769296569235235,0.4289433530142625,0.5066022137447149,0.7808148969974446,50.2432995133721,Developing
0.5221342488619407,0.4485131212105726,0.3266205668043213,0.41184697723331537,0.4643903471566709,0.5283797403002625,0.5430188487736327,0.4854410927906897,48.91680532828887,Developing
0.6560237779357597,0.36901041026452913,0.23631733777313582,0.15744906704216932,0.4603945162196048,0.49779771486422636,0.6374263731039022,0.6027693713133556,44.80382865499723,Developing
0.6634095988434457,0.4516742313695799,0.3354658190562363,0.6124460598006021,0.24132556760966997,0.3204540146258307,0.5687831092285948,0.698175163709991,48.27601858745458,Developing
0.27337213484388245,0.40151492196376104,0.18172949441704309,0.4128205271963226,0.47027772731404116,0.11992839988868507,0.6543328495208098,0.27216551793467975,32.32798721725504,Not Ready
0.6526044011954487,0.27038757354223386,0.3202858452742665,0.09862335123650028,0.3831900417225924,0.5738181431732398,0.5711216216488432,0.5057703083933216,39.25961112282854,Not Ready
0.7596443039774424,0.617766156778857,0.0553559633466758,0.5685715994849609,0.5331436197093277,0.6569366711026626,0.672232114897585,0.7211891534075429,54.917463695106306,Developing
0.7713812758042067,0.43752589604081765,0.2086654139962358,0.33957140618160847,0.2723120628233564,0.5383942619971553,0.4738581374185219,0.2921125447451597,54.59743886331751,Developing
0.7296117363495892,0.7758419372147928,0.4724345050095879,0.5877238328198161,0.2405141332683398,0.6739350158500415,0.37399688619884297,0.6592310361580015,63.703582642448154,Competitive
0.6807647906727388,0.6384169648945986,0.19631779655813147,0.39003440080109886,0.50389515731119,0.4919426511491978,0.657265036960929,0.4911836252812265,52.79049331359695,Developing
0.7640975048100204,0.2821636968232107,0.42759211627902793,0.3630347652393086,0.19532132096550184,0.46103603736631504,0.4063638488950624,0.689955375334773,52.97607691259876,Developing
0.5387367029979475,0.5944655790957495,0.22051680336046134,0.4942312785625677,0.23023237588095813,0.2301110693617933,0.6164279834643497,0.43543486015921945,48.53496205593171,Developing
0.8774814683172133,0.6683784211129207,0.465411622324898,0.5739659720968445,0.5525642788690033,0.8211459008366185,0.48786609417841775,0.7645324416377105,71.9892951534769,Competitive
0.7750438929910759,0.7352499957299586,0.4581097837926221,0.5937910332945131,0.07733214372158115,0.33425647826815885,0.49393655665731867,0.5278915777669564,58.642036612289004,Developing
0.5733735457451217,0.5840053004205075,0.4120832606860105,0.7179980797556436,0.28072306455894186,0.3933080342520432,0.8107806489542173,0.48196209293862424,51.33429836780183,Developing
0.5739488717215495,0.6314466669530818,0.3248761039893264,0.24227595664069151,0.3197705166492129,0.5951222132690609,0.7352765576437286,0.510567852289174,49.46223665302937,Developing
0.6184061631107475,0.45689720503027004,0.14198702705412525,0.2829542655765165,0.3305326901830361,0.41441917001889056,0.6179929413348204,0.5001668657379639,41.617655231123905,Developing
0.6963870393363948,0.3504644857735993,0.1974168461185972,0.5426088074275484,0.4365353605136494,0.6041538849126641,0.572832583358659,0.4689082174620238,51.42768692359431,Developing
0.7899595805584941,0.6808988105267243,0.15969013593694414,0.48212905312083626,0.24447980443305573,0.635474290343557,0.5119164491785234,0.620625318924041,56.546942080477606,Developing
0.8833101462855698,0.4840170303274374,0.5683734791932266,0.3354315645980572,0.2955147740679991,0.6664281135956139,0.4060981702649231,0.8641862070408133,72.430458648871,Competitive
0.553347420320736,0.7816749993866349,0.22330530499545337,0.488778228372463,0.6733819992117644,0.40007945957233676,0.5689862736149589,0.27299735850265905,51.70476129033039,Developing
0.524801862547887,0.7960832635706743,0.11638309000087182,0.5649364455132401,0.3875092022278515,0.3261436106283552,0.7283797277066951,0.21900923532834352,45.40821879710013,Developing
0.5052551373387527,0.8992758002842335,0.11415434584867862,0.2996824855597564,0.31243837616410225,0.30338355373983295,0.8029506224691867,0.3383967911526337,48.41776835945051,Developing
0.492965522908856,0.4562174203160993,0.5116485760087245,0.5730136508656304,0.4487084397518685,0.27100831262940284,0.6902643704723811,0.4458101530424018,45.246750433148,Developing
0.6959503561355449,0.6407238363822032,0.18594960706880326,0.4472908406037086,0.5102461051299944,0.4411747933089546,0.6807814210078103,0.47043693357034205,62.48500997636394,Competitive
0.560954915389289,0.3967617646908195,0.6386311071952779,0.31788265068593324,0.6331421664577145,0.4085412930662893,0.711596213259207,0.44184401470684764,48.82563728639773,Developing
0.5531889437848643,0.8382688737456091,0.4211382128336362,0.2110146370016674,0.384779350955804,0.30635655465818656,0.5272711488106754,0.461504964820894,43.672205609129136,Developing
0.5711991277131359,0.6108809020299814,0.1113079341812782,0.5569487994918425,0.4620299875699762,0.42335892297707295,0.7833685564487726,0.33089588182985685,46.74079915956843,Developing
0.5325305025299689,0.4581256094891649,0.36493683212565725,0.4073939437593456,0.11908974275316664,0.35227330800845225,0.6703339831449353,0.43390602656987953,48.68343811906607,Developing
0.4668313849568411,0.577647980130967,0.4889639793234058,0.2358988890471428,0.23638468242564972,0.5624752476965652,0.6538632364864669,0.3957954931150473,42.888105587549155,Developing
0.8827244694481342,0.6726970161039095,0.3277485922880227,0.473003607545848,0.23195139588843203,0.8190671976921478,0.5691095392184091,0.6282497131097895,67.3803761563111,Competitive
0.5102847707822226,0.10507789035894495,0.3283054939769543,0.7007893860178614,0.14774206174026705,0.36971803474094056,0.6497134074216253,0.405912143555638,41.16565349545354,Developing
0.6858063921350406,0.1812926434328149,0.21009841557127937,0.15033605413099813,0.519324356785743,0.30343290180753013,0.4186260890249799,0.5682171260763362,39.43998206785873,Not Ready
0.5951964786630486,0.583743148151876,0.30219248357348183,0.6658793503782426,0.598778969117488,0.4787681059488433,0.6670946041559656,0.47071473472539643,53.7246667495145,Developing
0.6643569769146082,0.39571159334064465,0.3931277635671591,0.6396987135934319,0.3861500800160354,0.6169647802262861,0.5244663358272073,0.37497186307746366,55.18862981268634,Developing
0.8527254708437008,0.2859861629863866,0.35840287869072895,0.3034857179990907,0.554197099827433,0.37999081901331877,0.39366487632231306,0.7126372592847401,59.545825824760385,Developing
0.5235847597807596,0.4499754776850262,0.17154087179654334,0.5841577638082701,0.4094258382497407,0.42551197707025074,0.5908696004829487,0.48545621329174815,42.449002923855005,Developing
0.4387202993741769,0.45706667772302606,0.471613085178426,0.6365194622463098,0.39813471086431024,0.4054019939047225,0.6088978542764455,0.5019419345216886,42.91609689876292,Developing
0.6186227262128573,0.5230406096300715,0.14080001828926408,0.3055052646193079,0.606698146022579,0.46898363507891194,0.6432157075163596,0.586731010357832,50.096233097659514,Developing
0.4103256497489438,0.32791762393141405,0.3365091239012139,0.35972530544035675,0.15608006240202188,0.3351452467612367,0.5254492434847653,0.292290791532253,33.950311382259315,Not Ready
0.46408157612100265,0.2941695723691062,0.26650800754772347,0.4964252223569205,0.4281156732448149,0.2791353357855154,0.6750871301013724,0.2660417793459745,41.84581334997845,Developing
0.9355915982924294,0.8211444906265513,0.4557974536956104,0.7645276208577839,0.5300650339269397,0.6957901208430105,0.43034913622206533,0.697412647701277,77.61194355945007,Competitive
0.7341912618289059,0.5997125116275751,0.29150925851402815,0.4643846541821489,0.1345287746683138,0.5125758644292439,0.5793701762999156,0.5383695670926052,58.09286033068053,Developing
0.48028300304750277,0.7119217704173063,0.34919575065911973,0.6520436105269839,0.10828934277679504,0.29157655234124785,0.6412676680754572,0.33789519689576736,47.58451655339416,Developing
0.8031291611221986,0.6826195565563965,0.2729914316220467,0.5528374744853131,0.2833349304195888,0.5357910821437364,0.491916924384965,0.5253191248225052,61.16686756673797,Competitive
0.4814040245592172,0.4554538048301712,0.3514888276123202,0.7812917035668788,0.4932707378398326,0.19378571929660993,0.7411280492865386,0.4567409948888232,48.44225915353265,Developing
0.7291001503912706,0.4320757391680339,0.3465525017117942,0.42257360311229475,0.18985076339674523,0.4031034226242113,0.5972788737027879,0.543306517544432,50.61760928995997,Developing
0.6146458517485642,0.39057621089385036,0.254503643851728,0.6033711095025887,0.32549120387209646,0.3262444288338427,0.8465970528210219,0.4563895507060476,50.54253497554349,Developing
0.7550997810253357,0.4853447118571416,0.39521750896113794,0.3063612416546325,0.24944086602353324,0.5712565623138347,0.5736184253775832,0.5333290039839189,56.544679946266946,Developing
0.7406718849549436,0.515130081392533,0.3742860006052026,0.398911893980599,0.38796102839743885,0.4421110499881782,0.457643097845124,0.673298649636032,61.12598350080706,Competitive
0.6437932440094973,0.7324035672421484,0.35170573665403254,0.4512077687899696,0.5514724399261652,0.5628909554737644,0.5289800153680624,0.5984590570651334,59.48767827185157,Developing
0.5135309759741618,0.3556311696564521,0.2288204476906491,0.40290380710404544,0.4290605793814285,0.34298659075442467,0.7243370655780352,0.545292968770639,41.27167427071142,Developing
0.45050954010227706,0.1689556015192544,0.39633418083621086,0.371868586989129,0.3223549767953489,0.33494020342223785,0.6626298946726066,0.37813210404337794,44.15486552495314,Developing
0.6663338148151058,0.2326994394184603,0.47293276082936814,0.43446028043306145,0.13553443190373646,0.41109757458717894,0.7118596348929409,0.2913271551134178,43.08241856769338,Developing
0.30278835065518184,0.26763781571762346,0.6732075623267135,0.5436952678365328,0.38371891469368363,0.264408204085953,0.8326790518479463,0.2332470526852203,37.84417441871595,Not Ready
0.6149080595317777,0.2302227477238289,0.3805817577281338,0.3490298808502932,0.3082619991547851,0.44428674741302215,0.6842323246176916,0.44238593674680665,44.04698486861125,Developing
0.6253124408942445,0.638790512396038,0.4156282777792132,0.700495891699352,0.5762296806555283,0.5718851955194433,0.7046668963107364,0.46469953760304666,60.178058817386884,Competitive
0.6123577876110964,0.6232147282269204,0.3604538594058678,0.44521666842965024,0.46265903025295413,0.5386612138571214,0.43265494985243247,0.6751136313847818,51.704381254805554,Developing
0.623830437198054,0.42201958924371397,0.2785202770215699,0.3795957751226303,0.2601462777545453,0.2977046845551181,0.5180636406019198,0.6036526532372712,42.731291502628544,Developing
0.6032550808871232,0.8030854191292214,0.3735435950442057,0.41722094546627136,0.36679698966400504,0.5371215057563071,0.6875077099182685,0.4355472812865243,54.471093433684445,Developing
0.41379043254598824,0.31716635094563733,0.12613354820422198,0.338493271525152,0.3976196097090646,0.24555476486190678,0.7466993692550317,0.49701968150716547,34.10034138241729,Not Ready
0.664812824369223,0.8615674429872389,0.1597152210957384,0.3716292457811812,0.17616331474901886,0.44351061956776766,0.8768077115687929,0.5140433847055883,51.46395533946755,Developing
0.5805617822789881,0.4550504000002806,0.35731957112254775,0.3689500042602063,0.19358099867860606,0.5711835929745566,0.5344712653051749,0.2654234893540892,46.755788575285855,Developing
0.7168536163050664,0.7365901922567395,0.6494396963768698,0.2632299360827158,0.23424672315224293,0.5029647021732965,0.5463313365681087,0.44118983828586833,61.39507199731645,Competitive
0.6480549564480622,0.4514556842141714,0.3687393881762526,0.669782813554504,0.3782537412591199,0.42428744045856,0.5954958056975439,0.40230475174814356,51.9789676480778,Developing
0.6705096503886613,0.4158364474740578,0.6156176349988439,0.6447803619870629,0.266441698423355,0.6066288726977124,0.4725611271208703,0.547073854496615,61.39637525084286,Competitive
0.554640973045106,0.7962402140862092,0.4423591424088221,0.5736607841650495,0.5789323767994037,0.21709386139628345,0.5703789033953508,0.1883805724409749,60.97893549128378,Competitive
0.5633160257753136,0.32016549674854783,0.06870093358744264,0.18813217286272754,0.12348796990646696,0.4407179974297935,0.5207745088858831,0.41275449573960776,38.886346061263296,Not Ready
0.8962983081453253,0.4985785325090378,0.15854710158291005,0.4765463739522782,0.24251290972547387,0.5319166809016165,0.6344461414993566,0.5978147366454881,61.55624014374014,Competitive
0.923282266483275,0.6856415180155652,0.40746363511960365,0.2754426059296902,0.23111263786801833,0.6008667045505665,0.4010856233017882,0.7420388641921959,61.54649421425803,Competitive
0.8335382317137848,0.32237048016495573,0.24001696207641238,0.3156506612810988,0.254901602485468,0.6289183663371054,0.49546137500703974,0.6556830805950824,53.04102873752791,Developing
0.6614509343669793,0.5088655768378672,0.3038186263092497,0.7429332688888747,0.3605942357501836,0.25733356623940595,0.6949562370426929,0.44301057113300935,51.45818702276771,Developing
0.6095908238191967,0.296137410642466,0.3359635049371341,0.5986226643472655,0.599231548005552,0.6279422559724047,0.5386827361934728,0.2965137167311289,51.14912538706273,Developing
0.38643091701154975,0.620419199613361,0.4229936086620919,0.40044227212368266,0.3632461326777954,0.33070471452774086,0.7587991503057877,0.23580432161547893,46.342136820913055,Developing
0.6949612355216357,0.6647794807995961,0.22568629747703156,0.291866269585821,0.48019405543524224,0.5644495502647593,0.48323601462692267,0.606398169441472,51.94558094400247,Developing
0.5145450561664119,0.3755961538779951,0.38136105462187037,0.42233822945476,0.25473825461982846,0.26665521633826855,0.6611506211336259,0.5488614711255176,45.997096402896325,Developing
0.3767416731340176,0.4428812260191756,0.17264238964049622,0.7473927597615914,0.45176674534361466,0.12305843602542285,0.80477200402728,0.29752581544356255,40.32907195317056,Developing
0.6497523835891986,0.6523405897725216,0.43432599256289833,0.6202220756661851,0.14006409755904775,0.46516150244067667,0.6925361487358865,0.6060708223178156,61.954771905487235,Competitive
0.9165868982542696,0.429757015920069,0.19013289105654205,0.16568706472849595,0.2724458255437585,0.5740783136210094,0.4447301599905298,0.8702764200357138,60.78174138330523,Competitive
0.40093111252782876,0.3186397313273422,0.26146507885025966,0.42212453569408515,0.2196146853911143,0.23395142646907555,0.7871778082050874,0.3263794043692893,30.14120705097778,Not Ready
0.6464138981482793,0.619853446313266,0.3950799311604593,0.6609334537755275,0.14572084778686184,0.6017174587832027,0.8568486051655887,0.6603772677789077,58.687726875606494,Developing
0.6205718909488318,0.5227202196986329,0.38306480265172116,0.4078381513005176,0.1990857167811593,0.40877408337998317,0.7234982148891207,0.5932780272926105,47.92909817297186,Developing
0.6734230562519884,0.4447470534751038,0.29345569142878275,0.6356283465635704,0.4964384651572619,0.5258621737971289,0.6994619508343505,0.5865928702832525,55.0648418477829,Developing
0.7347730271269816,0.6182058367936347,0.3959063155191697,0.7762774733537574,0.2944484370601924,0.534966345806251,0.5193837804426259,0.8010019364766452,62.340760212963794,Competitive
0.49583577357995523,0.5663596502188767,0.4341629785745388,0.5350291137835521,0.17525756415203542,0.5140715720001595,0.7723077473136198,0.5067349120436582,49.02041325997794,Developing
0.5588659366850584,0.5334466407939473,0.5932839208954299,0.584246393559388,0.24709355745349373,0.24588165569532325,0.6717687570470628,0.5119771887369817,51.316866233753096,Developing
0.7067161925053465,0.636631647549589,0.38954191478141187,0.40789367229185775,0.6227020326331298,0.4316288097410667,0.5905244246990593,0.5838540766820938,60.90315218984845,Competitive
0.48219853371620075,0.4948381955572604,0.31623061657540913,0.15100401697566607,0.34968902502164884,0.22333276074858824,0.7363228342479079,0.2982527400732663,39.23108927523935,Not Ready
0.4435366757583785,0.5345746109027278,0.32097655348745546,0.7066538448996297,0.47822446031067345,0.5284108715205782,0.8778111819112979,0.3451894586277418,47.42560916356038,Developing
0.6478866278916383,0.5063404633964073,0.2837985536661651,0.24269137142761457,0.394982257236842,0.13803501768982684,0.6801296617187331,0.5223570230507987,48.05124197684569,Developing
0.5885910610740185,0.4951361351847186,0.5273527016679878,0.4233273157940846,0.13047316887742655,0.4656007671657761,0.5489871364550825,0.39160294437144744,49.180347799865835,Developing
0.6254623623777649,0.4701437548879624,0.2982960236255758,0.49100479731438756,0.49927929008314653,0.5011723772102331,0.5059820577763666,0.46573959429198614,47.07400288522292,Developing
0.8025342301684365,0.6321509210604266,0.531103807576581,0.37871506306477515,0.24233961409432073,0.5830417033223936,0.5517842994163558,0.6929175319236438,65.09967478436981,Competitive
0.7380132995158364,0.4902422656556421,0.40719063334784106,0.3446749155221968,0.6520549448739973,0.42594594762101995,0.6622317097421274,0.6620173053935023,57.00001904480297,Developing
0.5827018796583274,0.2660431378693369,0.09568442579011348,0.5108624872920884,0.2746132198946035,0.32464028326366523,0.7375990452252398,0.4251121440877832,45.57325569255475,Developing
0.6432058788866488,0.22640594438347528,0.3758839967868477,0.56003732879142,0.4617048653565146,0.4892955566806012,0.575718403432238,0.4213190951165752,50.06604921457641,Developing
0.4325108519242629,0.3380910744443562,0.2915824638820935,0.5355563546793269,0.49079990796965933,0.3090842884619366,0.659088733193451,0.38771670890027965,41.630305103003835,Developing
0.3402007410457847,0.27872147559314037,0.3676345470952225,0.38967221223123255,0.4044316249819954,0.1401560171861022,0.8784467473675007,0.3602699855778287,32.79358816716314,Not Ready
0.6201106383823115,0.7722084268772439,0.15226511137011733,0.3851961450149219,0.25285148597585133,0.4471601776908628,0.5185754628547159,0.3533084428184261,50.51604254605305,Developing
0.7100332901223385,0.5875810462149211,0.5092174649891664,0.5271084643582055,0.2515232694788758,0.5368229475842438,0.6026713600447721,0.5825615573817053,63.99632899846065,Competitive
0.7942977517158838,0.45176801761865953,0.16838984301247562,0.22435448714386944,0.21949300755255596,0.6148959665991527,0.5779984493581773,0.5991726757933823,56.77056962227254,Developing
0.8078280417448338,0.7709951837393624,0.616251619443666,0.4148674804162195,0.4244138589525169,0.630860918679161,0.6591906304600784,0.7552238622957336,67.31049337288823,Competitive
0.8077802576000056,0.6385632551054502,0.14551836941478333,0.773645132804655,0.2426307064488309,0.4339983435356632,0.5493326933868445,1.0,62.492165353017114,Competitive
0.7529444062181246,0.3601851673598188,0.5632549245115933,0.4194936721634806,0.3755621911926942,0.4878215969631249,0.5657288742634808,0.42103484176897765,59.54469296133771,Developing
0.550484868761366,0.2575630523326774,0.4727268689174202,0.5599430200706265,0.5627981390147698,0.2407881499193623,0.715893519498515,0.5954634314212963,48.75786813371364,Developing
0.5291791163416089,0.4502794293652293,0.21850464923494056,0.47708438159505234,0.5447705899426766,0.42291997633054906,0.5372540722939579,0.32555401963409303,44.72653129591005,Developing
0.7755233396878853,0.45627517960797004,0.3676560753563918,0.6118748674868998,0.47545016141201735,0.4001094018218442,0.5339395971145674,0.7381553816580347,57.779977609471715,Developing
0.6528008941624271,0.5438226499022366,0.1954286026627171,0.30552098957962653,0.4435822724535215,0.36940175297258027,0.662508902805208,0.5432348503625994,48.310119096336784,Developing
0.7681209121394783,0.6529351991606528,0.2848909317672599,0.28427685420868815,0.18753251849490424,0.48576109088765085,0.4940377036122628,0.6266736778424885,59.17268566455274,Developing
0.6728949619604907,0.5333500259129096,0.09296244030944259,0.22644931209586855,0.2743771401874684,0.48764930264250994,0.4857294830772529,0.5227205455699158,48.20160379240039,Developing
0.5747198175124535,0.8839292571961984,0.17568711349634356,0.35766144900617686,0.4588267425987743,0.34676068195194615,0.6644839311580175,0.3540639601714606,48.59088917220231,Developing
0.6551685979632752,0.6243914776580033,0.11528887485761379,0.1395278760306797,0.24586428802578872,0.3313517906368306,0.6090541157030359,0.5198410256968654,45.82391352913161,Developing
0.503910696486324,0.5754751230217257,0.4289775955678198,0.41020944272877047,0.48447139285991053,0.39298690843324313,0.7629016670803713,0.3683988615185221,46.17556964951637,Developing
0.8447888540494886,0.489083308042493,0.625434514587091,0.4978054799017394,0.20910292189652477,0.6141968223031943,0.3639579060382039,0.8432881101375718,64.45095620652499,Competitive
0.5509261251755901,0.7046936270285753,0.6066676498897101,0.5112324884521987,0.4361472944856699,0.1934558377701761,0.6685866745785403,0.3943318958286797,52.86562271941472,Developing
0.6944357176579132,0.5575588648686075,0.5657142318514897,0.6028556103164346,0.24165532717000437,0.4632991873721036,0.6784591747975655,0.6372742261296641,60.76911915462002,Competitive
0.5462698089965798,0.39208930823924587,0.3782465441823055,0.3194256418823037,0.2306800987992683,0.4127438332294503,0.6729101437939169,0.4062583336911484,41.27332725151123,Developing
0.835886416354847,0.5044247057026523,0.4176111531149392,0.43952729080461084,0.31802470209499845,0.6369589619757012,0.43403362342054835,0.7808895081208909,61.97498734011783,Competitive
0.3574647951744291,0.5884138509582162,0.6384509358375435,0.6776331960735997,0.31922451803711605,0.20737397422774728,0.6062302395718593,0.07022845872963035,43.613310253260934,Developing
0.4780807152934378,0.41547717031256826,0.5026617589492403,0.7045607534920463,0.35152244928027115,0.5303633481038506,0.8946107242259004,0.31385576227232204,49.922996445955825,Developing
0.7251749698096213,0.40476917190981787,0.3596223037875945,0.3704147693231033,0.30617338267526734,0.5160417658156737,0.5930390875689877,0.5321824377849829,57.51951182453854,Developing
0.6384961973808593,0.5279333695947751,0.3661899415018813,0.126339999971017,0.3359296584596121,0.5460777872072369,0.6420775886549641,0.4191453388210034,53.81100256444221,Developing
0.5100306180396666,0.5452663069574288,0.41491005780162454,0.543868422795632,0.8021679615243806,0.31219078209136286,0.8946175430289853,0.590407900049808,45.6852389182938,Developing
0.7211028418557909,0.5885999500941435,0.22401968575261927,0.28973940286997507,0.4250352456760334,0.595316260597551,0.5214458537701956,0.7219174280366408,54.11015652830953,Developing
0.6008720118657619,0.677435511788355,0.6226283151792849,0.5566159958666378,0.4436365720190535,0.40932489089037916,0.6487307399003465,0.6374051667462739,53.23812745663789,Developing
0.5638928863448756,0.4976710660862523,0.24693346986203613,0.5066744908175201,0.5934137193817035,0.5199437007759957,0.7294614218085431,0.2590301396316084,43.38215763601211,Developing
0.5522377237968251,0.4878402698350597,0.21106068806758124,0.3456582058829797,0.4633530707426763,0.346203699726406,0.7053994703509305,0.4313626249805701,46.29024176978409,Developing
0.7815548422333898,0.5855189561590157,0.21097871754883984,0.3261288591728238,0.45662386629024804,0.5622836872940409,0.45356762727355837,0.5731111954614345,53.38563214941259,Developing
0.703134288017004,0.3735870543587233,0.27889058036953335,0.5448035916864502,0.45114340573491984,0.45526465049138093,0.892228898456378,0.5127644044113142,57.220045931662675,Developing
0.7173655849945413,0.2938966819193148,0.23165085732711824,0.5327656319040779,0.20468875177212287,0.4974287623684271,0.4342186121236433,0.38898529128119574,47.08068912263365,Developing
0.6382556995785449,0.4587896022731881,0.18641760503958804,0.06652487270129948,0.2135320648451835,0.4590675023569303,0.659931463967084,0.5444504966945874,48.236633762121436,Developing
0.6410816699809521,0.44954339749572636,0.5554603751196173,0.46383587083634703,0.5249192639627233,0.24510181877865544,0.8096580928823294,0.652077267721965,59.047439372033296,Developing
0.4743825211705832,0.4608544112800527,0.6000327892415587,0.6317579212254981,0.3024650380077201,0.4593780300918602,0.7213826522450418,0.40721843660624196,53.259451443182655,Developing
0.8292246862281314,0.4622029385682775,0.17064539526923048,0.17479622682137727,0.2740699080953102,0.4225528304898344,0.40795054665639213,0.3255192138893658,47.143307373249854,Developing
0.5044109524889414,0.5476357637630206,0.577777893913659,0.5084907572436078,0.7372013494453965,0.4755855090871878,0.7005772290927921,0.40584676324342567,48.305687425461024,Developing
0.8556431442608731,0.53369078931232,0.5547830317628629,0.37594944590005297,0.3534339093441353,0.6642219635578095,0.4480170050085596,0.6706124024739655,63.432985718667666,Competitive
0.6375271323002804,0.4143657893860804,0.5623424587389002,0.6644451285967875,0.3341702754486759,0.5427348141505035,0.5275600927515494,0.5604651045156961,59.708379143519515,Developing
0.7251457643204955,0.3161218186297815,0.4138819330985838,0.29406508999181996,0.306908623750713,0.4393364378393104,0.4520788844473803,0.6289608890558025,57.95967209289688,Developing
0.5591267955909486,0.24141218960234503,0.7197251435356674,0.2262297062534639,0.16601141390818006,0.36745730728934267,0.4983714994839392,0.3091314334545864,42.03285660316097,Developing
0.29755526756012385,0.2749693593407074,0.45154429370821175,0.33769742131341474,0.6483302793388358,0.2874031557509582,0.7643303718558222,0.21055891565371568,38.74637823575795,Not Ready
0.6098762865763594,0.41236185840672757,0.5249798604464567,0.2712227338298818,0.3417951786095013,0.2738842579662313,0.7678941543932457,0.607807461254057,50.27147856555211,Developing
0.5307473779674876,0.3703275343958824,0.5728348623782548,0.7029148916281426,0.14938373413742523,0.27142537363037655,0.5470591118625178,0.35496958286849156,51.51064294215409,Developing
0.5606357548180543,0.46660936289638627,0.3746201365885056,0.4487741441038955,0.4786856185098048,0.21935091300914475,0.46755664685551995,0.44205553066766284,42.512015172393376,Developing
0.3295386227000374,0.2968435003109925,0.35713406770926187,0.5427698272561612,0.2941644954123726,0.33098722194115276,0.8679302307085446,0.38245805431159335,36.34138059027607,Not Ready
0.7440996690417648,0.38853442811640776,0.2018778021497937,0.5073024621824864,0.648599734667682,0.4980286225648339,0.559846763714529,0.677345299931728,53.47704770678536,Developing
0.8590520420212637,0.29324166230808524,0.5027414367418719,0.39239014415751955,0.2610663242600881,0.6873590206463146,0.5484170919831141,0.8043459405072169,62.49877928884725,Competitive
0.9161239478963343,0.2875674255800413,0.3400079435255802,0.5642960056829821,0.353277832773105,0.7136825851691505,0.37958659090450025,0.7427360128921066,59.23368357333255,Developing
0.6577114574508417,0.581189293149506,0.11719920968305282,0.6230776823802766,0.14291568728435922,0.577311838741296,0.7488382781420713,0.5919142052441592,49.05043791990857,Developing
0.5260300757263882,0.6244894942435363,0.38591556299178525,0.2275676875889282,0.20478155390295757,0.32180699587147016,0.7964687594710606,0.5182862463598583,47.80472887565622,Developing
0.7969400939449361,0.3023620362764448,0.18870740156903046,0.3125765495150517,0.26103758786440817,0.43409636001526486,0.5402407247365437,0.684983476109731,48.831442522006924,Developing
0.6080506789858641,0.4097760430741147,0.277491404544259,0.6143587607351794,0.1660674183239793,0.4484086088810035,0.5852012733775692,0.4251649774141195,53.582937425026174,Developing
0.7094404388765014,0.5238004342382724,0.3980944223929939,0.3255740203028254,0.3686568500583965,0.4752109061575795,0.5820464268268398,0.5289073691059285,56.051844076252095,Developing
0.5580419927178548,0.7461713600363705,0.298431098985072,0.4177063016935532,0.16975414673446923,0.48090061068515144,0.6705040244248156,0.5667645126502434,50.65127793420519,Developing
0.4878060591339592,0.4520934558026359,0.34449097932492734,0.32726657530860875,0.29704747406364257,0.3586571094617993,0.6443379046420674,0.5145082889559034,44.269782314842175,Developing
0.6519109764847778,0.3076966301749862,0.4002171280080768,0.43150551071476945,0.470405864457991,0.5465292366060805,0.502776486337683,0.46970675394934425,49.63025994811607,Developing
0.733406540381193,0.683405891734141,0.42049654364781003,0.2680133304350535,0.4705165261947965,0.6304444077852769,0.542016607240166,0.6702726115215063,61.64683706162606,Competitive
0.641537832153555,0.2723257220334847,0.7228270615030817,0.5177597287560062,0.4538522833840508,0.3036240334648286,0.46271438167351064,0.5451953435740103,53.102260020468705,Developing
0.7302984243517431,0.46809450739142844,0.669633626173912,0.20843372701247356,0.7167002394116087,0.3188366284050985,0.7831098549273491,0.46181075929178805,63.23814719371232,Competitive
0.7600234262593915,0.747100533445049,0.07661038199691356,0.5278840977747723,0.13316120645457258,0.3965010140914422,0.5863875294299931,0.6863835910004714,57.21176232919379,Developing
0.635018489919775,0.2696744017500548,0.3610833537991152,0.5959476462428975,0.37563981466999985,0.3415999710772444,0.8512236259621888,0.3661716663084093,53.51380603862285,Developing
0.7624256807507549,0.45898055348980005,0.27474740650718876,0.32217337653238576,0.5522343509960701,0.5138247142955105,0.5140094024619166,0.4680228700990441,50.97812130330554,Developing
0.7335260461478037,0.4518221899031378,0.31525315122669856,0.5645528956569863,0.5322323039042235,0.41775335236049144,0.5121091823014207,0.5157739482903589,57.997306644080716,Developing
0.6235253600772481,0.848372087519626,0.19358262518434063,0.49008443939146273,0.1970549817412537,0.5002609980979398,0.7039104622932013,0.4428492542753803,50.97812005379486,Developing
0.8438701143517494,0.5972981362715226,0.6099341269998267,0.42218931175062724,0.49232575984058485,0.6361897896849775,0.5500317729176665,0.5988380841482025,64.83943311990902,Competitive
0.37550864008962315,0.6545915762767625,0.5677542896220303,0.427004062228534,0.37216141439983014,0.25656531217530765,0.9334207256166699,0.3043444230678769,47.40538594258424,Developing
0.5201499238995605,0.6126284445609796,0.2850706540185927,0.7497048356840398,0.18249626245544642,0.39820276931257376,0.6080331653873167,0.1846499663027348,54.455446121549585,Developing
0.7398463413696478,0.6666301381255062,0.34777261563839296,0.8675151966558358,0.4819444474984479,0.5888510717946753,0.7093151079343931,0.47082442795130786,63.34372848735678,Competitive
0.8820703099199982,0.46208610823377894,0.5517566543010687,0.433784867583523,0.10114625863057233,0.5612925093413312,0.307964870773469,0.6592436864568815,64.12160932792187,Competitive
0.6060618575055081,0.6307498504016964,0.29565359744015196,0.41536719774543085,0.355005105260323,0.49556686856113125,0.7023563199906061,0.4615931895715068,47.66526697904114,Developing
0.6512373149824038,0.3717815725452864,0.4391028319798648,0.29814638234333624,0.28586267167678303,0.27740577252343096,0.6040271007054818,0.6292664153042439,48.66507580456083,Developing
0.4759994129826313,0.23402432123994504,0.39341852784446335,0.3913142313282116,0.37897821268710996,0.2952789251141013,0.5899289430479283,0.5468675377749113,38.74955696675353,Not Ready
0.9709722924896629,0.8513613946464349,0.11992189960985947,0.54955331347004,0.30099901394589,0.7644316110464492,0.4259575907344458,0.7990321294144505,70.22575506580357,Competitive
0.7623163052491168,0.7538670784001494,0.34275073463875555,0.3305596994292966,0.506096601914504,0.42184718484298134,0.5528443996522565,0.7776388249266667,57.86232369993329,Developing
0.32149299077833676,0.7378351397600693,0.27788248353873746,0.4142004966487369,0.27287802026120744,0.1100852104716017,0.716554196287251,0.09382302012344362,40.70657833985263,Developing
0.564403329848316,0.5929599195679378,0.2513485270026283,0.42114075092111514,0.1824920443877405,0.33140624382791933,0.7651148175996945,0.4584808198441428,51.49822027193644,Developing
0.8184608571243285,0.8563423958124442,0.33811304607087744,0.4259536084774518,0.40711217303744274,0.569913595852764,0.5588893446099319,0.7371167787745907,67.51924538668982,Competitive
0.5024767863586733,0.5451731006648868,0.2288362909221938,0.6422221350654703,0.1357584178282822,0.33706488511610555,0.6567675528644668,0.1687902377430105,40.22558999175625,Developing
0.6492171918570957,0.8365040578076628,0.4559652739674504,0.3634062591523027,0.4025335512691537,0.5154020508307859,0.6231405624980347,0.5397573340951508,61.760330912022575,Competitive
0.342241095546702,0.6333214620193834,0.5393308749878649,0.527555549315046,0.14605462296163851,0.36921640472989337,0.9498464993158149,0.23112259434858845,38.000523212629794,Not Ready
0.7025459361634281,0.6853219457453141,0.4987418691648617,0.2910053661709925,0.5062903222651257,0.5086089451816862,0.6861688273797324,0.6126652782151554,56.284708139589014,Developing
0.6339423752399432,0.5129194938792443,0.6446226483772354,0.563795797626256,0.3202903502215935,0.5343626761453135,0.43389085520545645,0.5582389419835314,61.47324147185156,Competitive
0.7172304459825758,0.6780943286698543,0.30840468904524343,0.5822697309322442,0.3168205363984725,0.4935899506241223,0.5670959021662834,0.5250100107536045,54.98820425419355,Developing
0.6794727859564454,0.3626735496051208,0.5337444724433599,0.333073661304156,0.12144625422335532,0.41604800769653694,0.5731705986759456,0.44888256252901915,52.84219080340243,Developing
0.8152252878391602,0.6743415489136769,0.36439194041005213,0.21507842614003667,0.07407147356881558,0.6830856923339307,0.45628571654680317,0.6747381858887437,59.1922245514878,Developing
0.8518240951688439,0.6232009705862278,0.4071071234704595,0.2762387331675946,0.1991042134305049,0.5704440933701996,0.34593410392349877,0.6135775521376414,60.64854347538962,Competitive
0.32444638693465,0.7444622159391739,0.3441211709068603,0.40235538181803515,0.2991554890503457,0.10126029740409348,0.9267589373817449,0.44247532590269567,39.15286083700149,Not Ready
0.6566483522404624,0.681092565867557,0.5837251545253755,0.5267408936323049,0.589020095660351,0.5439154267867644,0.6151640342271075,0.45967040385314484,62.812115222849606,Competitive
0.8236700621541615,0.5422758863497547,0.271116997362927,0.28150386728167887,0.22785762057896808,0.66277749897499,0.5460830026185124,0.6281978529444909,60.99867885204889,Competitive
0.5941704281623281,0.6367764283121057,0.15383632133261488,0.20202247269574963,0.32672493659764584,0.46827287419213665,0.5969200238137274,0.4574860211701698,46.65381626168446,Developing
0.8842855614696361,0.5068023319082624,0.34709952416283785,0.44223028208199866,0.3217446735918301,0.6278056341224784,0.582465996515362,0.7564126557039019,59.270894942116236,Developing
0.5829560238021719,0.4272884526722989,0.28400032463746055,0.5062158080981913,0.2762236886290809,0.39045977271785687,0.571398885248607,0.5234470228505841,49.209828144499255,Developing
0.7233279425128772,0.47777284560602457,0.33978723702613406,0.309427271375393,0.4215331416241849,0.4507077235897344,0.5836234001802362,0.6817729747647938,52.75712295555242,Developing
0.8733079075553989,0.35444492660125215,0.4393834412865657,0.40099898533759937,0.30073468815674176,0.7297029516577658,0.468311467734255,0.6885069746120839,63.517888341736466,Competitive
0.4197300589855599,0.5190614683737271,0.7274451902188875,0.6147726929180763,0.27811961492683773,0.22737500333893906,0.6929050811844024,0.2754490085150873,42.68179931567167,Developing
0.6151197796131554,0.6270371512889369,0.4621629443605619,0.4548881325412669,0.07765656233660945,0.28302690090199806,0.7126787942412371,0.36625864919938184,49.85460835965548,Developing
0.8567993330963999,0.2715884300359745,0.3059208670526514,0.462315801802172,0.4875592810463783,0.6834962380360732,0.35548826261332567,0.6578041717855362,53.96267068581483,Developing
0.7672157817802682,0.6447641934064653,0.6418064832956156,0.3326097150182291,0.5988616220971156,0.5238644256262643,0.3281671735648047,0.5965725310290333,59.82649589084934,Developing
0.6625936718525329,0.40743090916083097,0.2663344964742958,0.38942552890946747,0.5394361779205644,0.5382739080392731,0.49404787028870134,0.6345088386143134,48.615871298311355,Developing
0.7664914062755931,0.6145524614724098,0.6966159854689674,0.8475328265291772,0.3153524355778178,0.5423011348085393,0.3530143988236544,0.7874894782062662,71.98588005163194,Competitive
0.743348452598607,0.5193253208228489,0.34070065073276823,0.30004123647601105,0.4680295316909832,0.5681959482911075,0.5478613169985788,0.7059477101263534,58.87320969266841,Developing
0.6928615932693819,0.5731536719610428,0.43331132158011265,0.4690322432842922,0.18867593922784887,0.41547329076994033,0.5292771462239957,0.5371597756989789,58.00567120937786,Developing
0.6735761878224086,0.18184381629642146,0.4538353841783571,0.29411388803698796,0.15642949107989976,0.5888637319580305,0.6528473110220177,0.23800578764046154,52.94443215917548,Developing
0.5903874836580882,0.46696876940429033,0.2687309613074834,0.482174001488383,0.3563356149906215,0.29570113308438295,0.5843344811904916,0.433964788678893,48.203568453339834,Developing
0.6960989431857724,0.5581329117381608,0.733016663792677,0.8236255431995999,0.24272369085282897,0.31177412384787484,0.46297159663514975,0.5414665568222666,66.51496667312016,Competitive
0.8925161194133443,0.6308221513117321,0.30424199262962986,0.8264037935893898,0.4914760960745467,0.5606090326094011,0.5914482635740587,0.7200637314852949,69.417827920645,Competitive
0.5516193018444783,0.541366723874855,0.2996089088477105,0.729514466959211,0.280640346226455,0.35390210080474316,0.7410806813802079,0.5198275459555598,53.748785793998195,Developing
0.8265871439115089,0.6196325483758217,0.266616743215267,0.4597226171659632,0.2687079840946863,0.6824313576348211,0.4814045415279312,0.6091662626849979,58.415750018509776,Developing
0.36702897307030136,0.17624319125130183,0.19304658056758206,0.3848766057994854,0.19816255692584822,0.20163094870374573,0.6264558545581794,0.3134009616320772,31.73267641592965,Not Ready
0.48114965475896004,0.43906080020348753,0.4128341479714389,0.5794758226297468,0.2194483163496682,0.2937428388020121,0.6923100607911932,0.3619712297636797,44.58370781526188,Developing
0.574488678189208,0.7684007749156904,0.3482325594548693,0.7272335080842708,0.15185366096270136,0.4112679173927068,0.7977749629097568,0.5773396754354395,53.49594697399364,Developing
0.6574249500713492,0.5349629712195971,0.26051322097332674,0.5875989573454509,0.3056785017636326,0.32859766961327186,0.6693125343649536,0.5785606070496916,52.671739975279095,Developing
0.5933373464978957,0.41299640987686903,0.2463491405375289,0.21740623055212527,0.46640538397856224,0.5980994557638207,0.7301964656653622,0.4967134642321491,46.90301022891995,Developing
0.4351671097662773,0.527716650730397,0.6106700266236422,0.4921619319589414,0.3521071236643705,0.2605098658145894,0.7193389628221881,0.3028589798466459,43.82096508969516,Developing
0.2801189903991647,0.4640913568836996,0.3618677876605314,0.49121168687306754,0.8405730786057464,0.2595449333222204,0.8501391070051624,0.21462596019443986,40.78614354760792,Developing
0.6448000658733354,0.6046082392724407,0.3646423960562014,0.3563793130937427,0.4045541097737625,0.4814023010498901,0.739900348069741,0.6929442069498144,50.58231124254375,Developing
0.661777745017396,0.658951188373685,0.32006046783911796,0.7522747064665178,0.48662446265873377,0.31195298618459366,0.6074273874714791,0.5338709415533767,55.95651579398923,Developing
0.781367564972647,0.5446419798814827,0.36865089019166297,0.7633719645799298,0.23066473349721434,0.5502658763970283,0.5190995275392712,0.5134807248751725,61.89019467810733,Competitive
0.3310494716437483,0.5539812830454804,0.44722971783658455,0.5795106938353034,0.30419403309906645,0.18964007364176577,0.8244345706292803,0.40818537012568124,44.5181190697849,Developing
0.4877880012065192,0.40651857602055763,0.17505771880988805,0.7796879586131145,0.17176693441541935,0.3773389209980171,0.5793900007191559,0.5292281265705355,44.5872469335011,Developing
0.7258767362787129,0.4581360740458197,0.35620952346189894,0.2030577486063547,0.5684874369232942,0.628532394608458,0.5677016820474703,0.49949622624165174,51.61981185561821,Developing
0.74806570292652,0.5767130414463177,0.524143737877759,0.4843300552124976,0.36432862041291625,0.6287801073100284,0.4386615652132022,0.6536216319958515,60.12095301370109,Competitive
0.8596433653358059,0.30365683030939744,0.2709539219121755,0.755597341915165,0.46624091770217047,0.6555246172843593,0.3156709353867347,0.7231217964155078,58.49179637545508,Developing
0.3177631854510508,0.4746582243409911,0.3331095926774142,0.8650142241288784,0.3753180768598282,0.1652231573446997,0.8454008863995736,0.06803139350730084,38.34507380248035,Not Ready
0.7314858278888088,0.6489305035239599,0.6599517749431812,0.42322183277753656,0.5355864585837264,0.46053671492863724,0.5697836852100024,0.6150686035635047,62.44288086680882,Competitive
0.6816472548509223,0.8104977555046232,0.3100943156259422,0.49186838825321383,0.18062072001771573,0.5495108398912004,0.5757840505022802,0.5109230494788488,60.160772264125995,Competitive
0.840030662051107,0.688888093987681,0.26722530633740144,0.6054770536803504,0.32240876247708805,0.5192018359194425,0.3101550469672789,0.7395097248847453,57.95030830918895,Developing
0.3830142172025819,0.6936042353642898,0.17429403650354466,0.6396978451522766,0.5677940903533036,0.271167312539822,0.8643670247034952,0.41189166322112897,44.9408627963859,Developing
0.5513613276513163,0.22088866050677977,0.40280655268192084,0.5519717004617436,0.4021792925681379,0.4151111880929255,0.8079989713944431,0.5279591435082167,48.90088508797193,Developing
0.7288545435174207,0.6468108520961084,0.4353470994203705,0.2953475629669084,0.1662932687529377,0.37660798441258814,0.5069597000062516,0.4044989405267303,52.051686031783056,Developing
0.6990452744394304,0.5900500309829005,0.5905447941601475,0.2277652638316171,0.10636580481113016,0.4624180279743955,0.4981228091510531,0.6881187830040831,52.133444268646855,Developing
0.5831087176227839,0.40736720568394796,0.4422057384794562,0.3105723145282404,0.36136302698565714,0.4473507667128982,0.7437679012480654,0.332126239606265,51.567342113350605,Developing
0.7545492680828626,0.515709453138638,0.3764893191498594,0.5641161422453712,0.2755288639864311,0.4879880467592404,0.6305585343614774,0.5507629632901615,59.88308837848743,Developing
0.32392304375228725,0.5682999072551841,0.17491801265005869,0.2162504244336706,0.25073383082263245,0.37007200139859403,0.8793524688806789,0.22221251469109404,39.96144193490915,Not Ready
0.377587830710448,0.4011070003327537,0.5015484644569574,0.3049642967921218,0.48469558055679784,0.16924281652452144,0.6814948157761958,0.4681525025413299,43.23895137143612,Developing
0.6589087716779923,0.725062764774119,0.41004225696953256,0.4862775024968605,0.5635506029845397,0.5973666973764303,0.40578664488406047,0.5247599093423908,53.98775050152044,Developing
0.6201319459265956,0.6163248569719254,0.28180125371543313,0.34952681440385,0.13276774322117496,0.5998386666090825,0.4064875459018217,0.598855035375029,49.30290910889562,Developing
0.7271404409134102,0.49370974404368273,0.319962237783799,0.31459791565334766,0.5867505567461619,0.617701277716962,0.5511460575036863,0.5503429403705246,56.88790590873194,Developing
0.6406582489372655,0.6823632046530113,0.28144269819514917,0.7188592810200612,0.11960830516613953,0.5662464798394812,0.8096290623507278,0.5246585426530541,57.69123069862831,Developing
0.5212096899328472,0.20531473256642443,0.6733978842560072,0.39244539968314407,0.25020204788685835,0.30453835261355233,0.7891947057105022,0.44197814958365705,48.30711974831934,Developing
0.8174874536971596,0.3731743716579683,0.32602320487823977,0.22522691467437206,0.4407240956777584,0.44098259983175125,0.5310711390190596,0.6777982877822653,51.02402469656093,Developing
0.5938830506328284,0.5753526548760775,0.5215494340164751,0.7321128497275712,0.35730749182542226,0.43743395505081784,0.6293620927129747,0.6102529487608993,61.09295948398491,Competitive
0.5689878151967529,0.6709662119663978,0.2421525376827942,0.5140585369984778,0.5371533724333685,0.3303263859175419,0.5873322818275178,0.40569837873338055,47.77538609304785,Developing
0.8945455822558026,0.6689726340027945,0.35095100162827075,0.429738910115936,0.3886916814766882,0.602465086947613,0.3683163532737488,0.7237618744897932,64.6330832758535,Competitive
0.3996868324012268,0.6122981734222503,0.4190735026618673,0.45607945822815876,0.3691951841504926,0.19383911043815785,0.6463812247774625,0.5304598040147143,40.27772006907355,Developing
0.5913288363288025,0.3145134729306482,0.2863643905314162,0.5384464533228673,0.4255104622877802,0.3468665500739827,0.7932201599905775,0.7081035732709912,48.66264162286023,Developing
0.6901212098147769,0.6074413437369782,0.21774973840604392,0.3361473209860535,0.2800124716546492,0.5677776996124163,0.733656333338706,0.4041728302384935,52.58118657083363,Developing
0.5791957624669054,0.7716563545935446,0.48168761701047963,0.47404338522340606,0.2176990530811297,0.34223435410252107,0.6387810150863661,0.4951393468142236,51.07545922566692,Developing
0.5073827972144536,0.7819585602948947,0.4002019444297979,0.2253951296103345,0.15550310375844154,0.3765701334663609,0.7217302051912782,0.45969833720377967,51.011302410025365,Developing
0.6814258081702397,0.38987620989986566,0.14841889562851052,0.4687406511868259,0.6148594797421587,0.4089149385499018,0.6962032321266737,0.5316123796640261,50.006753604931674,Developing
0.5347494467892835,0.47423069154438613,0.22843756077943597,0.4362394278479706,0.5063913210090137,0.3499363913243404,0.7619696277547507,0.41246924581214045,48.909208032651016,Developing
0.7803200108509206,0.2947031333083982,0.3167865579908203,0.3373538387559374,0.09082366157129916,0.32640878299216525,0.4595822299837292,0.7402422364346621,46.92817870914989,Developing
0.35041257221208866,0.534093951306579,0.19323916297423946,0.7698360526551161,0.4342363497427025,0.13644468239836968,0.7674954945359425,0.419849325228666,38.47935603378953,Not Ready
0.6781111051620342,0.4498359798226396,0.11065834642636528,0.3993092529885603,0.25942683793592664,0.534420666512783,0.4880975559319819,0.5023051491463592,48.429139482259025,Developing
0.5401293680339548,0.6559804460884411,0.3050332882855534,0.4867030787117801,0.07445129558745912,0.25621437987358187,0.6572109800437533,0.5892039050450438,46.981386465594284,Developing
0.6834881133346595,0.7195149877456135,0.17764985541596387,0.7151493677403584,0.2099625470604692,0.4750567557408688,0.7256000786433605,0.38766476164854946,53.973026398158275,Developing
0.7511781084942137,0.7256223313695784,0.5411073366329039,0.807006758782736,0.3809526358427851,0.5195379253566521,0.6195155358975386,0.5761253210606673,74.77419845980181,Competitive
0.5352404661934802,0.3579904029639203,0.5622466720501273,0.41683046436731813,0.3778247986798549,0.46324428866846756,0.741936026403832,0.45820919341720173,48.856858626942746,Developing
0.6495919116659865,0.6541871496325289,0.3943994072006886,0.18118315756320516,0.2991743278776406,0.3133781924794479,0.5816563275080047,0.468087716665781,49.277009193236495,Developing
0.31650630700557797,0.7797119893813484,0.18119621085345272,0.4645609022732642,0.23313473246795863,0.22056004710729296,0.9222549258935446,0.43485096384723754,47.01100917831073,Developing
0.39134235864087896,0.3351181835046524,0.20741229034923192,0.598633572406686,0.3838159827250273,0.21450648306035253,0.6878992440452371,0.32070366795910293,35.07404106365107,Not Ready
0.7186984019598176,0.41792062391332163,0.14903679719874768,0.6543780637277675,0.44217017873965464,0.6723001895623684,0.7543109655155162,0.44032289949876824,56.165686555979406,Developing
0.6131904125524212,0.4790314565250423,0.3373133967411224,0.4983856875199003,0.2562599360157604,0.6304542530707813,0.8275918722492539,0.4962950159147948,54.980950987344855,Developing
0.8332145584936208,0.49706818706036526,0.25211808132115243,0.4609832248422986,0.3007445606139845,0.6928538276570686,0.4998915011940857,0.7651365630704556,63.99601821480807,Competitive
0.6885994234116554,0.3734100058168086,0.34479111716282485,0.34868037275944813,0.27480715575613224,0.564496116799343,0.6657023167251208,0.5614750076129678,51.47042424960799,Developing
0.5369434106251879,0.4828918105090593,0.3946213109027443,0.7985340468097066,0.6074663176395698,0.34999479099309416,0.7184882917590774,0.49657539188983624,51.77161092854653,Developing
0.5793194402706046,0.46354055049727977,0.6696239176978229,0.7512892970551988,0.21626361604145342,0.39149484244004035,0.5342932914857423,0.5049364134457252,51.15828127972796,Developing
0.596642533937535,0.3232570019338689,0.09027163726636475,0.387837775451058,0.5371713510008674,0.3811954327770704,0.7855449812962798,0.4388646705968521,41.282757513921474,Developing
0.5434548185615448,0.6347969336821156,0.305625170217282,0.20569696085375724,0.3819787832160023,0.41314229600504504,0.5659074322429961,0.5749317482315239,45.92790773020534,Developing
0.4318133229839338,0.30690125720646233,0.07928318069754066,0.42012881762903415,0.150465796570498,0.2328382802416451,0.7129310869831164,0.18324335026564564,27.38928769839382,Not Ready
0.7107413783992159,0.472555380755519,0.10622065385084874,0.7241519146207559,0.2229618657917327,0.3881980858505636,0.6304761737846967,0.43543403197004615,51.321754603232705,Developing
0.7210013632912871,0.42893362724222034,0.2747006829068817,0.48003344609072596,0.1992363422213607,0.45189541520055804,0.6138675085647688,0.38715165170641574,50.071183864972895,Developing
0.8280106081623889,0.5290166442925844,0.2768983071494762,0.4165776080087843,0.10217572075812445,0.526879000382742,0.44903846984813967,0.7052943465928044,54.11927627365505,Developing
0.6524659800898933,0.3918927492015028,0.47414653624101477,0.2781968012631676,0.4078382997379248,0.3330911178574556,0.5548025911982384,0.4105275159598586,44.95271770405134,Developing
0.7881459674959809,0.49186135011975135,0.2877386710435914,0.6664690672221875,0.1544762658261797,0.7188656433838136,0.5945679370579516,0.5216017641012256,52.040171653241956,Developing
0.5776176153750645,0.5774043425585456,0.5927311652905051,0.8117731248122456,0.173263520325435,0.4926096816187317,0.6105824571953454,0.3278920949319659,62.336900155025845,Competitive
0.588893518953675,0.5343925273235743,0.4363688145841873,0.5454489796019482,0.46064772671874815,0.4649639052612087,0.6685358770028603,0.41516246444316546,58.309267767741275,Developing
0.8270344124758342,0.32573652416374826,0.7247577841497348,0.24210516980484767,0.17091573543883498,0.547851863751938,0.41804951435130655,0.5528808234830045,54.567260217272064,Developing
0.7626306839402456,0.2814764863153365,0.39597807385360173,0.40940025234519045,0.46488890801581145,0.5294688110093979,0.6390540691487046,0.769094398682594,49.709259220215,Developing
0.7448207100318496,0.45505981678010593,0.3309261034074979,0.14702708717768762,0.23260455826800813,0.6258100214578993,0.5924702593544847,0.5573041582537519,54.18876851469024,Developing
0.35232141687374546,0.6880889155374068,0.36961589016390745,0.5314705493569869,0.17775817519684797,0.32491314703250473,1.0,0.260004527550599,42.733744875807574,Developing
0.6603257082024616,0.4051383924004789,0.01456871838917807,0.4271299860394953,0.64642058182069,0.581681975441311,0.5400395168679594,0.5645466530202968,47.149425592027924,Developing
0.7953547305524036,0.28738827028351294,0.6548731955634363,0.5278498043108151,0.3466659736574647,0.5791276585167675,0.4778584113130742,0.5980221751184918,59.96788798876721,Developing
0.7375617179567538,0.5531300169150222,0.16660654784823561,0.49899143433566373,0.31938096521909554,0.6448031557349535,0.6455127968433562,0.5354315586972673,53.982557828838864,Developing
0.73398947893944,0.5802211010851448,0.25707400170177946,0.13914356335406908,0.4672908395597365,0.42346102973167554,0.44023428417976684,0.5542250310053205,56.82334531766455,Developing
0.8125592085094185,0.6314963320351223,0.47669850432827154,0.448010206497454,0.4272210448383009,0.3898216127149762,0.630443321998089,0.7163912287714521,58.85664381118852,Developing
0.4500396043852702,0.5302350302589174,0.3944947481981326,0.3997514244846588,0.4714391403998014,0.27222099848249803,0.6788027421862772,0.4132711337656555,40.84273508405879,Developing
0.5983040260756352,0.2201721362175036,0.3584243959234419,0.3881666995280203,0.617069180377556,0.3463477411311786,0.5204649742655815,0.48159126474954195,42.466280876973144,Developing
0.8210705766359377,0.43093586250530325,0.18454589976524377,0.41168579117210186,0.1221781958891482,0.5676617335370642,0.5128717912301605,0.43209428380301773,51.68783308072134,Developing
0.7603827709960523,0.2156111819553545,0.3258577395109096,0.5241021203126744,0.4159134650224798,0.5791112974299636,0.5620990030090613,0.5682834534350552,56.914122697506144,Developing
0.28220362877046756,0.4693027811764401,0.34506500850943345,0.650277401613031,0.2879840379429891,0.09817778299868009,0.7913492546614689,0.16853103915253756,34.970036118765634,Not Ready
0.27531281888867826,0.48498993616050046,0.32568525222927114,0.5980352314917827,0.40694116062719743,0.3048579989398204,0.7916267983490047,0.39265818897986116,36.84063654254193,Not Ready
0.5424735685685554,0.5542469456568244,0.5711789118824699,0.5491657295643904,0.41072048491110735,0.36074236897916484,0.6262244406120908,0.41924749517624077,51.95059279963042,Developing
0.6586342748722798,0.4805329687718005,0.3977212930681507,0.28089309804203083,0.2412367231334425,0.6408835678674956,0.6974890068084318,0.6747836433909937,50.42398125640679,Developing
0.5391191671279612,0.6710243320961513,0.6955358604192428,0.6387660382062768,0.3135456693963516,0.33120542113395346,0.7380760901441571,0.4056577448822819,58.97222872047718,Developing
0.5820923452819169,0.7533035187268651,0.21576669337555587,0.4549388703197343,0.37450848227623357,0.5398287514262513,0.5783012522606436,0.5882227906232774,50.86687529750216,Developing
0.5247933571363385,0.6159278411070894,0.689244119772384,0.4247311802860671,0.5052055739902342,0.2411553633011266,0.6342256961425694,0.38747596551321506,54.073115153679076,Developing
0.6448763803139582,0.5332736994091429,0.21377967167020784,0.5991902429460263,0.27537846078319705,0.45346935193602134,0.5893668526991027,0.4056070767769928,53.91162732375058,Developing
0.285090730068206,0.533194485924427,0.5812412851273161,0.2738851949887857,0.4395505975689375,0.21355882217951996,0.8938232914101598,0.1805407823851679,38.26713461324052,Not Ready
0.7515296022220682,0.5541876865820591,0.23434794223826155,0.5537266940807999,0.2905758810813622,0.35412330849812834,0.7499091645396285,0.45187015514707896,59.36559333234072,Developing
0.6233653997240276,0.4806725178156314,0.4167648605011282,0.6793497997454171,0.5656449520537139,0.3971733874436654,0.7247753281152135,0.5380970445571599,53.71079607313315,Developing
0.8773529619526604,0.5684298679174224,0.428843806831777,0.2835547319423117,0.43437111235418546,0.7153600431808279,0.49018685627043945,0.6266954595031878,66.41529078621193,Competitive
0.8201200541494806,0.4576849609805421,0.37492286392355845,0.2896752331949529,0.4667830602356306,0.5562471003841805,0.40667290037070947,0.7732424762745378,63.02823527186084,Competitive
0.7565326730341145,0.6821077155186687,0.4141255134204528,0.45304797992099144,0.04838957885255265,0.7137182762128709,0.6511171710420195,0.6564895642277724,58.62992034648366,Developing
0.40625214081234273,0.471305368823899,0.3382113132837681,0.3105041028237171,0.37564594547321156,0.19883767998302498,0.7608281871498773,0.26112914040365787,40.4779355047025,Developing
0.4982207657245328,0.47599548935905506,0.1530613886827927,0.45414008106260084,0.4117528339780294,0.43715776136779844,0.7569031642191995,0.2630875502018088,39.16437528102457,Not Ready
0.5558404601230934,0.48574048492958055,0.32855112405839515,0.5452081683671081,0.3824146398516963,0.39431912935977426,0.5712801059458716,0.34332974296487784,49.17704538419428,Developing
0.6548173256335365,0.2811697142352119,0.3286158210407047,0.5476124108141934,0.23304065749965885,0.364916022316346,0.5167230688743162,0.696000621930841,46.6322777404126,Developing
0.5587207131121138,0.2876481380852573,0.3669695282879425,0.20951620305877952,0.2984640758515866,0.4397754384299891,0.6527481269459469,0.29100486328746195,40.10792920272185,Developing
0.7944980674952123,0.28684442424482876,0.3549428762358306,0.601706763436316,0.31736365681604134,0.5707629245615606,0.44058587749773603,0.5174792289411152,55.812738122573656,Developing
0.2069142953814032,0.5599201894522011,0.3125925947143579,0.5197643416715063,0.24081084590979035,0.18928402301627645,0.811224808887143,0.0,35.12757330643962,Not Ready
0.5720143539033542,0.24619645880853208,0.49131633157856275,0.4786460289534996,0.18878471797834662,0.4328325803674083,0.7265904408586067,0.4481170641227439,47.216099995647056,Developing
0.5186857957069753,0.6143792234741398,0.24281267946074409,0.3087976401421821,0.30694377492942637,0.44354258736730706,0.5524621385251686,0.4441223072880993,44.616432926847956,Developing
0.8573817477488018,0.5303173720205111,0.1330833047031141,0.7412023271526873,0.4564845859599539,0.7265032585942102,0.48307846643393093,0.6887338648664406,64.3995537839827,Competitive
0.6878357204952498,0.5553798940209141,0.22530250422340758,0.7325087909560808,0.07130210545643326,0.37040930743093214,0.6711736205024661,0.7044996182653448,55.60916819045875,Developing
0.6772321486780144,0.5496291362975224,0.3200057336067625,0.49875496214065884,0.22572809307566793,0.3936311185911178,0.6516703575489147,0.5336085631085826,56.77971643521911,Developing
0.5026559631029107,0.5854257316646709,0.3057598847610184,0.40531987098775546,0.3356113714820037,0.27428378596737885,0.6967765508962427,0.4673957065098957,43.67489383806225,Developing
0.7055405646996918,0.6325630669318161,0.04429049825001507,0.5449974317038069,0.2544685459811785,0.39781637902493555,0.3941718348901422,0.7569790952265243,49.645876936226664,Developing
0.4405313171817724,0.5147507746171379,0.3008313458977846,0.6845469484254029,0.4932346110969931,0.1742601941714846,0.8033436595936924,0.4294539594492653,47.10276646939819,Developing
0.6443497591752733,0.6107622912640917,0.2499552237985251,0.4514114936118595,0.15519560363996537,0.45220604212899995,0.6335746327496605,0.6493599228479597,55.71737403273941,Developing
0.8177116027760272,0.2085312594330813,0.39964824189022424,0.5124579713746198,0.3721231173443337,0.5172979500920437,0.4724473733160809,0.6613053484263481,55.55926270820247,Developing
0.8264959330995787,0.6804663613429496,0.2788873641942245,0.675910851582542,0.3816337005131036,0.6566617140521885,0.6400067726688152,0.648635876495525,63.9517253747878,Competitive
0.5226315473835071,0.2711288623239796,0.6242080224821097,0.2103822056600721,0.21886641339796475,0.4930733644078047,0.7427534618269978,0.4980195659852831,46.248644784007716,Developing
0.8045455964715725,0.5288561541003316,0.6680462822342068,0.18605014093440705,0.2891976166216674,0.5649574727302941,0.43075244591636785,0.6196979802684454,62.817538168955885,Competitive
0.31741610643011375,0.539448529450982,0.37523465657896093,0.30940432281657054,0.4251757042576895,0.32031959679007693,0.8699214207966524,0.2293504729775097,38.71679824662143,Not Ready
0.5855937283323338,0.5404601591082042,0.4652710059251992,0.5557112411800769,0.1154799559164644,0.4116024690574641,0.5452399773968764,0.3862239210029669,49.0536828454822,Developing
0.5302465337965052,0.5099029392933769,0.14259647019653782,0.278071230892428,0.4467621770184029,0.4818054462498698,0.8480310150706702,0.4620030099683715,44.54360942280923,Developing
0.23782586293777058,0.3951580138449511,0.17898180412256678,0.5769956936542422,0.051794395423230555,0.32213661106730684,0.7999438360052047,0.019358504447512914,28.497465363492022,Not Ready
0.7272610171553625,0.5979640887064487,0.43047006931831877,0.19783117616019594,0.39649327601386,0.4319254501909882,0.702373378794408,0.41490445964494327,52.92126326788802,Developing
0.7946146749030174,0.49494928058362003,0.339271366686775,0.5835903010426858,0.13620578406964717,0.6266509986001827,0.48671516414488536,0.7156995994734686,60.294180325799545,Competitive
0.7710847136861605,0.21804032629288742,0.3298646189258993,0.34984316360851403,0.24823282188817503,0.5738188912250802,0.5460352253218502,0.6487041662306733,48.36851316288948,Developing
0.7344450971068126,0.617552577724016,0.30289948736908245,0.27909467591136117,0.21163184464191112,0.48127198893568274,0.42100033064230086,0.42871529006491005,50.68510228868308,Developing
0.6758505001796548,0.6606995991520827,0.3489417923558299,0.4478634221171767,0.4061339248430035,0.3456848646719062,0.5726724709625263,0.4791943990909235,50.82173738321255,Developing
0.868110843348877,0.37381108473197705,0.40985824761216993,0.5583162655214764,0.3780301443954421,0.6196820046983104,0.40907201401280313,0.6477278011905689,60.119998150214194,Competitive
0.5251124156449277,0.543239301294115,0.5735371693627191,0.3960444721328093,0.3825668794322789,0.36760125568046315,0.6552812202165758,0.3363192354300822,47.67368258633148,Developing
0.8102129004506362,0.44746162493995784,0.3359792838782096,0.36065069980986864,0.5639351646321372,0.5170857871018446,0.48611063532255727,0.7619545178126208,56.720421585466305,Developing
0.5720160836497592,0.5637516049865647,0.27926163151920735,0.5270947787723516,0.21304513482623436,0.32779834656692397,0.47585159872310157,0.5429081887314163,44.96339593018815,Developing
0.5988074544148501,0.6471305362281342,0.3211753297323115,0.48045684606457373,0.2015295121557006,0.657447890197912,0.6187046072554033,0.46822418164018464,45.88087158820055,Developing
0.45012596402646227,0.4286613700162255,0.5165847228641496,0.3021565914639013,0.33364879770944217,0.24599510099517868,0.769506139065088,0.5554991101090554,48.15530398301529,Developing
0.5184725003792533,0.5862186248308294,0.5903620566767002,0.1721092745577428,0.5175761025490452,0.43523279618969823,0.6842976108508203,0.29521145751221395,50.86315034823312,Developing
0.7412799252267388,0.21588107040624724,0.471701490866845,0.2923712645134535,0.22940348846207498,0.5308629988829142,0.7272071548389921,0.568814324205231,50.206044771994044,Developing
0.3619969992749194,0.3714322651638503,0.33221595174128205,0.6552683762930231,0.4909690054625133,0.33304832154622976,0.8493929746652715,0.2878981809471002,42.222889856035316,Developing
0.7220461816192689,0.30476635897820575,0.28838656427224674,0.4473344647776016,0.26235677774466476,0.26255067926336983,0.6905611130152941,0.5268340546992603,44.25071661127066,Developing
0.7980825057113948,0.809053658622273,0.42238414815826836,0.15254261452450493,0.27480850939120377,0.7245993909646836,0.586296638056785,0.38670956772364945,57.05051225533968,Developing
0.7100847947558373,0.521093932739919,0.238533162968764,0.6232177767663826,0.2681990464166304,0.4270600331258374,0.7067718180827217,0.47844838245632904,51.64249370177939,Developing
0.486559975208647,0.3615692958357865,0.5270287888854925,0.2774493580486683,0.4495682792446228,0.24860624073558985,0.5592737951452605,0.5492654966529518,44.79401920097079,Developing
0.6333005206950313,0.5948110817696706,0.16724190883336124,0.6853655809823461,0.23003927624414633,0.6071430885610452,0.4662742388142713,0.5424450598653925,53.65355585957575,Developing
0.48224921598903764,0.32115954555442444,0.43736952009793634,0.24279697099447536,0.3572148865259433,0.3732695566749222,0.7395043735153018,0.4696883799211519,45.15118461749403,Developing
0.5685960327046657,0.5792730313721174,0.22394326755352453,0.4555126950425153,0.3722325861287516,0.40522245746245067,0.7601840179913577,0.6178275595869452,50.188237192861465,Developing
0.656523413797593,0.434460846761542,0.4930668959588518,0.16353783954315312,0.46206775126710115,0.3451245179135947,0.6518835467734195,0.40130609934869477,48.167496522513915,Developing
0.6725303331583949,0.6245378035743429,0.38590193628005326,0.3951614562383153,0.43271017828647973,0.4077834196018191,0.4939290458423468,0.712084406954623,56.11149972473669,Developing
0.7006760750084032,0.22621878327277586,0.31920149046468105,0.6680507876848295,0.1718914712033408,0.5759729487391362,0.6968570431741458,0.5176627817905716,54.9029623926649,Developing
0.5278907982452741,0.1634472348376969,0.07814185724172916,0.5004134451233302,0.2828901560305094,0.3951975633953337,0.650195014647559,0.48891331974420427,38.5125128892636,Not Ready
0.48239137426837664,0.6130317520194531,0.6196957369834464,0.5574127168029968,0.35461202687443494,0.1579373013186957,0.7919981765462246,0.4857618187139997,48.4637208866271,Developing
0.8126646613828628,0.4655840092057822,0.493961580902035,0.6636850052746007,0.2037914403262012,0.6739487272686343,0.42786838724826126,0.6132276444042396,67.16549031495089,Competitive
0.691578028593115,0.626818333284802,0.33011756648128815,0.7881320115689905,0.1209272718141505,0.44445279948181626,0.45195475787864037,0.5432319774804366,55.60568193570553,Developing
0.7892858241766796,0.5836054289027091,0.4016067751264898,0.6207717952258923,0.11247627222876642,0.666693980062762,0.38561232619072205,0.6202034596603355,63.61253532917115,Competitive
0.7581218584633438,0.6604396435430558,0.35128383535355995,0.32425721157811843,0.32824772639117894,0.5159208575291611,0.6704966671845847,0.4941308832056879,54.330786139635734,Developing
0.374633108001027,0.6260127993068499,0.3937370185971298,0.23822477127429006,0.22298897936796272,0.2754363856157551,0.8264097808825743,0.21543077583270148,41.81699785627537,Developing
0.790344386508055,0.4819247590923327,0.44139929217616175,0.34100719193724804,0.4127095822574683,0.6496921051242253,0.4339196058030007,0.6499385492476761,56.12673864248515,Developing
0.6077433678481645,0.6888755984337478,0.5060261553925187,0.5220900792410564,0.4668825791122547,0.39229551409876295,0.666920679186694,0.3061712692106944,55.58159251303993,Developing
0.8434184332631184,0.5944613646895772,0.42233594613490427,0.118984276827559,0.25559378219708473,0.5330606632362187,0.4402770661315254,0.6435629361880477,60.39134793433395,Competitive
0.5308012302160154,0.7455328775984815,0.5103362152804385,0.33311903766047346,0.42695117161330853,0.24627117156267586,0.7099461859608549,0.4051302382681286,53.645273891004535,Developing
0.9604774911066429,0.2880372265548363,0.3074539129832166,0.5549135005851787,0.2331722272485297,0.6898152653455624,0.5455387093705454,0.7108692145242625,64.18947459367108,Competitive
0.6365205319841846,0.34117854289333666,0.3035718919774534,0.6021698407108085,0.47005453326767466,0.4100635042280024,0.7461839600275013,0.6352315272802856,54.262195895182224,Developing
0.5702363584493765,0.4789907841085017,0.18519806431870622,0.481402839435064,0.216859574320116,0.4552656707698819,0.6557653733845107,0.5170038521892084,47.94576384404397,Developing
0.744210588642406,0.5334744133795052,0.25645738166328724,0.5064320033577314,0.49807507522511335,0.49684911597457004,0.5737731235191675,0.6018616148643531,54.12608753369765,Developing
0.4544968629090652,0.6921680698293379,0.27180265421449057,0.4329127608787449,0.37203155608257454,0.3648758960667783,0.6073804473793325,0.5243161446339547,44.76529233737851,Developing
0.42270438770598623,0.4211122991993927,0.2299519710286434,0.3823030714661357,0.3154942200238641,0.3373460877072701,0.7875500934735945,0.35784371485427424,40.05780469375522,Developing
0.757027488276802,0.5839333483487432,0.11180705968567126,0.48366562814475805,0.5618845472889105,0.4682425341430909,0.6622970762628986,0.5222683662930744,52.583090309946485,Developing
0.6923535627276378,0.4593846726531537,0.19539424612931522,0.49733588693030456,0.2648057892317709,0.5934739855259279,0.510188192563048,0.5437581993803577,55.54412575828802,Developing
0.46930816986767904,0.4685336431535838,0.5522325940736557,0.4408037863885221,0.4693097154852005,0.2596308341558402,0.760930900385326,0.3148260085259247,46.08811852724549,Developing
0.8398293012497173,0.7590482470900841,0.339691325399156,0.6174577730768525,0.5219771330282348,0.42511917926759346,0.6503495768553994,0.5891561301116796,65.32063818098516,Competitive
0.7136148245605778,0.5593602787961273,0.15396240960242866,0.480153221727377,0.3931560293476833,0.4770370365204613,0.535282589530002,0.605803644229146,50.85735495113757,Developing
0.3694178493812767,0.687210836986989,0.42578407329841933,0.3036750232158538,0.3473997329217063,0.0901886900262025,0.8492489976139707,0.4473835741867046,43.258460381154485,Developing
0.7607209098146722,0.6852587313074062,0.5354653488989881,0.5274410248188875,0.49138797372552145,0.5507957466897132,0.708650377882529,0.7152443672622573,62.83461561293273,Competitive
0.7325133193365237,0.3180416357283163,0.5666206849814319,0.6496182408517774,0.17835781801031786,0.4506641617401113,0.5142967839123322,0.5637811782966449,52.811180931154425,Developing
0.7893688051513481,0.4156931490783899,0.4312958177170499,0.6714078065838928,0.3140654680558935,0.6562878148534049,0.6034897084102933,0.6621426355544877,59.238983746675544,Developing
0.5949332951544367,0.6005330504047219,0.2662052882591933,0.40400551906870497,0.49661267174218804,0.43904874620871653,0.5494959532427571,0.424650975781344,49.62617898746031,Developing
0.5593828641812842,0.6270419079439497,0.3981198043379011,0.5263307502559337,0.7777291883031451,0.22273593090134394,0.6841603901209032,0.5525102114680789,51.75914338089617,Developing
0.6729957744277147,0.8595144795892197,0.28067403525270945,0.4106933807885198,0.23396816806632587,0.48151749723091486,0.6307908757231915,0.5792398137714768,61.57842796792206,Competitive
0.45644593096416897,0.7703299010307767,0.19577675021715646,0.2806592379430087,0.6720338582004551,0.5480244323881989,0.5101683729098043,0.35532209567748824,48.92488313014429,Developing
0.6110041867336207,0.5509405351371647,0.6557346215873652,0.5143442670169235,0.21879350923549323,0.5338795895857625,0.6169934376062826,0.5984786969130308,57.244114850824204,Developing
0.5932883424502796,0.21514944022407193,0.6884686572331341,0.24529051603940535,0.18711156898038062,0.5317260705420652,0.6707094478559932,0.47705015870675044,49.546564923635906,Developing
0.6229543140105253,0.29854099349101576,0.6491118839362812,0.2815629105257083,0.30742364881691264,0.615097478090048,0.6086307841937814,0.42890794116260145,54.86578626851853,Developing
0.6900572148584717,0.6984174316624742,0.2707887142375583,0.32825192534134645,0.3479576904194706,0.5560066690276257,0.5689139700052951,0.7224163555614983,60.94705239406622,Competitive
0.47785387382366334,0.5717315090107798,0.24574352923685963,0.41610773527256134,0.24178440048733238,0.2894954379897238,0.5440752539722044,0.38132247792261953,43.42072175770361,Developing
0.8758472082331841,0.7471167091600416,0.6175599835103015,0.3165719174757428,0.4419147624374077,0.7171139941610776,0.5247210055994771,0.6406058429273382,70.18628234869126,Competitive
0.7923292748802958,0.26997184639754823,0.7594539324281298,0.3944723054720504,0.39996336495407125,0.6322473256579408,0.4965443780091605,0.678849031575868,61.55999796494807,Competitive
0.6741497854435695,0.5299306193150258,0.4149661512958115,0.4672463659675354,0.2841572900511457,0.4303427857531315,0.615305996494403,0.31019050347944466,54.187235237722575,Developing
0.36194444448838464,0.40732891994691023,0.727060789448197,0.6512279694227159,0.024513275870609818,0.19309818895906053,0.6910068918458245,0.3172326914714022,46.87057786319676,Developing
0.7859485590167185,0.36076566461128834,0.5688227646786144,0.5741901808673519,0.4138164546993382,0.5647554820453629,0.488895465784972,0.8007902942767902,62.319362100527414,Competitive
0.509330122520548,0.12655840991126502,0.37089448362579136,0.5615121874004826,0.23314771788280447,0.19820173907531755,0.7406894115051381,0.5291898308072575,44.28988808886941,Developing
0.9132004369021354,0.34737917509953525,0.24763079365015933,0.5712916498007977,0.38418429232249357,0.578258177949286,0.46295625756824393,0.8350062545499527,58.62971950132671,Developing
0.5669384037839943,0.7250780749327507,0.3487670330858944,0.6349247582612451,0.3657476924263879,0.4225708814325281,0.6157853802671549,0.5173155545299717,49.415387021030774,Developing
0.49261777202094725,0.52915466336357,0.401974343289239,0.6565618617215009,0.08735984640383095,0.2077182282851104,0.8093165682289862,0.5130739266848153,48.79122779038308,Developing
0.5890434050835598,0.5294178312402952,0.5037439674876287,0.23316093830984821,0.3288119563176805,0.40957562117719626,0.5896671555330003,0.435128243522735,48.33673727942607,Developing
0.5489523513784688,0.7616803312349602,0.2777737606955237,0.5765625424054037,0.4678647270907709,0.2229267783668968,0.7581604300833531,0.5078932152289037,53.50035803990409,Developing
0.5774774751231221,0.5765905850038126,0.569745550100829,0.6546603181336801,0.21450401192976623,0.2686321782375377,0.543591283868474,0.5037157630341982,51.16269074038999,Developing
0.477571829639393,0.3263352977185523,0.12044782919160736,0.5459229687266282,0.5286525440782388,0.12751302534467737,0.6011664278986457,0.48846953296901036,38.333529674952594,Not Ready
0.6896473999844327,0.39233542864727594,0.3784610902809439,0.3493688018045947,0.6023764337466223,0.5482142032081474,0.7366719198165844,0.4320034815383759,52.89231049115503,Developing
0.6800558361717489,0.6003548966385005,0.22727091733622756,0.47814695709664906,0.33664446777168255,0.4139017382944363,0.5502331490132291,0.5872981737313455,55.24057117544684,Developing
0.3989429731821161,0.4936248412548906,0.2354965969916811,0.5411104291612222,0.3778797881140328,0.49146370519902616,0.7887783484209565,0.35178475340939697,41.371605267043655,Developing
0.7460710562133482,0.6429399787603635,0.3999560906632376,0.30666438881961383,0.433426478600931,0.47245577865694355,0.595801761083541,0.7073795796361988,55.71600127991143,Developing
0.5614805235714622,0.663770117579005,0.22170369325277928,0.13166305878005743,0.5443559530549681,0.375864376795448,0.6717726864567332,0.26720144690980674,44.17293752674492,Developing
0.4656735904811211,0.27654478998883375,0.3622573133808283,0.44787174411031244,0.2972301369904487,0.3108783564182954,0.707512025460674,0.361287609328596,41.52406048335229,Developing
0.6339748195121381,0.32836294902047986,0.2846108660632083,0.6687573658102055,0.18702071559674094,0.3160424920797738,0.7909304301412203,0.4617829074280604,47.16945300102403,Developing
0.6404533033567076,0.35729011594015614,0.40905915834994927,0.4222584340065251,0.19881590474673178,0.47243969936422847,0.8135327512062529,0.4905367114981858,50.064629131911786,Developing
0.27689221395805685,0.5080388291547411,0.3517983622572162,0.7778666576495014,0.3487640761012537,0.20052288236200697,0.6960130917985534,0.3638524977510801,37.76613786562351,Not Ready
0.8824810586283869,0.36862064010476436,0.254171993935214,0.12620981247009716,0.1923934401838614,0.6179412643653702,0.48007501635815125,0.9483572634175274,54.28004991070037,Developing
0.5053626603762595,0.25282573314933604,0.5103389441289203,0.5818617149330633,0.53293227371919,0.31222938753544005,0.7072459234244766,0.5617445234854455,51.713840136628534,Developing
0.5990928367846948,0.5696185723032827,0.4138488025508284,0.15407255498399078,0.5259242925810357,0.41427403690598164,0.7297083152973547,0.48262855841951446,55.35979049830074,Developing
0.5989974999039508,0.5308215042197023,0.4673272630165449,0.6352925188615263,0.35453103009899833,0.2846079094189101,0.6758428607409012,0.3775500918743395,55.98756691621592,Developing
0.7208929652906733,0.7052709026478693,0.6213142678797333,0.39212289815267076,0.17911148752651432,0.5796514162004655,0.6768767864767797,0.6347443542519744,64.38192229575671,Competitive
0.7445408948953305,0.2356866142717736,0.5531118546643539,0.16373518847678206,0.4155070814976386,0.5032974329962321,0.578535341884465,0.7824586998017359,54.31689913628801,Developing
0.6785820027060833,0.7947751390122254,0.18530891960682425,0.45860051506628774,0.5125753486951151,0.624528174482218,0.6224478983436682,0.5439993375064155,55.09393429988951,Developing
0.25220750527968355,0.31196981758350956,0.33843222819761487,0.6450696104113577,0.29997962001875556,0.21926413094200697,0.8864458554891405,0.3874120951100296,33.296125686614204,Not Ready
0.3842586683992627,0.6066459673478013,0.2472574405483739,0.3397559427640868,0.42512730994178405,0.2568998310211892,0.7727284210887106,0.08990552152975376,37.68022303523457,Not Ready
0.7065779061576373,0.8175874721379798,0.3519592898990877,0.49077308921394885,0.30300909198288606,0.5088563969842732,0.5916953006485711,0.638524293023491,66.47291112300772,Competitive
0.6035948948531334,0.2229048255018387,0.5204547981973304,0.21924552601591057,0.17468180185785234,0.48305929282677335,0.5616723196849436,0.5544837611194999,43.40889555334433,Developing
0.6366704982764921,0.5167397264212801,0.11467147064267277,0.28739817583698035,0.2662784515051336,0.5251934819324399,0.5089311207930661,0.6450438295502361,47.865864274593015,Developing
0.6971988662084022,0.2411409391848915,0.3944053802359388,0.3966623651068431,0.2996768611062207,0.4605949303323765,0.5728920050227182,0.5615013055996915,43.76228653630929,Developing
0.7087315720564981,0.4649767489076625,0.31661061792935075,0.42612853357810176,0.44733727630395487,0.5451409657747522,0.6528855085054045,0.505863479209951,55.96827654114423,Developing
0.7600609640288554,0.46420800179224725,0.3501409629182945,0.5017486602214695,0.30903471891193557,0.516518920456174,0.5298233303558387,0.729130579391681,56.33570275062703,Developing
0.5989483920604959,0.6263580503134898,0.16934586879869112,0.4040868352493076,0.40557959803014443,0.5905792167572832,0.6926283923861004,0.15838894920877444,44.08702115294254,Developing
0.5924507156794943,0.5038986280561883,0.09894078768685659,0.32807368784471436,0.5944676545137687,0.4261436609697643,0.5928104682981858,0.3580967256540161,47.80707471244499,Developing
0.5831030582178723,0.6386125399195792,0.10608937067915444,0.49719608436820045,0.3852254363074979,0.5432669588476084,0.8400040242200347,0.45952359319518216,51.56552065682681,Developing
0.664200063916151,0.6752997766212303,0.2739996225294714,0.6615025438633461,0.1793418905888403,0.5441926982259649,0.6193737347101548,0.5355204894501069,51.98808206948838,Developing
0.7539266667382671,0.6897885441432079,0.5976480395095825,0.5524416605435492,0.4839276557158331,0.5730735029018633,0.43348761787847345,0.7619793998670341,65.2996546952611,Competitive
0.6731874263960286,0.48808842627525284,0.11842187890002447,0.6889876396494289,0.4264341680452601,0.5828035696508805,0.562892397583139,0.6756303540184445,54.88536997205761,Developing
0.8675471029818367,0.06486412046557753,0.5860293801127361,0.3505118152719101,0.251347173816211,0.6427088111860326,0.324535909298144,0.6844461800279922,56.5535660273656,Developing
0.5690572546671377,0.367317789304158,0.4208901429723956,0.3543927199120516,0.5090885717511275,0.2585343367735778,0.8261346815124165,0.2799062172235778,48.564496644158844,Developing
0.8964222799142588,0.6162881773828623,0.25989121071370336,0.32308691606516443,0.27382848747424643,0.5943612183922546,0.5429362354563512,0.7151292967013968,62.49777943175451,Competitive
0.42915991677462356,0.4475774790518485,0.38837650062964474,0.6836076802575609,0.3788322390009952,0.29601791893301393,0.7975963962766894,0.3125756289451236,48.68573090882011,Developing
0.5256412946537754,0.19237639980889046,0.33130171288532667,0.6219640527261857,0.36604240880919015,0.3902098543457487,0.669889330946525,0.3334963825008385,38.28212545693953,Not Ready
0.30738740084820243,0.3168613654387094,0.07851883929998303,0.6743973199305838,0.29979794689927936,0.30100090917944156,0.7225768584715404,0.1750893722410083,37.75364843649095,Not Ready
0.44332467983327484,0.4960596665527996,0.5940081075697472,0.4774567654554145,0.5933553356899982,0.24145628777359612,0.7878783597460801,0.4177062228826604,47.85881028167291,Developing
0.7255969932088843,0.6983746089868095,0.39866049716099156,0.5554465749501274,0.3184462908575133,0.31679395010816735,0.6782584095668743,0.5440748280250676,64.22548676373218,Competitive
0.6172310161193869,0.627430913057165,0.2912413957738559,0.40785626724265345,0.2676630663493568,0.38641307497985367,0.705650486797446,0.5131034628448022,45.577995085029215,Developing
0.7436571009832598,0.5658578446730854,0.3079107866491335,0.44485063441824985,0.21932818616606986,0.5705594690614804,0.5398358122278022,0.47837544361452256,55.28676022370274,Developing
0.6180251394215119,0.735996079559131,0.15362525730149534,0.4213467863590483,0.26361964181887204,0.42947298406844886,0.693180642976681,0.5090152908341844,56.23417760807704,Developing
0.38563610110124974,0.6011638569642179,0.20792017797486076,0.4087668937148457,0.34009962631078977,0.17592828526449467,0.7849919893306386,0.38842373216939874,37.712917298904145,Not Ready
0.5769573335737649,0.8082828163743802,0.22695457672671535,0.5646001713323606,0.26982583033291296,0.4556136064809262,0.780540107881385,0.5668129963282669,46.48793425024091,Developing
0.8181016119917118,0.4187818817582294,0.6506584420814182,0.5886450747078318,0.5148106126165223,0.6039816541084021,0.38088182677965043,0.7747630099541315,65.1483951912362,Competitive
0.6011524460942462,0.5645064894240452,0.25176192652895524,0.47078090030377795,0.3740588760636683,0.4050885707373866,0.5956059922224856,0.39149290232312084,50.26173106180063,Developing
0.6370293556068531,0.47571339869626006,0.2788974320273066,0.562442955769028,0.21389717973677017,0.7279681881844635,0.6026659115512322,0.6249550509857064,55.54950650435229,Developing
0.6897638807352062,0.5526409023724539,0.4554889169045638,0.5140308600965127,0.688868299199196,0.3290306807129034,0.714613318548346,0.41037527911622995,57.89389431507235,Developing
0.3157549407701738,0.4180088369004924,0.2975112249567416,0.20846697342617998,0.39038355833188015,0.13399440030906526,0.715070540901777,0.0,30.511553151909723,Not Ready
0.5747345160107409,0.5007624601285801,0.09980340622752416,0.5302704054155037,0.5044820856545972,0.46305526326310265,0.6907271463154965,0.4529313509893513,49.16239485967997,Developing
0.6182005168607843,0.6979643633481359,0.4167538000734989,0.3382762952962125,0.7171286560311959,0.43460459108432875,0.4587485573322713,0.6097395369210011,48.19195367656535,Developing
0.5430748985450647,0.5565322823810838,0.3417529499265997,0.34787078475282074,0.4266054106995481,0.33476064581343423,0.700602827005822,0.317561749040522,49.73768136779064,Developing
0.552949487605503,0.48808622545384384,0.21809040459630902,0.6956179440845774,0.11690303121689022,0.29505085310944396,0.6616533020377275,0.3719819572424668,47.125421265600636,Developing
0.7600662341779564,0.6482213429137552,0.6304680813842976,0.504226253012286,0.23080540679628986,0.3961398379773876,0.640979597449171,0.5314596923050627,60.0478953318495,Competitive
0.3924887710673886,0.5532343470136102,0.3382939859398572,0.48337232009220854,0.6341349471798571,0.3587974883855026,0.8721167122555966,0.4872581144924423,42.393884530907506,Developing
0.8359432212979064,0.49651857694350576,0.22935972265201424,0.30235707490825975,0.463941680416965,0.5736882102003736,0.39674349939191134,0.7699193654666248,60.17309824265547,Competitive
0.8314168397329941,0.36505975018895703,0.28073423036209694,0.49429948244490096,0.24789317608160183,0.6610525771489841,0.5151409819853625,0.6874020603928862,56.26582992989733,Developing
0.7924060214971634,0.49199970747717203,0.39711352823224616,0.32803540822680355,0.2947789958429487,0.3972638496900694,0.38122768137309027,0.52456841606318,62.09226971050184,Competitive
0.2857391142564178,0.23022419223320456,0.26280718767449585,0.20435759323812747,0.31271100841022337,0.320238163467767,0.9206466887852613,0.164446301766007,27.4389495735504,Not Ready
0.5137858563230353,0.4264814395086031,0.525381964844549,0.4274281275259994,0.32879519409363195,0.42071842527715186,0.8073474249987217,0.5762391236629233,51.09718664210662,Developing
0.7799058688454352,0.5372959434093911,0.23401978099302803,0.3254549745138916,0.20680202190454602,0.48630517389680006,0.587433287668587,0.6257578712701104,57.76621254762168,Developing
0.756295311903159,0.7422260981778558,0.20450819844922377,0.33643244705122705,0.29462833888878176,0.5861206779620934,0.7067562123914077,0.6026417395726886,50.88074076842959,Developing
0.7433320552001093,0.7176959871976273,0.28418866558067657,0.2846282970638287,0.4006567734180546,0.5730041534691097,0.5772419785207659,0.6165958369271927,55.807986308203496,Developing
0.5627621488849535,0.2151910438377269,0.36300154928952877,0.4787102413108503,0.3880566718032976,0.48248162012285883,0.5742769780461923,0.42309372297322967,44.68255247712192,Developing
0.6138056350109694,0.3173413350384451,0.4900162458888475,0.5793628531088723,0.19710966354128892,0.3871969198110663,0.5240291944384324,0.6054160401114699,53.944422636874094,Developing
0.6257019395618042,0.7030909811484951,0.3948771573080553,0.3003983996045858,0.6531865302916803,0.3301328618879525,0.7940671511425754,0.5011391777521457,53.788138977274656,Developing
0.4457568911980826,0.5413273568123141,0.34080481755981973,0.571578864126183,0.4107620620606716,0.1714633811376897,0.9171059890745286,0.2594302914690355,45.40606674310408,Developing
0.646554996504667,0.5217670040876057,0.3970920725842349,0.5361105727428378,0.1265128679560781,0.39210369745101586,0.6765585571003554,0.4706662286899018,53.59265118421456,Developing
0.6208160406828445,0.6102041956826739,0.35002059987500544,0.5929112679988863,0.28454629015738064,0.2595752408971394,0.7952062330481099,0.44799481924081175,47.8099667881585,Developing
0.5656789754073509,0.35640524260605033,0.062198515431975035,0.25561279115344904,0.48204719613422853,0.46037951430395946,0.5602136406189092,0.4362210059709916,41.05712621681923,Developing
0.8503321501789339,0.5514465549509348,0.26367623548090935,0.7752665321119816,0.13823261893079677,0.5504513958743676,0.5050451817605112,0.6924073904244861,60.72232955978095,Competitive
0.6061648327884984,0.4456075935642201,0.5452533763405198,0.5784219025837797,0.18426960929467537,0.31605804424362816,0.6854264350582392,0.3918619231532186,49.016162462015636,Developing
0.577939792108264,0.6721753968592268,0.43657076468286904,0.3966509453431534,0.3698413889251607,0.49315945212498863,0.5577322724060011,0.32306040585799334,54.610220441135944,Developing
0.6851506274598643,0.4280938529244609,0.2842645514231155,0.3415563382233045,0.6570025341219183,0.5156743261504774,0.5786090812547484,0.5692362210930134,56.381752412188774,Developing
0.5384523559360836,0.505294307476279,0.27269169077275407,0.38396896306149586,0.6074749160334426,0.3662094031029541,0.7537346993751026,0.5093049293243007,43.79337655033651,Developing
0.7405043643857678,0.30701462169945753,0.5467574820928254,0.5287574067840469,0.5392489297643823,0.6806980278103145,0.64932283012795,0.5830946007780671,65.85213530168008,Competitive
0.7372836721897913,0.6646549216673057,0.4863083453913445,0.18781099800581222,0.46639481430291224,0.5948516017409877,0.6681960050621782,0.5709727789513686,62.19688778231093,Competitive
0.7923181512916526,0.5501486923065825,0.4829002759038684,0.6105941692058529,0.8695370990165564,0.5593248830924012,0.4903471726902675,0.6425137346702285,64.6045929442542,Competitive
0.6819244219613406,0.4335189944703275,0.19299722890571877,0.48305855009951976,0.3567247436809631,0.4912265838123416,0.5354020887501808,0.529532143075673,58.837727089550086,Developing
0.8994461731381045,0.33738898481395707,0.6491249304987047,0.32808885759831086,0.3595192491988574,0.4646305376459688,0.30020361756123815,0.6606754763980708,60.55082147492394,Competitive
0.9026502250127733,0.359696157978194,0.27228916381215634,0.2992885107401424,0.39192875994460624,0.49076962432878807,0.5782389485083668,0.6571314556113222,56.165522454228075,Developing
0.6701053968122994,0.31439626398966747,0.24431627518321697,0.3233217802258895,0.3894306702567502,0.34682238492515044,0.5412093097769175,0.5723539694745295,49.87956617431825,Developing
0.8813136461718573,0.4371183007665913,0.6220822266770643,0.49657318520096394,0.2762602464750384,0.43202885312703393,0.5757384994410409,0.6320996959221276,64.76793662807049,Competitive
0.6575280835686604,0.632865327526503,0.4860411921929029,0.23389678722364404,0.3158518607017471,0.408724797961126,0.587203272485701,0.3531688977937567,51.4284069889757,Developing
0.4965725173273807,0.7037426234097892,0.43887045947286546,0.5996036893103445,0.4110724053374912,0.5537100452686978,0.7531027269231728,0.41048058553452366,56.74793995925522,Developing
0.4079938279720535,0.32331634282082455,0.3048730581658467,0.23158534171067496,0.34163873566476244,0.23501363275405776,0.7354067442971176,0.36453569478758635,34.06968345451423,Not Ready
0.754270479271817,0.5762907692157373,0.7195047278181044,0.5167058170314363,0.41333577598557486,0.5566671973571548,0.4523517043324083,0.7393028775873153,65.3148642509607,Competitive
0.7248806491476683,0.8240382595550344,0.4003344377185274,0.24754985020513023,0.6575649303041039,0.5702608811205582,0.4937250197928791,0.5536200350209961,57.35421534121852,Developing
0.808974602076983,0.31982556541685675,0.27892304204188617,0.3729359047318837,0.27864458135516124,0.537604281099969,0.7097530199205148,0.582060970947952,53.00545915749347,Developing
0.7557948086137428,0.556810557801693,0.11542267317515825,0.22789349237564935,0.1358406674260003,0.541334086949528,0.6691888858288966,0.5925796002477313,57.771993107104,Developing
0.4037516645099919,0.4050080511584168,0.06951844896117186,0.22924080796232907,0.3243693817637498,0.24706227364579703,0.8570791258760726,0.30317307256531334,32.03530336335924,Not Ready
0.5046925689781708,0.45102952315316713,0.18806036104205523,0.5635785937944249,0.19504117491265402,0.2841949894184185,0.564322393099333,0.41755586355192537,43.08820017343354,Developing
0.7111819989097724,0.4073869353784873,0.5957948130940274,0.3414879475904457,0.35569940771924596,0.5063338016811338,0.4174082592772791,0.3739186514021291,52.26916941514108,Developing
0.9279252477747187,0.3190492406079165,0.14667299911123366,0.37500561327835735,0.2350943039484096,0.6093323155600204,0.37168267014936457,0.6684163428401776,59.4580128787716,Developing
0.926650676820247,0.4304622205740644,0.42161374632008425,0.5443939465743804,0.3864266573188337,0.5790779349767905,0.5162508436654815,0.712174076500726,65.44368078174587,Competitive
0.7186945218991675,0.7344670024332977,0.23873257286374192,0.4873667262792669,0.368564686416155,0.47690032749806843,0.43025992749224473,0.6788103307978726,52.49682953650907,Developing
0.5847159915358238,0.3226239455619498,0.2923006102859903,0.2768639306149241,0.2831808071991316,0.3292200230703225,0.6774650922588176,0.5910091201605535,43.175309442564945,Developing
0.4612826916820096,0.26300830940320735,0.13654179185895876,0.5053929923204938,0.32120980496114304,0.44256670981639185,0.7693110525032665,0.39952464853639197,38.524957822606154,Not Ready
0.583936068889004,0.6143030116479643,0.7083508655125149,0.7773998913141261,0.23069341068394,0.4961176137347174,0.8792393506325644,0.4173617677743931,59.66748928136312,Developing
0.4971142934756742,0.368823301257488,0.6679781060919701,0.35224209789591204,0.02537262652748859,0.43481262067223275,0.5571024943229335,0.4371690366024408,47.25308938872714,Developing
0.8820917042038028,0.5081519602862027,0.18864530145752,0.41828539217957506,0.38707534719147907,0.5872295552917072,0.44753526343837535,0.8209375412709277,55.95357336895507,Developing
0.5137067192542244,0.6406727797965102,0.29887529056630124,0.3714928311377319,0.21379073123161835,0.24149138079983679,0.7206436764796783,0.2986734963442761,41.95302362327779,Developing
0.5594200589956605,0.6743387256809414,0.3723033258018807,0.6021421512631915,0.3596078561591794,0.4798927953751495,0.6006922206174263,0.39909484721409416,58.90741383275092,Developing
0.860963354982523,0.5835122027198679,0.18977654527165566,0.5329623486327209,0.36935029294118665,0.43032412589350966,0.5162681778992121,0.6031121577533013,62.09352084809116,Competitive
0.3560724830783898,0.44441956903655955,0.1811663754352766,0.39252497356718974,0.6077057784137084,0.3797435668639931,0.731966338175384,0.4578887570286207,38.15317854231321,Not Ready
0.7370430313798271,0.34110373440332276,0.41595127783857905,0.4273785497236702,0.26991008710695774,0.7121543390459972,0.5441910782179927,0.5373087004926441,55.17180090165772,Developing
0.5519235379750587,0.7449179742912414,0.38834732927884447,0.6495719636199428,0.31318885167639193,0.49112907077642876,0.7417267831245838,0.21712373815214198,51.73163344762213,Developing
0.6814411102659709,0.34771358554051246,0.5811535678366317,0.22610722849260623,0.16094928311761708,0.4779754795918775,0.7153768091353219,0.5889005673157662,54.162990381165194,Developing
0.8402855081620012,0.4795467211403433,0.6223694300615975,0.3064470920878758,0.48751919848101993,0.4683392367656815,0.39494934235025597,0.7753533515181755,65.3084802350013,Competitive
0.5192977875632514,0.4295245872623707,0.19741054545865316,0.5725455769428708,0.1991222799286863,0.32553404152162846,0.8958057416993209,0.22668606425398363,43.1952400827705,Developing
0.5165323366672878,0.24164649893814358,0.5555724930176599,0.41331085607763024,0.26407354573877223,0.3216753402598475,0.824586410544079,0.47114851960359916,42.54319501264007,Developing
0.3786486638746498,0.6650878905038285,0.2258569890961898,0.09713130714417123,0.10072657479377592,0.2990463435600755,0.8665590741212316,0.14671764266854853,35.12244264236428,Not Ready
0.7576383336522619,0.7253157798344834,0.571385272918079,0.5962216942438989,0.21041541068175348,0.5504692083255238,0.6176309828734009,0.5896620780884815,60.35177047820236,Competitive
0.4981144518180415,0.6592001267926376,0.3339793545791503,0.2249721975880753,0.2334683142544014,0.5049574277170517,0.6965572273940853,0.49349934482485136,51.06072035092782,Developing
0.8750011931336452,0.47638533277070677,0.18492777358416873,0.4939129773734133,0.5093642369179395,0.5766831560772706,0.4861556805902938,0.7839868077652531,56.9620036353314,Developing
0.5564969313227404,0.5555937569595027,0.37516971081510775,0.2632632062513454,0.44335449422414364,0.49011322641756966,0.7976156448041741,0.572188903218722,50.96162602119004,Developing
0.7195902351738186,0.31840248897234724,0.15343059266911818,0.3601390305190652,0.5310849833280058,0.5239194065712908,0.6188104927804573,0.5223897216376774,50.056369481387634,Developing
0.3706889591131359,0.6688316107875258,0.5714714346101897,0.5231843517799756,0.17420360078823938,0.24626451089970197,0.6734463116678301,0.30919535599612413,40.66702860504381,Developing
0.6468885761215659,0.4023712059923487,0.08606809887871796,0.7789083138545279,0.27162477858973566,0.47518780903527963,0.607493797376086,0.5316995419156034,51.521235230439395,Developing
0.7412281189163371,0.5152712965771594,0.38991679644163235,0.4979877441808142,0.3285084232134246,0.5862929837182994,0.49780652245511847,0.5042208889258415,63.77272308586087,Competitive
0.5778104547518484,0.6584264401378263,0.2890252394209896,0.16546963614746102,0.3894210992534393,0.24055370460986167,0.789010915750787,0.4399548698266845,47.09637643050417,Developing
0.5431790388324751,0.6522671502264675,0.3891029616761987,0.37016170095457535,0.42914700632884606,0.2639739854550319,0.6946156388118145,0.4318639024979142,47.75542878633835,Developing
0.5953040883648982,0.5280499259698148,0.3865074971359627,0.3353355568590254,0.29560346946776445,0.29774695312911365,0.570735519917232,0.5746742287080764,44.3096175074943,Developing
0.49651840047450246,0.33350944712063624,0.2724178323438121,0.6776939695452313,0.23511874322300463,0.38617833871364915,0.6931589376486968,0.4224761224605489,47.15819500285924,Developing
0.6797310932186356,0.28912531489964916,0.457184994462051,0.29524373199157844,0.28927766526657883,0.5339262012239866,0.6952188486223873,0.640380775883817,47.31059772642901,Developing
0.6501087196113311,0.7160510145570549,0.22003641436355467,0.5153411874622954,0.35139404722478573,0.3465422815518867,0.5721959629654751,0.6000145743153399,54.16233498237429,Developing
0.22127484105155495,0.6496730668495894,0.40808254566977037,0.6374240369913855,0.47192274107237603,0.20704063370501108,0.8673429487928663,0.0,37.26417085232638,Not Ready
0.7131041555876035,0.58416629252446,0.3098254157804878,0.49853629763767243,0.09500415745916185,0.472812023598378,0.6131344727911799,0.5823945244095974,55.20918557724816,Developing
0.6588507754692658,0.5041128071360528,0.1094968948308573,0.4761583374372093,0.5994872221763524,0.4624847644748083,0.5526407785734414,0.5717400323187433,53.42828701654316,Developing
0.7146462749047836,0.46591460282070896,0.4846651289882046,0.6543337765314252,0.35553599685062903,0.5600041193447819,0.6590831460160868,0.6012158095387597,58.65369803876309,Developing
0.573724516771576,0.29117203814093406,0.2376659932442792,0.09323606360936645,0.49302167698564925,0.3436926843411207,0.6863793614539649,0.4843812861740146,42.341523560028484,Developing
0.7330339104084854,0.5010614482940074,0.2181360069675202,0.33240509100324067,0.33644299726242277,0.5748918531121215,0.5819940177958933,0.47722518703387157,49.09628735124322,Developing
0.3626428194910606,0.17492550582023203,0.4751867196527091,0.5318085075515566,0.34889582798080276,0.45696487457842494,0.7044591242325307,0.2555543472846609,34.36903336632133,Not Ready
0.8300844257872653,0.5491882864157626,0.21101908453183432,0.6517949812681658,0.36848586277887335,0.5609438037401205,0.4933828694937432,0.723811536205023,55.94372073514717,Developing
0.6990214957150696,0.4766327904815967,0.5742546719780449,0.41743180226554233,0.2030644193925999,0.6079471172644701,0.631555829321176,0.5716469299193571,57.33894650019116,Developing
0.5645697494429512,0.3338357748240882,0.39980279889744047,0.4392827323909394,0.07378752955748927,0.4727570436887034,0.7292444471560579,0.6063381745587528,56.0306062058044,Developing
0.5514526248538166,0.43252315201362307,0.25661102358084514,0.47240451308109294,0.4870838872751826,0.33566202232433806,0.8114980297267049,0.5833633951268151,43.48302446787255,Developing
0.6780060480093381,0.3538967340191809,0.3374861668229474,0.7622119879696907,0.366084400809124,0.5540791335779149,0.6736782652179173,0.6534118958141151,47.15203796992358,Developing
0.7461563975769203,0.337860748537357,0.4078364138803197,0.6225468542071458,0.3836604812166098,0.4782986381807192,0.5580956323436836,0.6410087404360081,53.658910993153434,Developing
0.5460973597150074,0.3695818926019332,0.38410088450808966,0.5012667323476389,0.3148260657863012,0.4992580083767694,0.8575125235317897,0.3239585977695955,43.07771706136975,Developing
0.8282503722110568,0.7883855889986919,0.5056179273853546,0.11670083444442089,0.5843421664798403,0.7250361208270858,0.5124842259778418,0.551167910016633,62.141565153027464,Competitive
0.6483724456385622,0.48079974249547747,0.4949149076493283,0.6334235534501114,0.3131539668532436,0.44940452228652256,0.7105912749241197,0.4337513607924906,52.25238180014076,Developing
0.6145270388244319,0.4423356158609855,0.2709302986396917,0.32152346130483833,0.46211581981950645,0.3472703195380657,0.5446630492392375,0.42001009540716877,44.07608759128929,Developing
0.3586580345067183,0.6491383989351976,0.5676741018358763,0.3951169362576216,0.38856214552160145,0.3161734128907417,0.807217525744647,0.4017433035580222,49.03245827642499,Developing
0.847450296194925,0.3127764502079965,0.17967325647574411,0.4251321459817013,0.5900389269489146,0.5739112596167318,0.49820046554540365,0.6700507257995947,49.232394648791434,Developing
0.6481952855228598,0.872877316750442,0.27996742785490353,0.3963690524344117,0.333582110850133,0.45614909071694715,0.7171559181984397,0.6303160844396101,57.214980100933026,Developing
0.6463379224674526,0.3489872335515558,0.3451130742928696,0.38600855696047925,0.4676732329756669,0.4410199210591731,0.6740049549932342,0.5492769126531573,50.35391972090293,Developing
0.590669772583706,0.6160269211980517,0.43225156982208013,0.3560275871811772,0.48748177364950507,0.5430696408904696,0.6708969018021301,0.3737461478917302,52.83171756591972,Developing
0.3662339135268835,0.7461122446062818,0.46885740523660085,0.2910710607172964,0.20299892872470202,0.2190017181572534,0.7387674765883615,0.3921492305618888,43.13035036187587,Developing
0.7775517448215747,0.5480806764755083,0.4691183304881437,0.3682098944603029,0.47951516539817546,0.5308529496774014,0.5559853693046249,0.6470282880672977,57.40237920187753,Developing
0.6586782117182003,0.1855746365695498,0.2988602641111569,0.4965797335266923,0.12849092487959074,0.5863555939409915,0.6603093715377791,0.7203642752530657,45.5256095980271,Developing
0.5076666814613561,0.38408418489869267,0.049166249308094045,0.47974136881746615,0.5859037422312485,0.3131216810029239,0.7704596646960684,0.43820921234909055,41.26003334898561,Developing
0.6297982542553745,0.6264295911713941,0.25399258192720103,0.2660137534931233,0.19452790721214933,0.3922215914936357,0.5993410648644751,0.3830682636551473,49.255154595378954,Developing
0.5399370682729089,0.20238456554882017,0.21471001347555063,0.3676808487774487,0.3600613452850077,0.458586523003892,0.7019310236746883,0.42859413467220037,42.23202599312212,Developing
0.6521998814255061,0.15800947324462036,0.18247506586808956,0.4041351091656873,0.4912973388387794,0.5124420738091646,0.7325622213630871,0.42459624234537846,46.74199593773506,Developing
0.7314895763913462,0.6936078811554336,0.8330426102808337,0.14372218114983,0.5355979255869353,0.37235279040829194,0.537989960163341,0.44296436596989786,60.608851397757626,Competitive
0.5337443279370419,0.5634388272513643,0.7651404640528402,0.9050148635478159,0.5868026144985049,0.2342677904424014,0.4983901641557353,0.28682545368879014,57.696658877662955,Developing
0.6239832231537977,0.20998075456040802,0.194016492169965,0.7465677730721912,0.10124453001433527,0.48431012488089276,0.6691787550020549,0.5553424088406179,54.45097210272161,Developing
0.838694994242662,0.38403219155540697,0.5433267549071609,0.054572741110039555,0.3324402584778213,0.4868160005692541,0.4718485168767924,0.6729355455124036,57.520225840226864,Developing
0.5400489927848504,0.4471733023492707,0.5590957347200366,0.35986676059979145,0.4188438260308794,0.4144960623202271,0.681702994396015,0.2284015686689925,51.903594986064235,Developing
0.4595869309925846,0.5521070937873527,0.18761100574960993,0.40557980476560407,0.18602387144732357,0.25361247173944934,0.7214331253643023,0.3008791181670755,39.94910319819752,Not Ready
0.5707362896508266,0.3270620589739256,0.7491411331327938,0.6431514673452828,0.5588862794554743,0.524359722921757,0.47964751993614696,0.5915531568104926,58.1106517023048,Developing
0.370199928316977,0.597902760917402,0.27970992119490895,0.7306510830516855,0.15264663833844225,0.2985799302092502,0.900019117251093,0.32475779320205367,43.34755401903316,Developing
0.8669686029061708,0.5688189062478062,0.3358836750347569,0.1663896906264735,0.41109811998536794,0.4753065554453201,0.4557082682724585,0.5212152875148854,54.2323802931866,Developing
0.45234441650395024,0.44926844990567455,0.5172651036307403,0.33083435274554696,0.3834239578484245,0.36093028380340986,0.7265040012681618,0.2880290151975034,47.6281683520486,Developing
0.8872900908554164,0.4193593927147085,0.12129535998692204,0.5305706291977955,0.4977466730015681,0.7072435209409321,0.606199411549057,0.7799763958177793,63.79206129663726,Competitive
0.3887430758478618,0.39656516586696183,0.2993066421589425,0.28845163978906807,0.5498429727182397,0.2888367157579042,0.7205423361226606,0.24471881922939553,37.61431080271682,Not Ready
0.6465761498339051,0.5981573190132053,0.2518118411353794,0.46327028260914177,0.16784539739579707,0.39915495749264696,0.7990629598268953,0.5140983316767375,51.072734821309126,Developing
0.6689656387123284,0.3432067087098712,0.2847767001686952,0.3387134395954537,0.3454959088540164,0.51580573200182,0.5306514846468513,0.4448886181949768,51.55376507486469,Developing
0.6905495787666776,0.4172617597895189,0.3951676598504699,0.6104599192688799,0.6840497942653936,0.5548495190186511,0.6130691080822684,0.6973051058867213,57.043529428439626,Developing
0.7321515968445017,0.44204507952401945,0.5563627124062297,0.4723534883598564,0.25441561392071527,0.5661967568438411,0.5508663008056046,0.44741854117539476,56.58797019919925,Developing
0.612320097666109,0.5429601000190726,0.3958541084865306,0.7265599931551019,0.4915396392251887,0.42091776044148355,0.5952308767203621,0.2837523923066611,53.17769245146536,Developing
0.5760603838554011,0.51274104329464,0.3389894581643687,0.23720659875493538,0.38400192172359376,0.4965195428432957,0.8272278747749336,0.518351043098041,45.161092045112824,Developing
0.7357579806998202,0.6344312678467737,0.15007857440570846,0.5046263166876845,0.49530139398811707,0.39001231351230525,0.5003409325437791,0.5808783627084696,51.89390719610571,Developing
0.7157536649460216,0.4410827746311896,0.31040983511250925,0.35489181427856836,0.4991149525120139,0.37401683268170394,0.5222316557776985,0.7738270826466281,54.20799061793329,Developing
0.5981341681694088,0.8436309560444925,0.09379324651264682,0.23031281955670865,0.25901449564028445,0.3904197994972793,0.6626740658639919,0.539789703315084,45.04428615187454,Developing
0.8021906937319998,0.5132385439839814,0.29503015398083626,0.3523722770877619,0.5804040619733288,0.734638912716576,0.44528983350917606,0.6677220939918863,62.779251843748064,Competitive
0.6332736640057557,0.41095605204178537,0.6168100318810679,0.4435822136711263,0.4743885339443903,0.6112395562359101,0.45366774456733555,0.5102773467064626,54.555594711971345,Developing
0.6141749599188703,0.2800581830968236,0.3439584117796879,0.6930085841549908,0.11250393789846343,0.5707445395551473,0.4623922309269968,0.4451643722029052,55.58418375974296,Developing
0.7507225655180616,0.434268098743049,0.435628568622817,0.5636288685635182,0.10564045614923429,0.5303705518667047,0.36321799482999206,0.5184642146590068,50.574966560639524,Developing
0.778976781173009,0.5552799934343168,0.5175641406364911,0.4581676540547146,0.1374117131169379,0.3722974325286438,0.6806428217545487,0.5600995052719853,54.4764287919445,Developing
0.5523413882656191,0.726713804681117,0.6690853032078122,0.4139030295882909,0.2194273561267147,0.43591428446170144,0.6893857030150318,0.5249847432873919,51.367822038470095,Developing
0.4833600240840983,0.47862938748751616,0.37680541539054657,0.1867925998176043,0.32076833657760595,0.2784812016321025,0.6984914445143641,0.3295357142649993,43.64070646727423,Developing
0.7485572695875243,0.49241610115201223,0.46334960881898674,0.5710009979005368,0.4840541724083257,0.5994317261891426,0.556412023739281,0.7257169312308561,55.976120883169756,Developing
0.778479104251016,0.4274568943785176,0.3944148448584168,0.30663705732932,0.4511594459384487,0.5894670746224986,0.43465048438611187,0.6822544205830922,61.32512676171801,Competitive
0.7693235116282506,0.7846574462317544,0.6519104555995691,0.4434706053622202,0.6505237091579482,0.7452039881087227,0.6711062206588387,0.4405852317186546,73.55823097749057,Competitive
0.47006047194125333,0.6204353905305507,0.41508684614361974,0.4387239348982268,0.3234212859464121,0.5156713255473364,0.812404938848135,0.37592036226489745,48.73405430138131,Developing
0.6543825011574432,0.6072284641229095,0.5506805241171232,0.6066302801270446,0.573157112647902,0.3874262397102959,0.6464733806253243,0.37539481454905366,59.02333114298049,Developing
0.3209865183858032,0.3970602603665174,0.5603357827419977,0.37835925235297435,0.22410303587306635,0.23791459919452013,0.7909162946427514,0.24026417200506714,35.39259950016416,Not Ready
0.45705555663971115,0.6636449461560675,0.4948249916768413,0.46279877690563437,0.4312935482945904,0.29677745486735607,0.7224590561953593,0.40788793202802176,55.28008614875727,Developing
0.7879457452751361,0.3616356167617437,0.36463024407960887,0.4937262732047111,0.4682659155183426,0.5064048498553178,0.4993546973169719,0.5368191659468997,57.00946163469809,Developing
0.8828466364361031,0.6594393041790931,0.21062944962642616,0.44922986970196443,0.41049681454764003,0.621890153087684,0.4159859036256114,0.7855064432249425,61.550938429316446,Competitive
0.7308709570648941,0.4545161458648157,0.6374751566514798,0.43627242853358617,0.35598468195356187,0.33338827505772983,0.48106673624954377,0.36539868191246433,61.38341138223902,Competitive
0.6356200183361206,0.41356473983168834,0.7595412356255862,0.09844653084653388,0.19086357573468643,0.38432841361680303,0.5577004458901026,0.4088950536624848,46.60048391500124,Developing
0.5267714150106545,0.35548080733033105,0.22746127386538467,0.39985606731359297,0.30284496580151116,0.4815020632958919,0.7079533250935947,0.529389313995125,47.714992923631065,Developing
0.42045025959845933,0.5713862450140014,0.38531362495025046,0.7952437011828433,0.27494207571587936,0.0,0.7830571715104199,0.3654199877132309,43.932783893022446,Developing
0.8913650773640432,0.5512821864240504,0.40506705974938695,0.4498939839878899,0.5089179134954543,0.4651457454473783,0.5144951277346249,0.639482941892846,70.01887912822683,Competitive
0.7760113868904758,0.5587697281333281,0.546095372712865,0.5389267004542222,0.3289730302017244,0.6587155282351183,0.38929204695707254,0.5862203725027086,63.00964554346661,Competitive
0.4921282823323893,0.31024717276150454,0.3368685829909882,0.5777378290067267,0.5351470691594306,0.47769975903880785,0.8283453426780242,0.46919211283138795,45.88485317678572,Developing
0.6734386008864142,0.3585552593153081,0.4348443421504277,0.38230852703605384,0.32680766597127175,0.3416809416391258,0.5390788022346744,0.4756202859940578,47.922747614562965,Developing
0.4096421514053409,0.5525595120373369,0.29559622580005823,0.19989446106239497,0.2572427115694361,0.40300981292504523,0.7717493436129664,0.29866657653069945,38.841951840686455,Not Ready
0.6425262607661908,0.6476997836950864,0.14161949976067287,0.38908481438258996,0.37763192717642186,0.5491893514953083,0.3478616218877862,0.5434723375378312,50.605117828767625,Developing
0.7533674321525726,0.5002121644746174,0.4466122221158537,0.40437281875533365,0.0966264381845053,0.5485413794973388,0.6590574601815803,0.7065523007720714,57.90865186461329,Developing
0.5974062094568178,0.29127847667014645,0.27726873980283623,0.5431624616036205,0.3337840150377387,0.39651208822397443,0.7541546306426233,0.4671945537792613,50.82391704647925,Developing
0.6659921173027924,0.34938276719794437,0.2821674068045484,0.5341852905005511,0.19918069435361258,0.5557109165723448,0.40967376610547657,0.4736292378837312,50.13497747508449,Developing
0.46830958400278777,0.5530498251166299,0.6749426666186474,0.682108027065174,0.2370093024858235,0.30824847494737717,0.7917241507276462,0.3923779481416899,50.97635655654576,Developing
0.8492495808690722,0.8846946320174369,0.22147501054887328,0.44407636950913654,0.39298180147510525,0.615397062417189,0.46659905274435143,0.7398235578700669,68.51901609471139,Competitive
0.787231877754087,0.29201426720746426,0.5563632374931954,0.46258870607189745,0.3331787457577296,0.6492584888684567,0.735494131353523,0.7877413809475939,61.01783088278579,Competitive
0.6171327790603817,0.3274332011136947,0.4155767377292259,0.407012667194184,0.21505474743453673,0.37437694672267924,0.6271872968260657,0.5949481514874154,50.7023567668977,Developing
0.6084927624600628,0.3932480535168497,0.26563443320906244,0.5399901813010471,0.15683454198180538,0.3927730592419568,0.673852228016855,0.3700035060380989,51.624180875584756,Developing
0.8353496400392741,0.6882820084578425,0.38648669206487823,0.4568371516070427,0.3385919917039289,0.7281190788296285,0.4698949106649341,0.620284926403869,64.6498588518631,Competitive
0.6958823924346238,0.6179400829191465,0.20481080129721133,0.559816864707759,0.49293218836839486,0.3817520568994698,0.6194006696400458,0.4915418413910656,51.90781391992746,Developing
0.6130806507933336,0.579298354255065,0.40533788932978226,0.7487511940093695,0.2940569071013569,0.5072113155038713,0.668769091180122,0.49006209410588814,56.40461501377308,Developing
0.40274011184122854,0.6180197885810188,0.5071096020006645,0.27397238814459757,0.23207446594537312,0.2976122249608028,0.6107019948122241,0.37819474616064697,41.17884459281035,Developing
0.5955669160584925,0.3492103887206256,0.40029019846756236,0.24592770987789622,0.099234771710921,0.4732929612374786,0.5397286634929745,0.5114718002474407,42.406692479302706,Developing
0.8189348849040505,0.7111447305257214,0.2266935933079538,0.37718887132282264,0.42811357042253384,0.5910209436994127,0.4891060475863003,0.5158927046249248,52.633301704879536,Developing
0.32532107822607964,0.43279567661214624,0.48921344070924017,0.49668602481793983,0.26761963883950834,0.16064496707568354,0.6718279710052746,0.46368087914473843,35.217463090466545,Not Ready
0.3409829745448889,0.5434265950393093,0.2357068376433571,0.23146544476237338,0.18607998546553142,0.05302835862179797,0.6835733630391175,0.13158369458302352,33.54769888110526,Not Ready
0.5542764222175548,0.4862256431421019,0.5236071126449806,0.2763604819530796,0.2577343850335603,0.24949729644011898,0.5670253404796598,0.4361913607825632,47.738049690914295,Developing
0.5674765031839566,0.5853043267939327,0.5390772918302562,0.665355104551895,0.23824235932462395,0.3552004828855687,0.48280212231444986,0.5775385709307265,49.161959465587024,Developing
0.8217611662442497,0.27740627646769683,0.36110159176464607,0.47932119792494016,0.12821259542608743,0.6605922814760966,0.5009974261988983,0.607671057245,54.63669368118502,Developing
0.5613553316777931,0.8520815968071311,0.6128837201964457,0.2327640598595866,0.3375503440994723,0.4326520656427877,0.585335300953585,0.31386845664469465,55.71601278327516,Developing
0.6899040465523348,0.40795566151311724,0.4330267533415572,0.49129111331088526,0.3805755696724101,0.5922096807161505,0.5163402302337734,0.5528608240372098,52.34121963105564,Developing
0.7091411817531672,0.7094216554211801,0.3540633127652307,0.5735270960658191,0.2660275175264759,0.5512663666819164,0.6381545717574919,0.6050276741894878,58.180911581056215,Developing
0.7062957125996316,0.6004795992504924,0.2671014727004937,0.29983584025478127,0.29636417483223265,0.49272010389849696,0.5408377490795364,0.6561038753201268,52.453596523098525,Developing
0.774070359456828,0.46194413208019613,0.41444280479546797,0.6557671784904477,0.19918188764036485,0.6605724355320194,0.486107649996591,0.6592796381204378,59.796190166813226,Developing
0.7143232418191331,0.2523297758971074,0.44979614894396613,0.6240405836812558,0.5426422926455603,0.5295703537345281,0.5095033795605193,0.5798611630320973,54.16342723614971,Developing
0.40439190043752515,0.48449906145584876,0.19101008302633057,0.4000809498563414,0.3403718891833855,0.40189184718605425,0.8836536247378175,0.365589691402462,39.06939492639558,Not Ready
0.5836365102968524,0.2256111272752074,0.41234863549956924,0.3590625803040566,0.12009732697170426,0.4298585152296406,0.8248258822304504,0.4921762201130742,42.05355716478691,Developing
0.8425239844013913,0.4096960383590132,0.17568190429699124,0.37582179257576487,0.108111115590758,0.502763505615621,0.4760862013291814,0.5997453289209882,52.28533872353685,Developing
0.7942895839722117,0.6052206184416759,0.34544904023856243,0.8488545558396642,0.38478745825752764,0.6025764203299642,0.52142645461824,0.5859074062965582,65.0603328025941,Competitive
0.6242287328463647,0.23079993278268157,0.26707766265181154,0.47090438097456194,0.14272560081992097,0.4331245762228136,0.5563230915019688,0.33432990793680667,44.57572794441248,Developing
0.8027128687343669,0.3265216781891386,0.6215175810571906,0.6928475538689679,0.3134964765012735,0.4605360490705776,0.4683860729479652,0.609851987346568,60.990751836777676,Competitive
0.5492607015442708,0.7395697612983371,0.24232380664935527,0.3000551535058792,0.594218996257257,0.5463026064493194,0.6675951414269983,0.3908658691267557,46.85539050619223,Developing
0.6731430030649034,0.32019223979712413,0.35740008829711256,0.39119576713860044,0.34327560074393143,0.47239511073547913,0.7416445515827627,0.4174471780742681,48.263115239772354,Developing
0.5636551117310328,0.37717583676419125,0.4334760515815079,0.705908836547479,0.3585982470010724,0.37795808417917826,0.7189836659842239,0.38859998089858894,50.38797908956882,Developing
0.8134731686596816,0.2710712535079825,0.47245886694927425,0.5067423267145037,0.3595821669344418,0.49429204393824794,0.5040559682370735,0.5368471344014432,58.475399236631056,Developing
0.6090593887902018,0.6095797818317339,0.4758351862441703,0.7942675776888961,0.23147228481914003,0.3281137819642584,0.6571403445596278,0.4092846193612581,53.68888430424825,Developing
0.6932512885657678,0.4397623355735392,0.103954273221472,0.2981134134066955,0.45388679630484385,0.49433744276155434,0.6147627242176386,0.5539349017442944,56.34410297383447,Developing
0.4074540592580205,0.43022200547418304,0.46616229814852655,0.2449868353404241,0.238212362424494,0.4105896462938142,0.7274931139767292,0.3016403035524766,46.25258256534302,Developing
0.7983090280413425,0.4524154528591506,0.13529277688846145,0.6108982888790986,0.4128729825451701,0.6408215729708743,0.48195516786364256,0.6508660414031497,50.778112424753104,Developing
0.5523342618369182,0.5254081397666764,0.31466768676784607,0.33815695201002804,0.5073945354902087,0.323719571466996,0.5186082280434802,0.4352303882680976,49.03105221514069,Developing
0.6066570307037908,0.7420511525091661,0.6432904296141606,0.43024852747349085,0.3316109027503229,0.44526762928507885,0.6432285368394048,0.5080131856782728,56.881767998098915,Developing
0.7228805857859991,0.3696971500039761,0.40326272332966523,0.8638343928147862,0.27231592751402184,0.7873517830795012,0.48426770435989197,0.47178015613994195,59.12141635211739,Developing
0.8343152949538306,0.6217656327686453,0.14045900053086854,0.683505933182755,0.320067754711787,0.5407107549237073,0.49527975943312164,0.5579697991840173,60.773701023861406,Competitive
0.6434284546808797,0.35297685256155314,0.41276027707202295,0.3551734953464625,0.43318880188036835,0.4631185177186912,0.6776238795358585,0.4466490465698786,46.892522527669314,Developing
0.5623693713142696,0.6139264346554513,0.2745794413531948,0.3642237502951607,0.20349142273250254,0.4811465989303886,0.6984601653573215,0.3954003818739439,52.50635317869773,Developing
0.6594745958934631,0.2004634269237309,0.5942825053735014,0.46451927026766276,0.2493731418050406,0.4271976511279262,0.6126343187305529,0.5126324920886398,49.53012059279775,Developing
0.7506447849531432,0.3877697078378359,0.45260048165466576,0.4963070689404788,0.4789931565141575,0.36348711167726877,0.6103353974659687,0.7277549944511722,55.06810813369225,Developing
0.7659392683520894,0.5618557250959965,0.29430042520957217,0.8310678503362472,0.7461183341421875,0.7363226251911141,0.5585189507050862,0.6092210236651926,64.75129900896297,Competitive
0.7531621605174303,0.45988151178913916,0.5802435163036549,0.508365006714842,0.21591979874018732,0.5104917401742107,0.449415373635794,0.5405301699451707,53.302372191119446,Developing
0.5521588045547049,0.8609014154519518,0.24316672350673424,0.6004403807176096,0.18763139168699122,0.4867820239756258,0.7186112358736793,0.552193770904768,54.36906346585666,Developing
0.8030362949179735,0.510163011701499,0.49084847535340254,0.5829796968728416,0.442529345823813,0.5183781171662322,0.6499838101016576,0.6761228697515734,57.823580138566655,Developing
0.7467265838212709,0.4251692746397656,0.5768102720347846,0.5048263445107323,0.4837449640563582,0.7538035957721413,0.510536337237982,0.5198599499636083,66.03406831999806,Competitive
0.7154362982486371,0.6206542669600287,0.6573262785945302,0.40953392081390944,0.3097454845034294,0.6817004510391443,0.5353140072328774,0.7929928756822439,59.09266857221639,Developing
0.6996137936139756,0.5106143964057622,0.5083106611876034,0.26601812709197253,0.5522473987363127,0.468383905093716,0.5651422766320982,0.5377829888828096,55.232326536054934,Developing
0.7134948928049354,0.3966331403319182,0.4104843214302648,0.39811063533128094,0.42020284756714943,0.5127170458588561,0.5277661874149984,0.7281251095240819,48.65932496148564,Developing
0.7230462715508917,0.4432559905879881,0.21940662656873958,0.05661468123388837,0.41538493272490135,0.49247439884359945,0.6778492418911402,0.6425071455605036,46.503966863509945,Developing
0.6742565389920673,0.6063154942636774,0.3595443703600776,0.6927395041629083,0.3555731956386969,0.4893276883127273,0.6021906215285642,0.3753105977809436,60.8939384617426,Competitive
0.3903824238717374,0.5568890627179228,0.3627969630576694,0.5669930322143658,0.45150052133830326,0.20782652074003544,0.8298382149198823,0.041323580518266456,41.46889085602194,Developing
0.36469609650576906,0.27158775772257826,0.29337273695145843,0.6166139340831606,0.3566397366751345,0.22849027619481568,0.617486871001008,0.5425428863517616,44.22732016672409,Developing
0.7418111563525595,0.504008839194087,0.1562859787754265,0.7122920656268175,0.14934888643844746,0.3116054233038888,0.57094685430027,0.634795701175048,48.849923452035554,Developing
0.40851976127523104,0.37545291300842915,0.28149823394228146,0.4117502900342089,0.23805421869242308,0.24886618903090862,0.7424631398363611,0.28991159051412774,36.7836560876143,Not Ready
0.598817760863848,0.4536686964660161,0.24812829203948697,0.4257487773111594,0.4218482909188328,0.3609530295028171,0.8697885160884846,0.503287412926742,44.461451857837936,Developing
0.7437938805829042,0.4610183488693772,0.17750200576682418,0.5323452555194991,0.3799360975033091,0.4695435512115921,0.7394582049917606,0.6269735606131948,52.94225114426275,Developing
0.7568329465294276,0.21453386228642407,0.28762005206063407,0.1938086608293879,0.2536836946948328,0.6055756128059935,0.4012238617347079,0.5064642681639522,46.62247337403636,Developing
0.6889651594680202,0.6452502352367626,0.1379571567969372,0.5120562163628979,0.32459931049506496,0.46449827378015246,0.5892731844252165,0.46024889974744143,53.447832794732,Developing
0.6307203362723103,0.6772315984853549,0.42931096396512847,0.7074861190754823,0.31159478226305787,0.5774991757059296,0.6822049123219444,0.5609133822707247,58.95643405051318,Developing
0.5256773010741702,0.7020354077172435,0.2630403413109268,0.3636332481151181,0.23320412314252423,0.31904234600421977,0.7374656499177479,0.17054780558098603,43.94777662619554,Developing
0.9396871021452097,0.3063298050646564,0.2958235280981005,0.5542591017416094,0.3699226403275363,0.57290196110283,0.4168576975573159,0.8180280088704853,63.16538571367543,Competitive
0.7135057600289636,0.3933230997452167,0.43026068289541514,0.1854914716060728,0.3044030828401994,0.5495369001898024,0.5512344274445804,0.5431468473881221,53.49640886573541,Developing
0.8874185991593277,0.3473907437842391,0.24429906986020763,0.22224013718641672,0.3391212429687564,0.5166453855020066,0.5156634626981788,0.7737739101288387,59.86458424361189,Developing
0.8628511914268532,0.35751534543903424,0.49583584590416097,0.398380394965665,0.22341197782888103,0.5951599202295034,0.46400868183660954,0.7002436633961678,55.46626381994454,Developing
0.6592147895213119,0.46773066931791285,0.1789872819300569,0.557738497459886,0.34627009671914133,0.30279247185882807,0.6613029130500595,0.44480039706839036,45.35724078525896,Developing
0.7420509652870723,0.4723861303184541,0.5162472383930079,0.7670340903193171,0.2547850436630074,0.4508735700239543,0.5228752619104973,0.6400243229336887,66.03868780204706,Competitive
0.28244188925797215,0.7266682246206435,0.4508328495196066,0.4464296457218257,0.16657984813125648,0.33867431541701376,0.7184055665799908,0.33184960788626455,48.10320228128547,Developing
0.9744908344810219,0.27767254346155995,0.04394090417174008,0.3147080973602105,0.37892233267302006,0.7496844984003181,0.4493831402044066,0.7795876212795124,59.76644203477934,Developing
0.7850771978067638,0.6588184980720277,0.1754826371912323,0.6879146837337244,0.4186735212615979,0.4924105548519714,0.5204560791981662,0.4690341269000852,60.77632426655729,Competitive
0.6742518626492837,0.5751739853899218,0.3113410973416339,0.4887191370164285,0.29879613153696694,0.5092508119437218,0.6251533184860008,0.477587749001042,53.62557507936841,Developing
0.7260642218420815,0.7398058575352251,0.44888311891805804,0.7809176361343051,0.38836618638733933,0.5442566284416034,0.775664755533982,0.6005892839650921,66.55615449562974,Competitive
0.5822302367175194,0.549212100453129,0.638434853766537,0.5500284036553691,0.28143757875716147,0.49626468087035724,0.5607618664899328,0.5321378244019781,57.76306315843827,Developing
0.581327201695886,0.4142455671771804,0.44013940412940644,0.4374855039384432,0.2049221215300177,0.2546188139543346,0.7051966912381581,0.39156806924480014,51.99885898512297,Developing
0.7778199141771105,0.21217709075452104,0.277861337808944,0.4689295539822109,0.37414873331450055,0.21149339519964505,0.5796434931307247,0.6851120794133535,51.407756117002414,Developing
0.7734919890456947,0.32182216489929755,0.5143820156122375,0.44128181728840754,0.568006901238002,0.5325387863534997,0.4916104268212264,0.8116122246576987,57.90018099574924,Developing
0.6460651956136406,0.3446981335780322,0.37580102264608406,0.5949514734410037,0.39836866245971975,0.3996966807631893,0.4410810976499391,0.41739759032168944,47.06479394864483,Developing
0.5417606081488174,0.35739410220438655,0.07365837375204679,0.5566671834555648,0.34113187964690916,0.3998452612383126,0.6022658192700231,0.5168915459809083,37.655085403552015,Not Ready
0.7194765298961312,0.4155402824813529,0.3755979067697754,0.2853191760440083,0.4713267619232878,0.6189197429353879,0.5903553031189104,0.7011022950249688,55.120772539236725,Developing
0.6174123977956526,0.5894516360497202,0.060360143079753084,0.7068386518659583,0.5031334965871714,0.4720895089833309,0.5581091420138249,0.5768868023164309,54.40054208390745,Developing
0.8275897939184463,0.6298233964960175,0.2497054880762106,0.6580092831383265,0.6516005704975469,0.6775310438202817,0.4524321291638729,0.8122919541659165,69.19482658833856,Competitive
0.4740022512105624,0.4944196153744292,0.2963086317820276,0.49277297132990794,0.47450687871095554,0.3340801312599587,0.7261726917504148,0.3997412474875809,49.73744416386667,Developing
0.4917242687258191,0.2490620409014164,0.5141977440810402,0.44179496724394934,0.3087405566365081,0.34737037567259504,0.6079294171286269,0.2562813599226715,44.05322895068882,Developing
0.5690440124858547,0.45697470564274184,0.5377775048955112,0.5338760845612747,0.13419830674231828,0.4927808640936833,0.5810276949730762,0.42065937527045055,48.8372294245451,Developing
0.48079684301401465,0.49015673908791246,0.5604753956197825,0.4818190043680865,0.5637692307154614,0.423465341919848,0.531048618122945,0.23156704787636012,52.208983140805756,Developing
0.12371031891614649,0.5796602549498309,0.29243397546752453,0.5712340318024431,0.3917185791858788,0.20135304984426933,0.9614057054022422,0.08007710576101863,28.543721177393273,Not Ready
0.8242442514954577,0.7269173362307714,0.3766699973152383,0.24385866833904912,0.34521691050083375,0.5986900071207214,0.4985734532732262,0.5927928567277484,59.68523577327326,Developing
0.6570849065475562,0.2729059459229069,0.11803616615535888,0.5738535706742192,0.5553837647208492,0.3858401101281058,0.43815693567950137,0.6494616598637867,45.26023647156807,Developing
0.5844016021658262,0.43689388787409483,0.3868902777528558,0.26330745273031636,0.524443076411449,0.40323340546927333,0.7209733489893332,0.4355908935856966,48.02826318287596,Developing
0.4544421155124448,0.2212369646448243,0.28244190464274227,0.34995624770421563,0.5639336549961702,0.4022617257004806,0.760318665356671,0.3801709422203092,42.95832085151758,Developing
0.8541832817963508,0.44287137441118846,0.1557435403564105,0.3018034013722785,0.45618889293380327,0.686056456365775,0.512143859908373,0.8045419573145879,57.70226874824743,Developing
0.5039592429543992,0.22776894609794524,0.25182686041132896,0.6097404709545483,0.3505403150692571,0.31314692213228895,0.6792078080255033,0.23157455615490272,38.54459152902591,Not Ready
0.5726234884446039,0.5856954894625729,0.2360106751046646,0.7367084928510247,0.14566307000642975,0.34304412304335197,0.5658435904991335,0.6390527087298359,51.325902032557444,Developing
0.5579092652448593,0.5807565097376561,0.6963331815129906,0.3075032882598422,0.1866340614005607,0.4438292268779895,0.6111043382006135,0.4460265907812019,49.52270253186957,Developing
0.682758507455033,0.46837516173353355,0.4003075254619605,0.36799918294232165,0.4633414188604573,0.3308243250815932,0.6974041359914973,0.5168915698541614,53.048091102315155,Developing
0.4485624836999024,0.21299303406101178,0.5500004459056763,0.14725894453849192,0.28175461922037587,0.21301320206332358,0.6966632891614668,0.30413341565108853,39.36778608061429,Not Ready
0.8137117920381034,0.427698029836077,0.21994616384896537,0.6641812372497297,0.2136835992260047,0.5850151773924078,0.41017501205545276,0.6020848542023793,54.31080919955898,Developing
0.5980404132243405,0.33995827545823737,0.4222290755677772,0.22259202005980736,0.17535248542435955,0.3777114153069332,0.5350458768272035,0.6158107498137498,41.206588639762565,Developing
0.8772836602271975,0.2843435307612911,0.2840367508827739,0.40868604872543124,0.47489457363691395,0.6088424984176165,0.21766430318444346,0.6807678111984711,56.04820480896233,Developing
0.5979453529092253,0.7413867565525628,0.4612973299002837,0.8301953259325565,0.4556796283413852,0.34557556917340526,0.5453291416155075,0.46943608217590627,55.5775993405808,Developing
0.7393763548700588,0.7325499558962718,0.2017592188634125,0.4717401271718921,0.34468599481067946,0.5165347424038145,0.7033722356723597,0.5396054040928299,55.015904757464526,Developing
0.449946759399692,0.26754298420716205,0.3103667404134048,0.2920637307579736,0.3269950877374655,0.32868622399596026,0.728671009140859,0.3825388177247959,36.13362281029626,Not Ready
0.8173536880173121,0.5727336757804504,0.39508549302602247,0.4569020835568257,0.1643112294447067,0.6212002352341109,0.5458333165169522,0.5955587884510993,62.89262441091435,Competitive
0.8927589512839864,0.43674398821267685,0.08773780666397221,0.4420652621289701,0.15382370367760043,0.5787783004484227,0.498399309376726,0.6478277215134078,54.72376079393386,Developing
0.13928003327373426,0.440688441256107,0.32426702494528337,0.4986840668695615,0.3968718743439246,0.23981934962038748,0.9293687726253456,0.12924313606974475,26.836224433683135,Not Ready
0.8556121670977873,0.8387886396068405,0.13011745125420535,0.35425612235283815,0.375486030422225,0.5254035062914427,0.4147624090980324,0.7463635981123506,61.93654617768117,Competitive
0.5645743151430367,0.5864867583970966,0.18678957981683797,0.6829023516574005,0.5234769390834438,0.3589201724952882,0.7119702780955445,0.2517139052307626,50.734182384089195,Developing
0.9472531371350624,0.3615726919179709,0.23027170444203512,0.33106648418496043,0.4673782220286584,0.8868960361510014,0.45115425601841913,0.7684425808096184,64.41156867400967,Competitive
0.550425976016208,0.5210127384473783,0.40962402471561005,0.4441498924131639,0.39736431396669114,0.2068374565123462,0.8384103659641627,0.41722073885660227,48.711418302641206,Developing
0.8047192178414989,0.4158403382368703,0.6811948197281706,0.561900146791402,0.3891043875056035,0.6336541607213597,0.6891701988970935,0.6572383019669157,63.45163119598367,Competitive
0.6995128125096605,0.571648833146227,0.567333303229976,0.4756938508576359,0.5088356357179838,0.49471461012580165,0.5275886755489959,0.6650365212286055,63.05380839506797,Competitive
0.5061416426249091,0.508501382625727,0.5436814303423253,0.31007017626278427,0.10373647518320356,0.32027788002520474,0.6369839493680601,0.509696588439083,41.460300176984305,Developing
0.7998335429238363,0.6284079329641434,0.1818883876147432,0.40718468368044064,0.32830609088077956,0.749609124014972,0.5144478809064771,0.7862047706548982,56.08000689239031,Developing
0.33232195636053935,0.5172222380651739,0.2692582813009851,0.6718684889338074,0.34392724241316813,0.1387562104455131,0.6545453412785558,0.24951609834932106,38.127010027903864,Not Ready
0.7268854842745134,0.1364470255662479,0.7480875263551146,0.5673441680609008,0.4360946000661731,0.639797626931602,0.5318919275991112,0.5412661931518943,59.35108978074631,Developing
0.6054821625377488,0.33518923206321677,0.6999285100130251,0.3621282169404806,0.3731837467649596,0.45111089839938107,0.7988776587135219,0.5281566881256182,48.2131319835637,Developing
0.8043094035888514,0.4131655839495328,0.39229809835612556,0.5327181376119536,0.08958326483447275,0.5843875803158473,0.43484741647795166,0.6959312122275102,53.7117192560263,Developing
0.638772556871864,0.4872492043618074,0.4202949617440866,0.5013584399597253,0.21100150652316285,0.36512805001015575,0.7925462940946086,0.539152784845934,52.21020615229781,Developing
0.6776224205864336,0.28466704636591494,0.41542950218892966,0.2778801194474692,0.0592453148345062,0.42273273155968016,0.41595599234524483,0.32955928470195234,45.43631706391775,Developing
0.6884090772288177,0.30736350082322267,0.25409570339568754,0.2753931775501344,0.1302632397405782,0.36224247276813404,0.4480068995041211,0.4880655451853173,47.92258536144529,Developing
0.5368677972877516,0.5793790003104452,0.40190487720848683,0.26690109404081763,0.16664468130306004,0.45741613643164397,0.47862062784683385,0.5149728236385895,41.95506299340832,Developing
0.6769778925765141,0.6019078837970799,0.5340914272110664,0.5528407997517087,0.23152675669560413,0.6212083989892014,0.4769308750267077,0.6394583958779128,56.33652905233984,Developing
0.9023502226024204,0.41464826226202645,0.29022764007604257,0.25534540616361795,0.28817033430635236,0.6121766531420592,0.3661385503525477,0.7687174464292771,53.90327367567372,Developing
0.6645789972497279,0.39976660329927804,0.28523288630880483,0.506714862601312,0.36015098560169556,0.4971394673431874,0.46658003674960286,0.5433447265053879,43.955756597462354,Developing
0.5422554175467323,0.40150093445515334,0.45257516025791444,0.6965400066495028,0.1609863879283396,0.4865546074709729,0.6539773086786312,0.35548312681606004,47.61743408124098,Developing
0.7834272162821039,0.7223076821675078,0.20128160871146467,0.784145058528192,0.24257280639151826,0.47680261973826293,0.6409339124878278,0.6466706005552842,62.484086610434495,Competitive
0.5152464231605459,0.28078462053127723,0.4854890487199139,0.6114542221232374,0.24379746569292005,0.35268617081887627,0.6069747875999941,0.46659957068437347,44.123819032647624,Developing
0.8741002508649224,0.8317543786602695,0.2778492448446408,0.5464471518317237,0.5907144691739251,0.7013954068844916,0.34299505686362053,0.8443576962387918,69.11100397686296,Competitive
0.8355660596861818,0.32299419159590825,0.46311183441960196,0.8499086364995712,0.74662030145474,0.6856101204063675,0.34170574229914163,0.5603227022526087,64.15377271330784,Competitive
0.5489385043743192,0.5205224203579331,0.432233691427301,0.7874583840017111,0.20356193999192543,0.46265100230078976,0.7809699127942967,0.5274462885471322,50.091253753880665,Developing
0.5229581997183194,0.4650752285533705,0.16064678277518243,0.3998930206579692,0.193772199096057,0.2757283360202799,0.9556650965063145,0.5573121316891755,40.48415687488103,Developing
0.7222003184749315,0.4200145819059258,0.5008801290548228,0.42483482943041756,0.4321828182894005,0.578247299609559,0.4936678666206803,0.5123111849447226,59.21296355502676,Developing
0.8665467582095184,0.24934440117249454,0.1699302896581426,0.6101726828798608,0.327017861665513,0.49492180999373503,0.3889021834523265,0.7336788807003843,57.15755324536351,Developing
0.7631925157553293,0.35982820936834925,0.37585082781649926,0.5971286003427911,0.23582188871237816,0.6923988288240442,0.6797237473657094,0.4171371573099696,59.181836981589214,Developing
0.6264396369382405,0.4632191113712818,0.5306116553571605,0.3951008176874117,0.2972572023174674,0.28189646021724096,0.6654089331288335,0.541908076716185,50.24637071154783,Developing
0.6180332482502078,0.706497580074727,0.12283501810133547,0.3152567598443882,0.37033248042635714,0.4779186774909023,0.6177882755168549,0.5337819651654223,47.111161620661214,Developing
0.6211414274470136,0.5217657004160686,0.07777714904128487,0.32543854994855204,0.22848770414321742,0.3970863154398833,0.6495799021688116,0.425796452584673,45.58273481854185,Developing
0.6758423348143395,0.5113004376128482,0.33854332683005767,0.2708100345643696,0.44132920605361536,0.490862479319033,0.7031025911089966,0.5096895580579879,51.088953891294814,Developing
0.5692833736899648,0.41388299311813787,0.272446607823669,0.13718191672719823,0.3023389285307548,0.25566807836769406,0.5594186496768648,0.5701745066804961,39.75563443812183,Not Ready
0.9433506091722963,0.6396954512942405,0.46954577279669774,0.4651977697666915,0.3507851135760541,0.5643459903001135,0.4204139737819559,0.6924610771142192,67.57396323726327,Competitive
0.7780443287998099,0.4833806524128055,0.4884405708402076,0.42858738912207456,0.32743695842510107,0.6013910396336742,0.4923926208598713,0.6778224152996598,56.069478242653084,Developing
0.7323010795519573,0.6463281133017263,0.40637251330542634,0.29050039322533927,0.3930865368575188,0.5386771311592344,0.4880231117122928,0.3440428559086436,59.373597625393955,Developing
0.8277392489760442,0.3292353505955762,0.33051082994878306,0.6749100788036123,0.14591957666447888,0.6729318487543572,0.3132328679008931,0.5879621662661114,58.383924694679365,Developing
0.41920390899937654,0.49416136484971773,0.5295074624845124,0.6868494157565055,0.46711298096146303,0.29673710510430246,0.7827451500784034,0.45908944208257113,51.24259224367612,Developing
0.7858429918195939,0.7026990345026318,0.38730168313914376,0.5081304724445516,0.1721546176857628,0.24440470446395784,0.39515280336297987,0.6736121512726424,56.496452703997015,Developing
0.8299901979095751,0.486018091008297,0.16363415001524345,0.3430026382820791,0.29739120310824413,0.6630871552250567,0.4404749511992516,0.7747008733649559,55.22691954789623,Developing
0.41209651201243486,0.19510483361847902,0.2710531251244591,0.3037410832691093,0.5258347922692399,0.3668336286038551,0.8268387981815154,0.31804779394409854,35.14836202665108,Not Ready
0.8256444898335306,0.4910923319470779,0.3784257412734096,0.3019621570078393,0.28079082406369266,0.761501728897508,0.4983334872561754,0.5776261168659274,56.424775009947766,Developing
0.7760423967431943,0.4367142414211964,0.5109232055987507,0.46176361054725457,0.38984189809891695,0.539427951959848,0.42967768848854415,0.7121264288051836,56.588171760381194,Developing
0.6094147714871563,0.4721652328780936,0.2076158858970373,0.5302665634498148,0.4002793126682293,0.2476893162027774,0.6235505465636145,0.6054829173197334,45.519837444417135,Developing
0.5395520150180745,0.5302418807962528,0.19685993174103858,0.23487956419814532,0.2795017670689962,0.3059380549978661,0.5978492474407541,0.4426914015594854,45.23051782914285,Developing
0.46298545317618084,0.7211484585620257,0.2144599027090465,0.795557153214427,0.16617910825815393,0.4179707953817198,0.7591518830725145,0.4408035725710585,49.34216179888037,Developing
0.35856512639176985,0.40298739495963415,0.46094558731659124,0.33510598553870663,0.6967301147857259,0.267750116810726,0.9263822766083227,0.3424560603969324,38.34961412321209,Not Ready
0.8019986691417393,0.5000281655915195,0.4024654736480747,0.4874444280189415,0.1616514706504712,0.6997063725042388,0.641818623882678,0.7246511982146835,61.547429211743605,Competitive
0.43105466130010583,0.5379827755125816,0.47508067985234104,0.3985641083385183,0.26268942939620876,0.4284050805793376,0.7709473655996405,0.27309047720257285,44.592232431551125,Developing
0.4707372383890546,0.6260197821027471,0.32104363355451804,0.38424517827988947,0.16657521594751906,0.2206724060047306,0.6302957474065114,0.425684428249396,42.630696642299576,Developing
0.9191688680612541,0.3919124278858117,0.3984996628984292,0.2597936790423133,0.5696858575128342,0.5683339603206896,0.40064953392582303,0.7252731504563426,54.51942536271885,Developing
0.7369590052980789,0.40109466984941616,0.5077455409922137,0.29026072994787555,0.26766242919926164,0.4156875290356418,0.492275979179911,0.6845293617911912,52.988396458579615,Developing
0.6731195636576569,0.2624897795365807,0.5783724622078411,0.370533389925371,0.25374395083868534,0.5074124093712649,0.6673471375647326,0.530332269583544,55.010926673276245,Developing
0.6531278012487683,0.5679784241394786,0.46103599763620035,0.6167046176155146,0.28263402351867384,0.2971235473052865,0.6503703547384185,0.5743798378547122,56.17707573129509,Developing
0.7951206705333466,0.5933836021629886,0.3380515163162311,0.5274082032664689,0.3944528731327369,0.5223416117941948,0.6120768976471161,0.6556237185063316,58.870334280661496,Developing
0.5436637576037315,0.30244874989651216,0.2508382790046806,0.513065830396965,0.6055829707119001,0.4120494879411,0.736261502550069,0.2829714289438661,49.21318137221413,Developing
0.684377848017214,0.5683594931428523,0.3476534372220071,0.38133270341293735,0.31633025369891327,0.6633262853729196,0.4399623651298689,0.5855885484002046,53.868687638475876,Developing
0.4508873804189597,0.6178188350062117,0.2878239504698784,0.26880123251569155,0.05762726696415012,0.329291111731747,0.6780141311931442,0.2343729427711861,41.03968901652387,Developing
0.9015339945813107,0.5223624121539978,0.14140789748987684,0.28997941878295563,0.41298952616534684,0.5398411183340636,0.499016937316664,0.800269686117483,56.99396184647283,Developing
0.6802257554878303,0.17248292830099768,0.4462993758800553,0.35856425200887165,0.23485034672614702,0.31877496565934593,0.6772066438986957,0.6195879449414139,43.47099907229742,Developing
0.46283676164283977,0.6017492301950752,0.17954192414584433,0.5225243403270647,0.29063346102575227,0.4003489911265166,0.807823004594666,0.30107618825978844,45.737003871271874,Developing
0.6171530345331859,0.261549070043484,0.21333576399390827,0.6046777508408893,0.347045819804562,0.5126146455547234,0.6617868453711746,0.37813063646541367,50.14105506098376,Developing
0.7724488342303221,0.4629346707019007,0.32466521223781963,0.5127836518560175,0.34205463284213705,0.5043543464885561,0.4547328258907158,0.5900409853111465,55.345940554553934,Developing
0.5889999957352697,0.5270332736218947,0.23150006569934686,0.34551433689054095,0.1731059336869852,0.34395930551699017,0.7647373799456809,0.4696717754974592,42.63088239579941,Developing
0.5495248165482692,0.5028675740486668,0.46533933911904823,0.33681200815495194,0.3814398596580667,0.3089313733980487,0.5325830142841054,0.4569840734709366,47.41904304521868,Developing
0.7697948953047635,0.28760052078010556,0.20434788607070734,0.380748635452587,0.35663136490644237,0.5941640019819584,0.38474926109352303,0.3980669662575414,48.24355423155531,Developing
0.5862654940722986,0.4755084483635714,0.2507168515522577,0.5207680036940469,0.28041479225967325,0.3969388094467338,0.6248489646063622,0.43657490871661064,48.335516697573155,Developing
0.8171763319329016,0.5668587807664399,0.2339294022713968,0.3670013220805014,0.3274992411605979,0.5998850113741826,0.48644776705950926,0.7078675232508045,55.57568242977057,Developing
0.6193471735278689,0.3698067691072215,0.3875702222968845,0.5656115195997193,0.2010660971903847,0.47827416333289724,0.5643147378886374,0.32825721498067795,48.0778386654346,Developing
0.768794617185748,0.5980765131917566,0.4814723485820256,0.4645145472435196,0.20577041062255327,0.5488072843680415,0.6806947952058691,0.6125837736856689,63.87359401324799,Competitive
0.8487605250921366,0.24719084003856623,0.4796447065701835,0.4517738457213036,0.2950899792997929,0.7387979309664323,0.6505731261097819,0.7238790468583862,59.94844608990994,Developing
0.8315783089847737,0.5323572164886291,0.262535383179066,0.4872752418365673,0.453547376185453,0.7126138266473886,0.4787226981727379,0.6182997827057015,61.25973201800704,Competitive
0.4158898109732938,0.7302150039925731,0.32644430133684516,0.6220566446925706,0.5772789975730622,0.3081788919640188,0.8677573199186871,0.3410960135548336,48.96436530886363,Developing
0.710744783208603,0.47520577078541787,0.1859005874643195,0.3649345734104857,0.4530474095955685,0.6269030916612608,0.6432797018185312,0.5083170238909517,58.92959881513025,Developing
0.8691071818165435,0.25780335921766073,0.5716494457276274,0.39452523179763893,0.33132861693368193,0.6371343745558055,0.4744204087877655,0.7383365051776861,62.49005678348217,Competitive
0.7941180817551929,0.6313326729431203,0.401051121947996,0.3816619932991558,0.41200522773787507,0.7365395842387445,0.6890744581196997,0.687750331737201,61.955265692898955,Competitive
0.6087264476356968,0.4611397351434737,0.43044516375151726,0.3976022075725541,0.5104929146888241,0.4798679757971217,0.5740315494194811,0.4759898134270497,51.682948855131,Developing
0.7826210804742127,0.7616303722153246,0.3425303804137762,0.5060119629103215,0.2947960513591633,0.3432438115626198,0.5143251746936303,0.4415202292075566,56.75661139634602,Developing
0.8902311199046999,0.2922941593926833,0.19340181687161428,0.4196259606185394,0.5147707273993388,0.707037349278592,0.3260398428373097,0.6171145392930661,64.1210877394605,Competitive
0.7695743199891437,0.5574745917395301,0.3197354688115391,0.3487621557901938,0.3279897643743761,0.5702601532886651,0.6953529805818379,0.7555680546326451,55.10829330890784,Developing
0.7792114463791006,0.5899584740196461,0.748039536410246,0.13095691574702548,0.646636208671061,0.5617837605028002,0.5432720292603719,0.39003141224733917,60.91220644801055,Competitive
0.6799972465493075,0.2511050995325182,0.3068590613073054,0.42930176612118764,0.37522102223571685,0.3531008399062349,0.673132208335735,0.6550680899940335,48.572403136468644,Developing
0.3855484795160476,0.33372447792542476,0.43420891299883263,0.3014743630012173,0.2931180574245765,0.29595072627598573,0.6622477276898736,0.2760220416760948,33.92489265335959,Not Ready
0.7079316103335935,0.3387525037420417,0.5304592297105648,0.45103008806359196,0.3569622637206299,0.6607077045924272,0.5064598035250911,0.6117534746071409,57.8537417901324,Developing
0.48556278289423715,0.6423239159591058,0.13054780622226467,0.365494277022491,0.3234998267569329,0.3539271030700128,0.6202112361354217,0.3926469985316007,40.40122378798327,Developing
0.7354157098415689,0.4638901234570507,0.3847720898835822,0.4541891387237438,0.4525207350873817,0.48915918278840764,0.5264606610532258,0.6066686658489302,53.591569077862765,Developing
0.3475919988904935,0.6174369208403916,0.6351915310227092,0.23437665812125275,0.4433216095116195,0.10626102322864972,0.8184674699861639,0.3149953441940432,45.12954207303927,Developing
0.39687367112811484,0.6248569364546299,0.31146053872794593,0.4068436801218044,0.5050248898790389,0.21984383492584292,0.7202500565930163,0.3251688020062453,40.13451401668609,Developing
0.6284052130628063,0.1425585199639428,0.7648334190500382,0.48635173828680656,0.7738658064751927,0.46307166323416343,0.6719239165748921,0.4934916950245643,55.28395624352361,Developing
0.5925452339186266,0.754057750010765,0.5389198649870269,0.23417215078119813,0.3532558374970648,0.48077308016016346,0.5291505582140695,0.7186196348311092,55.99742029717752,Developing
0.8075111211910521,0.30216661800783695,0.6623944118010633,0.6051000521150554,0.6039796918134381,0.47719300393118846,0.609179571122896,0.6334678199946169,65.07250622182063,Competitive
0.7752934250706505,0.6023431705905351,0.5386964170508686,0.35712513796832407,0.10407867643460116,0.48226707793302304,0.5204653156306808,0.6494358934633089,61.2094794961214,Competitive
0.6362445508690202,0.6834164025285282,0.33142911941621106,0.32006854924196565,0.2176487049547359,0.41758161370501684,0.5983474727538584,0.5459977902553604,45.54483230591756,Developing
0.5495403957270913,0.20849653350237274,0.6844950774625086,0.5702851733525579,0.5650098270966155,0.304820782540283,0.6868650471293638,0.4233828554818224,47.83153978916355,Developing
0.6593264968843178,0.7131948745732488,0.49217550225951434,0.3543044812214293,0.40468909935290787,0.5287029747374582,0.6031514737870851,0.47226218586597846,56.69699952985535,Developing
0.5556918411719072,0.45661493394004854,0.40794397275262345,0.38438650055865053,0.5892634486739639,0.4145079080135647,0.6309396628503348,0.43712666589241245,51.986297365724624,Developing
0.7474358401359754,0.5803625531267319,0.4760288898652953,0.5774088144377817,0.34487210327981876,0.4415941364474797,0.5970856294908411,0.62220184222949,57.077770581223376,Developing
0.6838885625272807,0.6070148257845525,0.4687597968595895,0.35575720473685674,0.7320016874535746,0.4737667239484213,0.5286686547938989,0.6094153756193289,56.48709756975964,Developing
0.802052463432676,0.26922932363715885,0.1722591306058754,0.4265457728977932,0.19146855540390983,0.6499346081226683,0.59949320060881,0.7249465646479708,53.09912672835955,Developing
0.7005941283029304,0.670517159200834,0.184519473913103,0.4190362558642914,0.2848199663925936,0.5325818728096409,0.6938689649051079,0.407911156994499,52.80704757793903,Developing
0.6391952860639502,0.705180622644312,0.3466973881904201,0.5035467398000641,0.6416588000668896,0.3051016286469984,0.7646824584578472,0.4874289064063828,57.78714753343499,Developing
0.4971877927817005,0.5080173776132247,0.4679892394973751,0.2286340151604781,0.24621279382855735,0.4043630913497475,0.815657670518417,0.2903306694110749,43.92794289305088,Developing
0.848062626641509,0.16925157354129128,0.43365861243641196,0.56313971468361,0.41551510597730545,0.6110710439919814,0.45693646073143634,0.5744281155558222,55.32140569796439,Developing
0.6703829068757768,0.40544417391890825,0.29599229099459645,0.09354339481282611,0.4598659328461389,0.4622364603382626,0.6088015827159776,0.3939914978036333,46.37629507680531,Developing
0.7097896330329839,0.6020498033147869,0.36716486206582327,0.2764934196337615,0.11618384279129981,0.5178083398290068,0.5496004952767051,0.7068119366397099,59.334410802165166,Developing
0.8614919278475986,0.7186487204409333,0.5000784025390242,0.4958963024148998,0.6324082665162155,0.6674361678741081,0.4981009517811858,0.6490889855424652,69.07980979648708,Competitive
0.6735553061404852,0.4710524893029733,0.399796544353062,0.41424207575928984,0.19021239824037206,0.5135602464580653,0.7549040100627642,0.6133136121523748,58.212288678061974,Developing
0.8037282612997306,0.28613408739568413,0.26393228245708383,0.3197710433476457,0.24093130393156062,0.6615264827407018,0.477273788323131,0.7499291253666528,54.7750837285316,Developing
0.5131237975478712,0.6272933204319637,0.2532055718413916,0.2886762080746903,0.32633876509952686,0.39789067634204817,0.7496861836506731,0.2310363990794097,44.18197346163737,Developing
0.644833693066785,0.6209486852118073,0.31718898160357856,0.36084481531037305,0.22223542176402108,0.6977205797725932,0.6244103847819331,0.5407060894738933,57.36620092569551,Developing
0.7042421425835386,0.7468170673966606,0.63144157545166,0.17218916659686606,0.3885718351441934,0.5475603161580488,0.38243681431893783,0.33859496239129794,60.35822421749123,Competitive
0.4956522369418836,0.6460523668696434,0.3742936440608347,0.31935224185890865,0.4600305431191634,0.3227061264907723,0.8191245770392732,0.5543973646681755,49.28876061582632,Developing
0.86537539332866,0.45549810177260397,0.2640618386229691,0.6175398817536953,0.19381406974325713,0.5237325023525524,0.45235925159774404,0.7077227633324541,60.15931929305717,Competitive
0.647263185927705,0.34213637609505543,0.051009987108692735,0.5260477446584204,0.5909329268945794,0.5390630842158883,0.47506698824654026,0.5810488962722663,49.248117989143424,Developing
0.7835390574815021,0.2475459540197059,0.6811198968528261,0.37599157924114285,0.3885253355287906,0.5271428799151999,0.49137356983578295,0.6193319597830271,57.88712170677916,Developing
0.6152627386298283,0.6134462245746035,0.2693086899734091,0.6675366887524855,0.17724502767693692,0.4585269574084182,0.649438386510335,0.463003883201463,55.346877716674236,Developing
0.9338578499210451,0.4808885336032363,0.627859484517104,0.7046661405523098,0.3807061394510639,0.6463508920829333,0.336722737649113,0.6815711427787933,67.80409244054273,Competitive
0.7979745034000103,0.6704100140087518,0.38417151207812317,0.4458472197624425,0.10576024567776833,0.5452699753960492,0.4457130342190859,0.6962424795730379,58.930597120179364,Developing
0.28285400013746875,0.6026381522637064,0.4859568437846572,0.7942866590214067,0.10114605561279316,0.03069192765939252,0.594991397895695,0.37471675594033094,37.093189260321154,Not Ready
0.7728517734602138,0.4250104497888437,0.4097077559954166,0.22627642633208747,0.5280152930724591,0.5943127654683522,0.7613242587790874,0.636733725653395,63.100718358843764,Competitive
0.5396013529169615,0.7806360277105419,0.412242637430209,0.7981572888727926,0.2830508861851745,0.3986149591522115,0.5972687115533226,0.40956793506345723,49.31516902428702,Developing
0.6046360399516643,0.652077956400158,0.44358088127638523,0.4744844942663707,0.28515568046419654,0.31382151498680305,0.6998464243972818,0.5747062752119302,52.753636193756385,Developing
0.3722725029900071,0.5910824473751229,0.20322180130474665,0.4361875872527242,0.4678432529180384,0.3648403038111846,0.6646893633414186,0.4756800089923412,38.86169833548661,Not Ready
0.22209954464723647,0.5796525075085665,0.29705638044245125,0.11911174555637412,0.49989206049749224,0.0,0.9760470722006545,0.22433254222275792,29.45227820118281,Not Ready
0.7975443456464419,0.7877632487063694,0.2989258665099184,0.6086169954567165,0.2910010572139861,0.602904170562935,0.29451961612519073,0.44652415854038896,55.73612743998449,Developing
0.4290565117513866,0.5716795322459205,0.29967774601603064,0.4521174385224544,0.4243554624501579,0.3523489220187215,0.8649636115820688,0.24017602043100794,41.65434834124149,Developing
0.7426682872822545,0.4387704871245924,0.34888033643447436,0.36645276471259497,0.1353287146131601,0.5274090827464741,0.696953374301251,0.435555940460563,54.4868291033016,Developing
0.5402150468888435,0.44225971764334915,0.5113767997676729,0.26194618578329165,0.25245045710144237,0.6629206578037408,0.8730350181616199,0.43871562012113874,47.03784701013662,Developing
0.8111935668216453,0.6453742229662497,0.19922471297735803,0.17591039685378349,0.19657086921174247,0.8524789609222501,0.6558786879188542,0.47175399560862297,62.10569442800879,Competitive
0.5895788857277032,0.6048571555566988,0.26279273292290123,0.35411418916539045,0.22802879700422118,0.3189209937752144,0.5924970484433598,0.46173382610441993,44.32015640391316,Developing
0.5966890940309296,0.6231450145366855,0.30781392724115697,0.3801162416367928,0.4120336396398264,0.3435567252771237,0.468150358557765,0.6214001594061037,44.697927198539055,Developing
0.46598631440365956,0.29418307740720495,0.2924367988078536,0.8195129222735417,0.17816372819185125,0.35756685145492684,0.8498441450889676,0.340730313368019,48.535097687299626,Developing
0.4671605594941,0.23463490270893034,0.5626750634789837,0.3174143026574111,0.4049368701411224,0.2511109356216591,0.7154994750697842,0.23576749545298442,42.302212396997525,Developing
0.7864428744878437,0.4145754514686512,0.22645039959587793,0.5600165821699311,0.24804519932266358,0.61309145610806,0.6911521964925359,0.6245270119427003,58.603383566033415,Developing
0.6122626815916272,0.3446804955989891,0.6398044763206563,0.505023118793411,0.38559947225541,0.7044536959961989,0.9192964369279257,0.4531421610668743,63.79550369017767,Competitive
0.4405858751531172,0.6886767972433788,0.6302255635123651,0.3241374012472966,0.42491433965624914,0.32650681070974097,0.7885385385574328,0.2073796097349248,44.29324307944109,Developing
0.8336378407579624,0.36702933473017735,0.3098153316316808,0.6012950833266115,0.26521337043262705,0.6392200057023532,0.324773380692335,0.5806896206938319,61.37509821784725,Competitive
0.796539219158965,0.44858589200960836,0.4793618606474229,0.6268324330666318,0.3610263421243535,0.42562213989343517,0.7701564648378025,0.6552870137677609,55.5553592986075,Developing
0.5231411762306075,0.6617551168318714,0.4932654777643285,0.3084613426508609,0.41466425376277094,0.2903050553230415,0.6372042791874262,0.4627958979736413,45.36637782672594,Developing
0.3854856134424809,0.48618178469540835,0.42471637056882433,0.24450301919753353,0.1323122751275597,0.06862270951396426,0.9113190161556394,0.30156205222753746,39.896382163811644,Not Ready
0.4904370109743577,0.32064802681645993,0.28522793155258375,0.8214294838286725,0.27859384002310844,0.3165683137330097,0.8213378064788487,0.47740518828372086,46.11978807081728,Developing
0.6041679514872488,0.15433052778911174,0.34660488259718986,0.5779386155717128,0.4956059283860294,0.5502212042433957,0.6721660488577051,0.5487926819093192,41.17922210775444,Developing
0.813545841497331,0.5538550668913822,0.4457106273804396,0.4712756985924631,0.38775518702083955,0.46197969153851876,0.4880352756754882,0.6531862461891986,58.333147559990124,Developing
0.5836673054622767,0.6305904217149816,0.46081230575063037,0.5253046911721988,0.39736195868199775,0.4653123889132722,0.8055176128267328,0.41807370891897905,51.72459504479721,Developing
0.9505053555302706,0.6551799503495754,0.22671121261467883,0.5019294503863287,0.24510958541400912,0.645822027688308,0.4004068506718853,0.7560031712159913,66.79683149964431,Competitive
0.543884613899327,0.7474900259744813,0.30317574823219484,0.7419535302463632,0.5152657689080108,0.4022766241239845,0.6321939778177541,0.32108371936001373,54.41288616985772,Developing
0.6169888219815013,0.6443205577558762,0.47865787472189975,0.4120037619794309,0.42713108926997145,0.6447646324342016,0.7313671962702734,0.5483938872724714,58.811890310399306,Developing
0.41364526510249694,0.7298353827666877,0.05984073180695437,0.5509958124983028,0.17822738065523944,0.40679852839714303,0.8377504945896544,0.26418352044026117,38.838516124454856,Not Ready
0.6097680313000468,0.3611395074989836,0.628579826083287,0.4243934560216767,0.18952543182696815,0.4070164056413856,0.7417674172114617,0.44139576179227813,49.581858234401466,Developing
0.7698915542064079,0.8085300926970254,0.38102047165072384,0.42832686347516097,0.6925773051933746,0.5016352109257146,0.40563726428223806,0.5428808872657591,63.456537655942796,Competitive
0.8821510710929802,0.6092429354582714,0.42099456234409416,0.5220835518173692,0.321969460602593,0.5442346414738455,0.42568787375604755,0.6747467075655109,64.45724133566588,Competitive
0.7748207171854737,0.617105283579457,0.4343973958532795,0.3374229919778267,0.6680128000774322,0.7302537927352242,0.5821157677368984,0.4719150176776055,65.02557300370867,Competitive
0.2745110688211234,0.5512976262959821,0.4358440427590436,0.3958551873381076,0.38655543713253177,0.2685221767831131,0.8454017302609909,0.12168879545015196,34.44842619053448,Not Ready
0.4722674739543562,0.3708230087909213,0.2272519556400908,0.29257704714013694,0.25459493080979306,0.4312172576315646,0.5843311659840622,0.4441341191431014,35.02182000559912,Not Ready
0.31324781759605014,0.3594911117220608,0.2029175125217815,0.6796932582175657,0.14939996498444583,0.15954846771775025,0.7027817067102364,0.394827078681084,34.60514638893221,Not Ready
0.44485472674437165,0.4561514961180898,0.5430152313302604,0.4232238881368748,0.32487217903760873,0.3309865895641133,0.5876062215992479,0.34566981853449985,48.657080130657405,Developing
0.41842051831916943,0.574240088244548,0.37939147791749533,0.2542412670536471,0.27472033678709834,0.29326040708541573,0.7110271173266389,0.5346257618688062,36.91820837981888,Not Ready
0.60986041444196,0.5943705434968224,0.2814576493518733,0.31345602111825266,0.17562856527379242,0.30419935709318335,0.6272359960844184,0.44819961066509423,43.421707970754234,Developing
0.688662763524524,0.7311561804633364,0.4568869994386961,0.34551124116835996,0.6643534110044018,0.3694848405261872,0.7384621610995267,0.6467184086315945,57.585217762932274,Developing
0.3552134867033195,0.5470993877895224,0.15588831511106116,0.6165921927330132,0.31504148523441966,0.1156360358062774,0.7116960679220228,0.2002616453138043,35.904901946632265,Not Ready
0.7465108619041817,0.7354925343604156,0.3560515807734631,0.3815732941177534,0.24976960763092318,0.5171910598756078,0.38538564974116685,0.5768939382862287,60.238750545875256,Competitive
0.7314596490362065,0.40925932733048453,0.13031564706340096,0.26337717833485524,0.19713149215870432,0.36955672360241565,0.6090154370057536,0.5860860266463914,43.51268448651014,Developing
0.5532699207390915,0.500702829142057,0.24044236103254116,0.24056869199968242,0.2981817373309646,0.5716352697158319,0.5266391024228487,0.27159342051880825,42.99474010820674,Developing
0.825748161712145,0.8358103363651814,0.350407389177959,0.31119774609352746,0.2738873417051446,0.7394148513038074,0.5432480214869214,0.7734986136350687,62.856737949800134,Competitive
0.8040170831914046,0.2838215400054984,0.3808251219866145,0.6935808538742514,0.15191350975758283,0.4851858563565055,0.4387241127349437,0.6720627791951265,57.883885792140106,Developing
0.43433380081443035,0.38779135602288317,0.5382866865679007,0.4524742847185683,0.25680632093772976,0.17419803368761688,0.6971792617400949,0.33452718574407075,42.673947351838976,Developing
0.7720444933719056,0.760057592305738,0.4996418732071901,0.22295198565475433,0.3131328010843252,0.5595681883093868,0.5881281296131954,0.519489986478898,63.82857619703681,Competitive
0.5985677057135881,0.5811198521589438,0.4110184843316465,0.2882368601309814,0.31896911953439355,0.4350928575781759,0.677354554082124,0.44021438053412437,52.18335750783822,Developing
0.7504341926189446,0.6989670687625887,0.18424873879197506,0.4283527848914232,0.32259813275376714,0.4988372843454604,0.6127837454949496,0.6528857157136079,59.846388162708635,Developing
0.7402137671941561,0.4230352692965986,0.4466303438145923,0.2695772927891522,0.19334189770510313,0.5941597112684576,0.6597779181661585,0.6100093747048557,53.51333034209424,Developing
0.7343523996154483,0.28404511888098005,0.5516812594292293,0.23590701896520386,0.2599120310421873,0.42873296401945904,0.5302439611039894,0.4521624428334994,55.51311371335788,Developing
0.3891221115949969,0.4454438035204693,0.3863525273286306,0.6354145742002801,0.6363397404366044,0.2829930957736631,0.8287586249232916,0.3433623330104757,39.16056542936241,Not Ready
0.5230813987005061,0.7654466435529587,0.4586678263220704,0.5100784254035681,0.8096504818383082,0.2798637169919279,0.65008383599743,0.4787559888471316,58.324742642685386,Developing
0.5365310823723161,0.789525561521162,0.29644203328872715,0.39073020243047885,0.2536181112386945,0.2811330902141849,0.5518976894079424,0.3676601885239384,44.765277629259145,Developing
0.4068533077559045,0.426866382329767,0.22116871585230588,0.37773083369091404,0.254071554564265,0.3453268989328,0.7486912090457035,0.39957172987997247,41.55487345258058,Developing
0.38897858223030773,0.725528699362981,0.33733466141704105,0.23620891131405855,0.22674206353351206,0.28201181468786457,0.8110536524926573,0.3596719491908963,44.70561404384529,Developing
0.5001471111245098,0.6412992679435725,0.43326778326672827,0.5563984283930021,0.1998990910159017,0.50281195608281,0.6037543443960725,0.1661712972966035,47.56358644103223,Developing
0.5350019332194339,0.5337462812125662,0.416995723305662,0.3673546652897319,0.22776390542083777,0.22867200874041121,0.7413119410555675,0.5608182681678008,45.4544831856381,Developing
0.7267780769479545,0.45346370552521614,0.34118777029771274,0.6037368286617079,0.31753019843629543,0.37416121795406343,0.5358552080566967,0.511746423303096,50.346462730111426,Developing
0.48499445469096497,0.4960086650071515,0.61851001355051,0.25240145390614827,0.17762131758212665,0.46542767300081644,1.0,0.48865516654501384,46.02819904530162,Developing
0.6018382024701157,0.18503303546589647,0.5431438514553155,0.29522221888453204,0.5629170802438923,0.3597412914594803,0.5517597196016375,0.326592372756518,46.377399000480736,Developing
0.4624990637072897,0.43039141702954115,0.527367413989401,0.4383927565393992,0.303431826876181,0.33439895323698826,0.6498347483302067,0.4298688608670982,40.541227785577746,Developing
0.5913905537517817,0.5020370246715804,0.5741570773826508,0.17780927308337538,0.309435415226706,0.44542638673228696,0.8758351140387822,0.6071399397507538,56.19730522091611,Developing
0.5643432628641482,0.28051116336815207,0.15955462321097513,0.39807078873140667,0.16699337628747998,0.35583477738751285,0.750180536252661,0.28247165190399004,41.22051700115191,Developing
0.799844207336925,0.4433620230080435,0.4820950975464107,0.2356602843517579,0.18238041299704813,0.5308918520825948,0.6318061334976067,0.7661087703851847,57.62201492495468,Developing
0.5298501391237935,0.3882322991334251,0.3206116839685424,0.3713783033377097,0.1431291829496925,0.38360475976299485,0.7055726007164178,0.2153160612416723,40.4855495972261,Developing
0.7779151234412325,0.39730644780198054,0.2666966040378477,0.5747654926759344,0.24760337723823983,0.4626827132614977,0.6765786202050513,0.6618132024193453,59.60113950172422,Developing
0.6105631563324829,0.7478766815103827,0.4819435912830155,0.2759620083229085,0.1092114585738924,0.405999927907098,0.6236759981554074,0.4310502579307517,54.2472811956649,Developing
0.6012060788566961,0.7466009554070366,0.4227889037663736,0.32042673915338554,0.20653935031759144,0.513874253416069,0.4555945534751399,0.3497018369991065,49.76801688558752,Developing
0.10324349536786354,0.49787398793541293,0.5409843284108734,0.5140917411661073,0.2798089109709764,0.05389497658388512,0.9409540482195661,0.0,29.840840217987868,Not Ready
0.631872407498697,0.4526127564767743,0.3172590486272237,0.4091081837226916,0.23916467000535102,0.32604991048292575,0.5021120254322623,0.47558117227647667,49.775341956512094,Developing
0.74005174599395,0.6296325720454663,0.5472892294681185,0.22931121333739746,0.452579314702697,0.581329598673211,0.5501009766059115,0.8185334013765319,61.25920721529457,Competitive
0.5470355771972144,0.48949837697107756,0.1788498603895606,0.2859814493204783,0.2874406086243831,0.4496121002659708,0.8153941934628097,0.41868883439027227,42.33174384374933,Developing
0.8158069633129315,0.448567516008178,0.34509411344090823,0.30085953852061814,0.5738064703815224,0.526175203266709,0.5255056069134381,0.6601659550800314,59.545156754316764,Developing
0.7274428695488259,0.5553252746220303,0.43520367724978204,0.5625927516568395,0.4924054315990228,0.2635119964477742,0.7961369277332007,0.486265392374765,59.1017208486518,Developing
0.7938710898996704,0.18444604914170717,0.32417378142971465,0.40666455528654605,0.19979243998172774,0.5770958906461313,0.5058361010601753,0.4883083309920529,51.58161045537048,Developing
0.4764494676939499,0.45125773578261824,0.1638380617744951,0.4754329123946511,0.2770168715121893,0.5634655724582963,0.7400372267463583,0.3290125988460419,38.60312139949707,Not Ready
0.6465153824898988,0.5622243561528388,0.26019712611152973,0.4561761544451566,0.29215131258245247,0.5306252877674303,0.42969350877139156,0.6681865181067941,48.75800657469929,Developing
0.31521917187962745,0.29269716428913584,0.2032697284621445,0.3489927687004878,0.46646163481967773,0.14748567920572334,0.7451560125442266,0.13033743568396708,30.851910361606564,Not Ready
0.5200578964499367,0.42911512446951394,0.22362609790888427,0.5990731027621394,0.40351862088423013,0.17029775326427815,0.7070863324707486,0.6599992825707015,39.16381815915451,Not Ready
0.7986194119199127,0.5787728276321952,0.5253581319522442,0.4401186925209361,0.08159463830979397,0.48169267549784506,0.5861934315193917,0.5859261865276731,58.217495173105604,Developing
0.3921793509898767,0.6775518823552561,0.6987943740734667,0.44656616665011317,0.12715187568404424,0.3383249331135142,0.7174117709401158,0.47743084944992886,48.118380477750236,Developing
0.667968349306212,0.5295547576013472,0.16346678739721332,0.5503799446292407,0.4593408061115872,0.4307125120743526,0.9534214896458761,0.6147615654981498,54.1510482643451,Developing
0.4234723770481602,0.45377220735843365,0.2308316924029993,0.39048914964859865,0.21732153977505803,0.40236984871150805,0.7356619056281013,0.35847441443483957,37.978612983172795,Not Ready
0.3458153624738857,0.3713338721887504,0.3047310667127768,0.30608574565358887,0.24405922394213353,0.1361561002662453,0.8283691708151754,0.3323048372080137,32.78683091921575,Not Ready
0.7706188027171831,0.4990257629729853,0.5182120009274077,0.478665275389857,0.2775599425714205,0.4350537156395587,0.5639326669550297,0.6003112909516444,54.502996507585905,Developing
0.6635965066978723,0.564122831886655,0.291641609775128,0.5323719583199218,0.5151420106211841,0.38222395403338866,0.6732818008527774,0.40675391347233825,52.70027965933009,Developing
0.33766252469236135,0.4929193441916743,0.3955855697536783,0.37450559862535204,0.3496681022625401,0.30021309959110903,0.6313756340261547,0.23733062223427645,38.88115026080397,Not Ready
0.36693493245568815,0.18985133546865934,0.26614561855541796,0.38401220039396183,0.18392079981609666,0.24503286555857526,0.7749928125856234,0.2656218887764274,29.86088062570369,Not Ready
0.6673566835048201,0.46774479431073285,0.32452039773006985,0.14377221578109867,0.4748826930722276,0.4132140184090534,0.4886712215387634,0.46700938249837165,46.77708112748118,Developing
0.7548896198875338,0.29213271805938623,0.5059072862698841,0.41168317333088994,0.22923109108913844,0.6079705753396687,0.5935517243668416,0.6513484375587522,57.33138223269563,Developing
0.48366151492997417,0.15679146856195383,0.6384106845621009,0.47996367926190914,0.2517686112070203,0.46491128972238294,0.7583517864918317,0.3989780327073146,46.391667574986116,Developing
0.7470987028471223,0.36289498409550536,0.602691334138651,0.36811375446461064,0.37383093163429915,0.3618467866172795,0.41186752511064195,0.7486665419685541,53.150104278390955,Developing
0.6834326520192955,0.5933003161595319,0.5508947944615302,0.4962630623264475,0.07524766721273755,0.581636390388986,0.5108550293220179,0.6488996256386482,59.552099871592446,Developing
0.5879300831216098,0.31777766838375526,0.35368219976389925,0.41065248250649966,0.13880388886965106,0.391437697857785,0.7036007464156346,0.44952929201725894,44.425796438135066,Developing
0.7355036221826553,0.5436971397608338,0.4279327756777088,0.3794631918097187,0.2672325001505418,0.6259288655546794,0.4599820960572465,0.5727428975435512,58.266822735799444,Developing
0.4540911534576795,0.4602536536304496,0.4537692140971721,0.4803773346112241,0.0745709004688825,0.3327217697823177,0.8412739812589003,0.3852873241383714,37.85159893046983,Not Ready
0.5960394216008355,0.5173897268277233,0.47845445053269037,0.2780755469574471,0.16413349600187402,0.5016381923464905,0.5330084980419979,0.521595282915308,51.37085393363266,Developing
0.5187781441487986,0.4355589126472876,0.2658405177631993,0.5271295170325495,0.3959052310478099,0.2515268447722008,0.6255836219208435,0.5418027674658108,45.61061813397379,Developing
0.6115180337715727,0.6910625042607322,0.5584578316090989,0.37066638465816953,0.12119050600979325,0.337762196047065,0.6418354501520439,0.3285394081335278,53.3703687120123,Developing
0.5518145561988321,0.7405404084088503,0.46015561225292784,0.32887824228368445,0.3265147888291987,0.3663454827109004,0.6390609483868042,0.4391657932929733,50.214184860454424,Developing
0.3986331214139376,0.47772524793282795,0.1853484806375331,0.5862221983768149,0.21421647983873524,0.12451224633701558,0.8656782279430977,0.3445041124380848,39.648816035191984,Not Ready
0.6859507851905802,0.5455968847044934,0.6199922873363883,0.6560065171172509,0.2778076883091154,0.3662106384194867,0.6249284829148086,0.5690686501660412,60.0936013333975,Competitive
0.884318279251668,0.2908345083934167,0.33234611094087513,0.19596537187248697,0.2320953991408555,0.7245895472605891,0.3330373406135389,0.614521075381414,53.92256155511717,Developing
0.7026491362301115,0.5167523729618407,0.5515982706386239,0.3498861972286619,0.24815116496737974,0.3440031351422461,0.45810049297267397,0.6574638820428904,55.4360849260823,Developing
0.6748934846427483,0.4673880301334775,0.41264874477181446,0.46171776610642273,0.4368477270327223,0.38006299319266185,0.6964663569365562,0.5361005230248947,51.59993090766744,Developing
0.6805315800021455,0.34658136129424266,0.3434924736426124,0.24447553073536524,0.264400945088121,0.45399615354026934,0.5537414361484991,0.4665522964304013,42.411394297022646,Developing
0.8216574610543778,0.7648336075004101,0.49522992456460496,0.6003261617358724,0.12197456771278903,0.5791554966103744,0.668063408677389,0.5716882816345413,64.6216392893664,Competitive
0.8670458962267175,0.5010529270954291,0.34577117696428267,0.1724196918361128,0.4656006753573387,0.4591010030649447,0.3352833103642693,0.5678635054776673,57.64399478753534,Developing
0.6176470832678667,0.544961244749509,0.36886504252285734,0.4874933226016032,0.3298029042586017,0.37724275447355926,0.5991107630079671,0.38512180832686294,50.26073455423991,Developing
0.5808671031000582,0.4619682677338599,0.4972526253494731,0.3674270550214897,0.215730088400996,0.408615009085642,0.6975103823467852,0.40061586793908327,49.44554420358822,Developing
0.6662738033251394,0.6011649940327108,0.7361469970920296,0.8714615806608148,0.18009766138549066,0.5161234386728137,0.8280522099262583,0.5188568829316504,60.442748099703195,Competitive
0.45797258643646527,0.4501143035560669,0.16166154554915926,0.5222072671272165,0.37578505468950274,0.2177610816809694,0.739283866435612,0.22734103096172073,39.17603338130048,Not Ready
0.4354042134897983,0.5974710068502573,0.3012452779429963,0.2646493776137393,0.24506405771614115,0.1693409670619609,0.5237408814392963,0.42462566610490793,39.22524439255744,Not Ready
0.746383032964827,0.3491940463086882,0.30908221383970774,0.2896357865896796,0.4235731449791625,0.4024539088208602,0.5825358196798583,0.42003538755152825,52.12416201189935,Developing
0.6952454003260695,0.6971043599741258,0.4762507870350527,0.5949689021735496,0.488316216608418,0.4740803657798343,0.5541868134229038,0.5047052863947057,63.52426685755935,Competitive
0.468232129050167,0.5172984586591056,0.31687317317126407,0.3739140609287748,0.21680981570156063,0.27696003442757255,0.7467745034136681,0.3686370877530207,42.578576889959535,Developing
0.5391666979410202,0.6256985579580463,0.04507839206156666,0.6099291251715915,0.2303191351618788,0.3661695108998612,0.7305080661259309,0.41922819603529754,47.26906843707533,Developing
0.35873982849296787,0.542066278152088,0.3616863237026672,0.3554157699269089,0.19856192089882096,0.22829150264625586,0.7450985886003242,0.4521791232330053,34.4340939631535,Not Ready
0.6288415102597406,0.4280469259590132,0.3710744700262817,0.3409533840559669,0.6505932308257345,0.40899024183137656,0.4708005607120428,0.5469886423914434,51.23123673593509,Developing
0.4535912938954123,0.7133177325816279,0.704266364533639,0.5198238672193372,0.34170470853512847,0.2923374611480525,0.6841625223700001,0.22944666639343356,52.16949415729324,Developing
0.6764631611991567,0.5064903856384436,0.3880988359576033,0.7868638702834849,0.3408568462856781,0.5097581441942189,0.5896301326104705,0.5594016260676015,59.410677391081805,Developing
0.5917449613957524,0.5307416022106126,0.34006375284981044,0.827801278611032,0.47493404716161225,0.5179786470906326,0.6920166408200454,0.3408143519087822,52.859079610407484,Developing
0.8070609722017884,0.5747453392969153,0.31349821707786585,0.7017916614403095,0.31038598269474627,0.5787494813692371,0.5019150041765099,0.7661785326101406,62.97983855492714,Competitive
0.7872137150925642,0.6147141735726201,0.3810512360753261,0.3031968537790556,0.4997991968289889,0.6000938966014501,0.5797267939016522,0.38541654117062607,55.00004629212555,Developing
0.8266176963804696,0.7069967179635577,0.6081360193194147,0.4345856309354814,0.3222129892816312,0.46790462771182306,0.5296195066053238,0.6075998044287594,63.067959848394146,Competitive
0.5499791852764525,0.3990978748372116,0.4910916303752511,0.6963919256421568,0.2076709843943316,0.5257538905650043,0.5770751279970457,0.4486178895479453,48.157708634076926,Developing
0.7650708226166926,0.3225850818592822,0.1538290447007187,0.4894649109972415,0.41852122185885615,0.5870655079510775,0.5025098007195594,0.4718836889109832,45.733490273528794,Developing
0.6567632592659255,0.6858045262446634,0.3375640759937475,0.48833805764679084,0.5999986104691227,0.6135124673147266,0.6110989621641308,0.6214333737957651,59.56005064252578,Developing
0.6689667369122956,0.2953830449463723,0.21432861537480521,0.3777080963170949,0.1678389968723912,0.4433499324304867,0.7766746462227676,0.6515250448120923,45.98599401765124,Developing
0.5102369681521981,0.23630897008665377,0.46948293816345416,0.6208186299849133,0.39395191741102764,0.3324945973915802,0.7303699439149405,0.33996300967622634,46.70217717051453,Developing
0.5886686742231396,0.2731836331808619,0.0833612771566794,0.6626699083011074,0.2313140354498805,0.278903554450329,0.46645086524471213,0.4184570022492994,39.759372341485,Not Ready
0.7126294947314156,0.8199326286546482,0.2546662604537167,0.27653738723739063,0.5668798100594652,0.5826559753269034,0.4801069647125388,0.46672931708003773,55.22075030375081,Developing
0.9069979874549294,0.2922985386582084,0.22080131078475362,0.37293366756953483,0.3796660916237126,0.49832574138221897,0.3524596442087361,0.7691500673272962,54.11962309491401,Developing
0.6335152907363782,0.3470903729229866,0.2828746359746749,0.19997069158404626,0.2633880260977308,0.4629769350061039,0.6994852153154639,0.4752350913438373,47.0491723927161,Developing
0.7939995745957996,0.324742396938948,0.38421602762655516,0.16543777651096803,0.22354155540058127,0.6622910628442298,0.36043488158324133,0.5018350907900124,54.58783319315657,Developing
0.6632740287642078,0.5329210627882383,0.2869402146863549,0.3035785537759429,0.5391898164762637,0.44058307036679245,0.6821558279210359,0.7252477160905852,50.115960771627755,Developing
0.7159704770662387,0.5111271172932353,0.3368792101703892,0.20753215732901006,0.3466798549841091,0.48817555194312773,0.5548951616880955,0.7323750180797431,53.563953073726296,Developing
0.5361921442853144,0.37521121893965276,0.1807208446459217,0.4950084679116616,0.33782691251484054,0.5710686202502209,0.7627447497500313,0.6207067506960315,50.544872643355895,Developing
0.5123607045849617,0.17747756072608567,0.20429713120929305,0.45181242443683534,0.3113165615311751,0.11542140846419466,0.5407201635437817,0.24043962729311774,35.420162667223465,Not Ready
0.6615840069081187,0.701763087832555,0.21712164504635725,0.5290379413719071,0.24259779942374396,0.4447229127352124,0.536220981205691,0.6311484305569246,53.060493653303396,Developing
0.6600938850137337,0.6734490681761452,0.3852607378465038,0.3937971093628225,0.45530292344257495,0.3533872916399529,0.48078851905435127,0.5540394012902089,56.015477324214885,Developing
0.5021822830373693,0.6173307274721288,0.44681735243170384,0.5892483867894851,0.45268624792109546,0.4046144912242582,0.9596710050657687,0.43745043714842663,53.12694716379087,Developing
0.5659994198162865,0.3199769365833168,0.542701932835194,0.5832664381234914,0.4075714490511748,0.5222663554196508,0.6385885078633013,0.3112942985392588,49.254281934117735,Developing
0.9113461162899965,0.2860993663483242,0.3788330028559856,0.5671959569941643,0.3607439432401833,0.5236877765758519,0.559069796184071,0.6223580923703168,59.38062075856769,Developing
0.8647886666031969,0.592612389281274,0.23705104178671582,0.3632872386600181,0.25990600979841233,0.664395567015018,0.48184686548449884,0.621476637573869,57.85113736564306,Developing
0.277061561751306,0.36803384353883617,0.5119809347329984,0.42573434348011546,0.3189263215561712,0.22789927535842497,1.0,0.21632613611406568,35.37985550261883,Not Ready
0.35233423466073394,0.3455759725985957,0.08728684022164318,0.42233700438791555,0.30325934630817003,0.3278807691542565,0.8856736465581305,0.24161619164265263,35.0330282092907,Not Ready
0.40197772753022126,0.35353176944230663,0.42279309182659375,0.36727993239976614,0.25701107153125374,0.23645617179802736,0.8606954036163856,0.31238978687142493,42.22378237806765,Developing
0.735852761434621,0.5912505209141191,0.5838076546293146,0.685808801369557,0.2519627215691087,0.628096774832158,0.721801687701657,0.5362455051836272,63.8659059390702,Competitive
0.5723981267250938,0.374818178757213,0.752870608606277,0.39791381906244894,0.6723224864052775,0.4737050037684243,0.705560906286657,0.3655317162421813,56.90875020529164,Developing
0.3434989208905648,0.3506983793754717,0.2946350994239487,0.4747823744687603,0.3376620675406004,0.24022872015531282,0.6883073800309178,0.29334012794792097,36.88650649885187,Not Ready
0.48997315087432536,0.500344126656746,0.6240003772095385,0.3483835212434727,0.27728583560767767,0.32524395396571143,0.6823774438050199,0.3975912723323451,46.71448587716597,Developing
0.4864461823895889,0.5286893483039856,0.10877947351297984,0.16824490497584693,0.27749799211927423,0.41279622953765555,0.8059717684598317,0.38857602930788787,36.54043810078107,Not Ready
0.7109915438671671,0.43793096035254414,0.4004563865239789,0.36187096509336797,0.383279530935172,0.5500991235161161,0.5881468292689821,0.6494687008260569,55.871053411298824,Developing
0.5900790683063893,0.38947009776963454,0.38820935773987425,0.7217796880807537,0.5633927921395515,0.37471353476393304,0.6396172403996152,0.4478368450017711,53.6734297196342,Developing
0.2900663609124713,0.6072838949574838,0.24286403457597794,0.5908822098331866,0.5334418541712025,0.013525267335807611,0.720067817529907,0.2377228803033955,31.498154256215606,Not Ready
0.5836461490356718,0.6517097925249155,0.5106861430356165,0.29136626214916744,0.3722548647192826,0.2225649176530862,0.529736626167886,0.4727976250901907,48.307146058565905,Developing
0.6826806166991018,0.525884051645728,0.2913769312303008,0.3097997383169223,0.013192365825084033,0.5947659093233586,0.581854442179024,0.34050855160985927,49.939678704639945,Developing
0.9290402873305079,0.29460817820914786,0.6406269141246215,0.20285138376587808,0.26849186786427864,0.574927787167694,0.43070132371760206,0.8220936605934102,64.1611909884068,Competitive
0.7168036584045343,0.4146687072668538,0.42679456725929904,0.30913784098241226,0.19417566881509282,0.39112735321960507,0.42236202664765066,0.5114111710844742,53.42501387687369,Developing
0.5540800117959468,0.6043706351829569,0.07348340302428125,0.7151342029584595,0.47565679825174784,0.37889669652061425,0.8164866395010029,0.49359232989045254,48.63032265621896,Developing
0.773556476584394,0.25689471892184157,0.19870161047775886,0.2298223173354042,0.627813194863906,0.5645340201550397,0.5785542240769957,0.6306446437359596,46.89484111356584,Developing
0.5693625810228168,0.35472703575206704,0.32152331213035257,0.6257630315852362,0.10810779906605336,0.3249100028644498,0.8045863792374989,0.3727709887146165,40.548001219472894,Developing
0.6566610448838135,0.5892530518862613,0.22636535173288316,0.47083348878985276,0.31278180564046404,0.25066012662020787,0.6870893551294069,0.5724646644933211,57.132265545913796,Developing
0.7124041427978145,0.622029516461948,0.7167236517313301,0.45892170676316957,0.3913888484493082,0.4626321310508341,0.4393841817883586,0.44906210107721234,61.03425143468077,Competitive
0.6729978124274424,0.4650673046266726,0.24682335756204027,0.1941181817510588,0.4428704351986936,0.3606218087746462,0.5003157365005639,0.5462764678945888,46.962331904139106,Developing
0.6168867485469146,0.7125689336098238,0.20918741971824056,0.46762968845075553,0.2129272437100266,0.3024822073976673,0.672366116271917,0.45306737161186916,47.40009218245072,Developing
0.34679293118404875,0.3613137657370546,0.26539153222414336,0.5371079169600952,0.08067173924816697,0.3214796629867643,0.8642941857566814,0.3636056545692005,39.56940979903289,Not Ready
0.45938907129289763,0.8491253686295369,0.5135651931734861,0.24606602071073858,0.3384691180505556,0.18576197634234545,0.7059281978616492,0.4726348536449462,45.835670183610944,Developing
0.6534867698528998,0.5148607779460755,0.7496544928738983,0.6268513387611173,0.4192888769805397,0.5228385466161969,0.5494012579798182,0.5050517487781591,63.84425385719925,Competitive
0.3847921903998171,0.7623354876364544,0.22632782758602019,0.535590690313959,0.29273354290350256,0.3213668264902638,0.7894213605642335,0.27893317325720374,46.892639897466374,Developing
0.23140179986469225,0.6134720832274215,0.8552065036536781,0.35080788859726547,0.3518689341052183,0.1557446121413152,0.852307205501315,0.015638016925679926,41.874801575187774,Developing
0.49223880926454633,0.3351616613594223,0.6421159040683382,0.2691113496088278,0.5088166264959594,0.4693097826576257,0.6462362019175691,0.3365105648740713,48.51919312489116,Developing
0.7954548243769272,0.6926602945890081,0.6156791919179836,0.29265290145122336,0.07508847323045369,0.6537073904967735,0.5338665582242135,0.603645166040628,60.41879013500898,Competitive
0.6177108713610864,0.5797182873434322,0.3213886219901483,0.2937885863142595,0.3401745499023484,0.27684664384903945,0.5645730231641766,0.43029392912666153,47.533113462443055,Developing
0.42437075079035025,0.5050940924880467,0.24153681163379692,0.2973655813297783,0.18469927662265656,0.3035326723532793,0.6790156614313576,0.3838166590643312,34.13910044103619,Not Ready
0.7974061736364528,0.6048887945659991,0.33728158382536766,0.4499198043219097,0.3888263817403168,0.5452040313397011,0.5338641326431208,0.6262986168807053,58.09880185810648,Developing
0.3646641079282813,0.3700722032492225,0.4710513805672016,0.46642707400194877,0.09654615593171145,0.37691774450867566,0.7646348930263057,0.33636098357168887,34.55224749559297,Not Ready
0.7558277184113241,0.5677799379218864,0.14434161009793384,0.23708338364169548,0.38750624688135554,0.33496864254157394,0.5499404583466063,0.4527191109793035,43.83835475822927,Developing
0.6222678441881799,0.5846969412006454,0.6023294196244793,0.43348395629983444,0.34277416276571654,0.4401234995315092,0.5974359110523844,0.5137827637778095,53.154231085038674,Developing
0.3350963296549626,0.3122000602096852,0.33814213284438455,0.2787147567796828,0.534713369234299,0.2485577964995567,0.8469808445223664,0.221592744882056,31.33584868932747,Not Ready
0.630502055005191,0.6317097365482942,0.3536810813415662,0.5314596881245972,0.538889609134445,0.5553772634494688,0.5373027945376438,0.5655594172051825,55.96397347841233,Developing
0.48063900757941636,0.356478138108479,0.34521812638921856,0.48048084988835643,0.16694306693340052,0.35682797211767864,0.7644001346033849,0.43732207254921796,43.66282549785999,Developing
0.5775288831082129,0.2510454915593534,0.5982372728701062,0.5702011329427193,0.3925168018180551,0.4423263302737678,0.6353254295994277,0.45976248167283423,51.751712428572,Developing
0.6205535676584875,0.5300492717020435,0.5139411759931866,0.6242939996646028,0.26518463232211303,0.5988348446730932,0.8304339378699134,0.5407902086643313,56.82294738610001,Developing
0.6569037592343826,0.13099398729791104,0.4975207418559019,0.3451690399230722,0.29457676739876715,0.42750925152036334,0.590007889021245,0.18799417350716863,49.189290858744435,Developing
0.7561432859916832,0.7995757882797594,0.21794265476145638,0.32606643067373026,0.3110386767033419,0.5356584337129174,0.4695463064981782,0.6993227178424385,58.90111825732447,Developing
0.5878839022654926,0.3913039014855033,0.08380317910769691,0.29246482753804026,0.4057298742119364,0.45884819324543064,0.7433149992059279,0.556004203273321,43.38483618065831,Developing
0.9128676059726221,0.43823896352161495,0.38943548702485287,0.31824603221482617,0.6041971975240982,0.5377816993795419,0.6395881596740262,0.8622141203226432,66.3298903654894,Competitive
0.5413496891883264,0.5179769588620197,0.2424329422406976,0.3881707896657668,0.09100698484274634,0.2321501673910526,0.7334693090509196,0.2940298560177499,42.6502736423695,Developing
0.7494130949741858,0.45487635771589086,0.3179365460934942,0.6221377359952319,0.08783154859339352,0.5561753718268927,0.7389593490253562,0.5098605787670509,57.21385999330453,Developing
0.7505515638077416,0.4519526243644571,0.2803329987990904,0.43471756246724597,0.09210496740499309,0.5334435219767766,0.6020481327166823,0.4820252673101878,47.82627457534323,Developing
0.5708278687567939,0.5858866576357199,0.17462122895704654,0.28357009683656514,0.1548770544946415,0.5838034340070359,0.7765146182079377,0.5469207044706437,45.44926256002505,Developing
0.47545798404267536,0.218841885638494,0.43430471001802823,0.7347264168168542,0.6178725728537182,0.30819184056886734,0.7422843978662637,0.34567499593532686,46.26587858868809,Developing
0.8108835028876241,0.6147612908748553,0.5502752747836248,0.4811824681856948,0.33728522014970524,0.6108234754686093,0.5274832364832445,0.6656636217190469,63.97519784176106,Competitive
0.7282475435432704,0.31000294190005984,0.4185924240179287,0.5603230301629742,0.29275807654597513,0.39468708317410284,0.48792706509062084,0.615384613625361,55.93207697221873,Developing
0.5921790937693981,0.5959120516760803,0.6450521517583065,0.5852493894386952,0.34311849372124337,0.3620827885292176,0.4695625798209224,0.5325243444715623,57.303431936343245,Developing
0.557433899289483,0.7796069672051903,0.49083619927541033,0.4341593006065181,0.19903793759212302,0.5502024615234435,0.6918734269282962,0.3546689006439294,56.38919835964228,Developing
0.6508167529092747,0.7153884009141458,0.3463707200590132,0.25876173589355034,0.46149888705331865,0.32982320262473175,0.6323095830488513,0.4579757244097039,49.327758417408205,Developing
0.7287332440797356,0.36877408372309944,0.1999487733493162,0.22833018969934296,0.45909528280491996,0.5729284013251046,0.590881719301203,0.5401367904273584,54.563358851823274,Developing
0.5737504753546654,0.19170587627235453,0.49295814046280134,0.4116639437960006,0.28183982132305324,0.5304430008265746,0.6627531812506952,0.5519170716765034,51.29053594046239,Developing
0.7309315544360281,0.45753093925157384,0.37231903433463426,0.7144560383028312,0.26306440220764943,0.4955940611571162,0.6805251917480546,0.5871634918757184,58.59516661999359,Developing
0.8988070695189122,0.2701451530498296,0.4343420195656393,0.6103889569436572,0.18087684765861675,0.5213472075435058,0.298176205619634,0.8629814711034,57.539819580123996,Developing
0.1621141761481302,0.542028694199281,0.45340403738734303,0.32387528641956825,0.4548019277206641,0.22705262102176665,0.8367396280775458,0.0,28.181182345573607,Not Ready
0.8061991215310969,0.29406350446550683,0.5560685173860347,0.5152069950857462,0.2445956856492284,0.6629493880008559,0.40104481494472227,0.7088327623381853,57.71972636025667,Developing
0.7351128765198801,0.2889108295898268,0.24664014160534922,0.3567918829733991,0.46005092413327175,0.5115842040453784,0.4808214633809226,0.6340005914118506,48.70043624391608,Developing
0.9677626529927479,0.32471696139293194,0.49291143599652887,0.4979894301948657,0.4186459603770598,0.7287429861166261,0.3294859719518851,0.7747874015988854,68.45452409763728,Competitive
0.6873084802665931,0.36598490844659143,0.5112190167515023,0.45159871038305677,0.4229410011731045,0.41966591798044967,0.5459756376215209,0.4908502003647405,56.735233370621096,Developing
0.9121185622224335,0.21694737666727418,0.2427279186035748,0.5519005443033153,0.20741921348633077,0.5759583496339773,0.3188007566740104,0.6991226727864904,52.918405240489506,Developing
0.5638520067901125,0.2469982327929998,0.354307137237621,0.41983527317155583,0.5333375565266429,0.3956192856795476,0.6531728972817811,0.5099009533076659,43.875728858021205,Developing
0.8356092489603368,0.5719858802800694,0.29991111932056413,0.2957730250185331,0.3040886396985166,0.5830646882574547,0.4793075410974972,0.648686344442691,59.22680624306333,Developing
0.8893162672728226,0.4335284110106665,0.59996245330538,0.34794395285506324,0.37776081909029197,0.48917887756628486,0.5272505599203186,0.6458440451824047,62.46631423570964,Competitive
0.47760127481923703,0.45818436137726865,0.6725126051299114,0.14253075980142021,0.17637994937539067,0.2702719194466158,0.7204994338262632,0.4556399939426012,47.77405474448901,Developing
0.7451935563988152,0.541410787527216,0.1139322323432561,0.15710917624866594,0.11216508803839104,0.3996283736746631,0.48376623685073844,0.6069634024410832,44.099142136132215,Developing
0.2677632235258958,0.27653958844361315,0.16124319906357992,0.4593750714545304,0.542434042247056,0.27107891782646326,0.8709921845220395,0.3823585829379603,35.41083375120088,Not Ready
0.6359746257212819,0.7615504860267623,0.3769690309261296,0.5360153694857052,0.059836694075891414,0.4916916173060699,0.7062425999533395,0.4686057877111715,54.07058127256747,Developing
0.7711616871179264,0.43789634393234783,0.33972763346505225,0.34518650880000534,0.3281759891450013,0.584228735710095,0.42216725265092236,0.7163974058931392,60.76010045454809,Competitive
0.46837770641636217,0.42767935522639583,0.5360889381103304,0.7212871870636602,0.49930958646279167,0.03995143030670606,0.7101830310833354,0.39133486764763953,48.969886548198524,Developing
0.5098461999052473,0.3061395717422498,0.7652946284619829,0.37972606524851277,0.15852965539190333,0.23819170532540623,0.6876579693517535,0.4854249817235975,49.22615029876354,Developing
0.6261406891372469,0.698463452748042,0.7475583524670207,0.5063573727593705,0.6125312020669792,0.4708156123646288,0.47521688243483995,0.45138401049796534,57.09975724858834,Developing
0.7428773240026129,0.5424869123278019,0.2521897669198722,0.24799893532470804,0.23684403973881796,0.6456005729651761,0.6980639778210527,0.5347893322316881,48.92353369712799,Developing
0.4219558806634062,0.18775096613759884,0.44373576084311644,0.5415746562901793,0.14852229702194372,0.3349715348915809,0.665669225986301,0.47293716177355627,37.0615365101604,Not Ready
0.5617763087379795,0.46179843197573844,0.478702909906214,0.35095053804459303,0.34948394981918635,0.4605338755797582,0.790313957799371,0.48259312371772173,47.52917105276983,Developing
0.3863916599186954,0.3778539445763897,0.5391879706136837,0.1981384760422963,0.2619173074596844,0.32590667449692,0.9320245453805858,0.3110088072421022,39.08354844817409,Not Ready
0.8702831938294422,0.5449411371377767,0.2451931807596173,0.4144579013851897,0.3394034729836816,0.6545100277915871,0.49286063589490636,0.5649734975973888,56.41027389376257,Developing
0.6351491907011275,0.04277441362678621,0.4054630677563696,0.732462826868526,0.2721956507401502,0.43917903478412207,0.4659015360093124,0.4530967540268138,49.46425321380824,Developing
0.5215624408672475,0.4908655643923532,0.18440578998134177,0.19237422519393252,0.6273603013776248,0.2677773141503449,0.7308263678549157,0.3214402230174157,42.04426025608107,Developing
0.7813427386746475,0.4483366389500091,0.5200037236379522,0.3319833020416321,0.2379724800484364,0.6343665524268416,0.45863706542739907,0.6777020284677098,51.95811433111616,Developing
0.5861411980689643,0.5345097940994313,0.3606572937528948,0.35303750228735353,0.6757250721463841,0.4706821241211443,0.7033594544247529,0.500234985318646,50.12906345077781,Developing
0.8078524933444616,0.5773610212083102,0.4324507539445439,0.6054874907272413,0.1305506342622136,0.6064808540102339,0.5855027823907457,0.6905165633166891,63.74019589807845,Competitive
0.4504123463861504,0.28972417037831905,0.3530623975219334,0.5278948802320622,0.5052915726984242,0.3402414537112569,0.7791545038339136,0.4191916508854342,41.274462124891066,Developing
0.6050593233409863,0.37099771343125354,0.25540680103032043,0.400143315992299,0.3020610130615567,0.3567978131953825,0.7385782628774528,0.5401060043238557,42.56292931576468,Developing
0.6970717830405272,0.5200154272888537,0.35992543538452915,0.4378750414313042,0.4482418343702801,0.6074637149239187,0.5191602529742206,0.6824857738823007,53.066596195293066,Developing
0.7827432084122233,0.8815927389750422,0.39434534214925493,0.4118511555556448,0.2839739553139303,0.3693298159600431,0.6680595332189887,0.6206273030986249,62.40440841164933,Competitive
0.7013213605817287,0.3309148214342716,0.489452147173269,0.3552735719559472,0.5172548514952783,0.4673597097930643,0.5788984066183458,0.5918647973442541,49.33423506671019,Developing
0.4699911298186491,0.6604552202787729,0.3923391911921792,0.4881557125051174,0.20244867193722274,0.44307153136432154,0.7508630223390318,0.4107114576209056,47.91400595261063,Developing
0.7108128721138084,0.7089455438064441,0.20401214223367467,0.41586911020698647,0.4214877534975487,0.4856547962365684,0.7352674528602866,0.636973494226043,54.64374158057568,Developing
0.4334932554540357,0.7944741186455258,0.12444930975763818,0.6607299143551228,0.1728663730257025,0.29381002992106864,0.8431739717318448,0.40111214720064203,46.82896814208173,Developing
0.5995036154581336,0.7569358932648956,0.5550655321232952,0.37516431595819144,0.3835512330155821,0.3460461746014195,0.6221128176182829,0.4848331929736764,56.535272721383066,Developing
0.6362860868784452,0.8187765395244386,0.48188464840761214,0.3322962746866755,0.2942021317939477,0.6218580544197878,0.6521827796783402,0.406486461444188,63.83436674649749,Competitive
0.4243291264197575,0.5281927094438593,0.22423267019065743,0.5504775796259188,0.42770615447041677,0.4049824961707045,0.6910727686606984,0.2740224945699191,41.594371150792036,Developing
0.86820337477911,0.5503806415765613,0.3469639266089777,0.6094169158262099,0.1711287759727849,0.8080258112786038,0.49610228541059426,0.6854928404266589,67.91663851643384,Competitive
0.35537392409280105,0.8461380458979575,0.367984163996024,0.4302456648523677,0.38500378993369067,0.22783940077237935,0.7769899400820297,0.2861374800954715,46.29698216965908,Developing
0.7367819329205803,0.4750319194501117,0.45457495126849423,0.5544487957510732,0.3043608486441614,0.39730833825178624,0.49813654610439,0.6161792688675081,53.13765534541429,Developing
0.7911152264448139,0.698033689444827,0.35907934716106793,0.11339228612604339,0.29934383426619393,0.30061707662802695,0.6389244905845957,0.6070857059808112,60.59252376935373,Competitive
0.5850828651286196,0.27667718659545115,0.5776189804616128,0.49019813091683334,0.20860596015418512,0.5335189305511137,0.8167452099940695,0.5892865629115775,52.014725993540864,Developing
0.6299514701565304,0.18457654917391597,0.2511138443669075,0.5714905747943155,0.2924489364888332,0.4697566986315864,0.5226417499070539,0.5223350864505577,50.440763864853096,Developing
0.6669162074037246,0.44440558379994544,0.1354545473631889,0.6102660638546374,0.5124623179547598,0.46572113560666223,0.7147337832401053,0.3332511767707973,47.22116439295446,Developing
0.8034483136394083,0.6830768933129702,0.44702318353632037,0.4739532548533759,0.20501099205935763,0.47249370169947724,0.7613707994672498,0.612050157710688,65.30552234513627,Competitive
0.8690999663291127,0.3373924779704003,0.24240243334411496,0.5161427381086074,0.31510504762058333,0.6858436624985919,0.37072735647228927,0.6605733352850203,52.64846099379489,Developing
0.43564103342522,0.38637955180439804,0.17510052412549174,0.544140613746876,0.2983286552701731,0.30337416877107126,0.8435858579864252,0.3792355254097116,32.36048213467096,Not Ready
0.9442902399086427,0.5475672789507137,0.3720662453434409,0.4039366121479936,0.16972814401784722,0.6699756880411489,0.4269239164923839,0.7581782176244608,70.68181502668898,Competitive
0.7835779020066681,0.6718398626884844,0.24600027852171694,0.245871375559736,0.13084547261242968,0.3669193820265853,0.5105988761499078,0.6474223237014878,56.634815982484255,Developing
0.7383197377671474,0.416359335508139,0.31304086927159114,0.38299859391645297,0.5072595118908725,0.6450178864535551,0.346442436621105,0.7171044990590597,59.061136606345045,Developing
0.5691380585278036,0.7389804124470488,0.7148240878661309,0.26072962669685323,0.4805320260357769,0.37579447357302553,0.8062747142647151,0.4866665354652635,56.072206397662974,Developing
0.6517393055408995,0.6830874489713374,0.5370457118551236,0.2643303603111381,0.13060240949320265,0.43378660112792844,0.5325761161896357,0.8562462580877067,53.77237069721841,Developing
0.7133583309108772,0.4840118730449011,0.3429767603350493,0.22360579482154075,0.24821771478660118,0.5076500738634949,0.5867990074302672,0.6652573700083227,54.1463907664389,Developing
0.37254062843108193,0.5584445167684192,0.8068501447799094,0.35120876660844086,0.2634313903839546,0.3301796374096845,0.6077080324363222,0.29554817141023076,42.86897489794028,Developing
0.6643161283756351,0.3760484827284086,0.21001732250081773,0.3418127257284154,0.36184631660740696,0.4571854047176567,0.5725248188702475,0.5761949230674667,44.278917554615354,Developing
0.7495971073772986,0.3435113124593156,0.24910800821684373,0.20981258067853004,0.38621546612436275,0.5627597731689298,0.6186572496479544,0.812693972352964,50.1713534775816,Developing
0.6488231280091507,0.8360372905374698,0.4249173398828893,0.2003424459996046,0.11280241983027234,0.30388940440725,0.6303648626141499,0.3645665042833007,55.01050172023977,Developing
0.841612352485168,0.5383103397234072,0.18533812703657268,0.4567394355330731,0.3357561129249642,0.5753067387106096,0.32784342879799966,0.7686742272046346,54.57776594062969,Developing
0.25781404735711344,0.9336675305656129,0.5450531234136501,0.5001120468773456,0.1387089826734385,0.20008157004801452,0.8440830900254431,0.3339082463862787,47.802668185489765,Developing
0.9003900219926585,0.45292504356273144,0.401143009990918,0.6339252748968324,0.3927398957837916,0.6028687467294264,0.5052295751586436,0.6403357395385558,65.69266491315523,Competitive
0.6367347763779762,0.5114834949311445,0.1745296815410247,0.6639302237969047,0.43828174045966783,0.5779399280360147,0.515738328984195,0.45554330549239613,53.41419798960693,Developing
0.7833093432255002,0.601678971494629,0.38952350426170346,0.5815650251820058,0.47245964072059626,0.5003333494700798,0.5773893912584291,0.578963852055815,56.314812363826206,Developing
0.8050326225129083,0.8600269340502378,0.0745272137803668,0.16315884032298528,0.1488750961300709,0.6417646946114448,0.5644400030714632,0.8139016277618818,55.88519076864694,Developing
0.4734101261444258,0.6739173230750747,0.16731128619243418,0.3212991324392585,0.4328900984392442,0.3217456213021064,0.7457572761263412,0.39204844049797477,42.808949180227096,Developing
0.5264817908173824,0.4435601618013061,0.4510965222725803,0.3129197264550868,0.34960834720085376,0.428982411803258,0.5751683937789852,0.3465911935095163,46.61465533562219,Developing
0.6022218647241978,0.3832076949355364,0.31109124172515173,0.5016295449542852,0.3420908388746423,0.5337938674983983,0.6555449749777631,0.3117737763990407,46.468264667042114,Developing
0.5003104845791617,0.4700602994026982,0.4715141238247449,0.27577257034290714,0.3799803936262303,0.4182766416780172,0.6065592270313062,0.4984338987633242,50.853900215046906,Developing
0.4936247802774056,0.34709962689524143,0.3405835059167093,0.8586859609375395,0.16686340335492889,0.24629270683180343,0.7523550238059348,0.40743202209063956,44.44747173834313,Developing
0.7054125139249007,0.66314658573748,0.44913863574296686,0.15597748747125162,0.7511122248495772,0.5449263202616064,0.5991353075718957,0.6649633584369636,59.49743622769406,Developing
0.7158101654579222,0.782843237112212,0.5944434565440736,0.41217076339110886,0.263512597125402,0.5707845006632887,0.6637106097032417,0.6083968014986757,63.36320665733446,Competitive
0.3448824138220789,0.8679219301938161,0.5986115381660337,0.29481938410470265,0.7248865249382557,0.24505492738879836,1.0,0.4126559715988666,52.28374500726173,Developing
0.5259747091219825,0.5063935648046284,0.3028562410045409,0.4992226142116297,0.26880845923492164,0.3532329885079021,0.7116844299004336,0.24393957503120556,45.20676575378891,Developing
0.7476475412235659,0.4046406380874935,0.23543969832586029,0.4029570261179879,0.3833685769044475,0.6179696916071955,0.5851550005536401,0.6648057903584712,50.374913660988796,Developing
0.6646126507408937,0.5647056997815147,0.16072886739174957,0.6188382481917826,0.3618388704749414,0.39090812496955973,0.5314856770832987,0.5559495985107846,50.362925523583,Developing
0.5018448978060657,0.4536671922212893,0.2982461970942318,0.3524023536701777,0.4242442719877624,0.30159918071734476,0.6838030418885851,0.36282647475190544,40.01430952693155,Developing
0.6520970823743042,0.2536090558197694,0.344163534128614,0.20281212985158836,0.6090660878106205,0.4870187295802298,0.5922624208672812,0.5552048196943351,41.141118213480546,Developing
0.4768493344122436,0.5350171290814202,0.45330650299495195,0.48558822214974456,0.2660721138721905,0.403493787200326,0.7857683564106528,0.34366041829431965,50.86509355289168,Developing
0.44480517814880405,0.34194748909093436,0.1224165175325501,0.33888486326874573,0.43972739570463537,0.2824487312738421,0.6511764751032075,0.3703963454182958,40.71163682865064,Developing
0.8488162100777485,0.49363280854017133,0.4641429491765571,0.3538219418503846,0.27100550549047525,0.7320261481682777,0.3988774324086574,0.5759115996763056,60.43963232043379,Competitive
0.7548930013194672,0.4903276193885252,0.2989553471120609,0.6653151351719754,0.2536354749069189,0.19126762313520757,0.7468585724529749,0.6594862583306469,54.51941382805645,Developing
0.8005535943922208,0.7702177567436512,0.12430598130330009,0.18667619996970206,0.3049512229327831,0.5066255665103789,0.5405435936260377,0.7103895378033386,54.030640210633315,Developing
0.5121777887920447,0.6987050726298879,0.3637543262447896,0.3983994059668519,0.39580874991873183,0.30910296648894475,0.8069375468300632,0.5107654235012045,49.59619686561312,Developing
0.6461126405143063,0.3738136318506417,0.3698597798433669,0.545277473586907,0.38616503101636385,0.45098937217018065,0.5483670479111441,0.3879701514421525,54.7796488697315,Developing
0.49785844606121316,0.6026617379728834,0.45066645673891953,0.5803899468687729,0.5232901506647215,0.35828819774756365,0.7202695195974471,0.26034244952727525,54.682742820592416,Developing
0.5829109004558013,0.6867650270037269,0.3193776111035809,0.278113832995459,0.2520942732314044,0.5691685301424083,0.6973908385393597,0.3609002965281146,50.90391424031929,Developing
0.5749714701993481,0.33542251152104596,0.6351908272455454,0.47605878815782005,0.14869676492667713,0.23185936564936943,0.6160904231037362,0.6048883635643505,43.547394742530706,Developing
0.7133303324896542,0.5332837620415779,0.2564743952385234,0.28622999750613254,0.4430883032077071,0.540762767148405,0.4625438225350698,0.5570212439539146,55.60253030210661,Developing
0.5505415500550987,0.3852656406490775,0.5374293242554757,0.47368269696583787,0.2691053232581341,0.4754925028548766,0.7619470581360337,0.4754408396862155,48.0452366485838,Developing
0.4745492473593812,0.503059224559211,0.3757373660004165,0.5504767200038018,0.22007116066522261,0.4014259345612184,0.5747885246130764,0.468786292888416,44.3444540808216,Developing
0.605116973091382,0.5965835614682168,0.6077082565561049,0.5247215041911262,0.47563401454727994,0.34272672576083585,0.6130658157821016,0.40445039824141604,56.68388178464499,Developing
0.5920089231056443,0.689303403436511,0.24709109464693133,0.7736938579384907,0.6747201051662339,0.43177837816353026,0.6870553797642989,0.4883731998955403,53.984641706120556,Developing
0.7465167502035076,0.8243767680501198,0.39778430920345126,0.7572143616325582,0.11433293527723172,0.5318239351481776,0.6593312945200841,0.5042655252709517,65.02049555738854,Competitive
0.50026271636422,0.7207995258353893,0.35469082684240966,0.43975712219858254,0.6577732194879943,0.32707426581300625,0.7502280924207108,0.25124371530376965,49.013632977833744,Developing
0.42538364776419196,0.7199507982277743,0.4211800547719298,0.3995763255943835,0.26946178173904833,0.39732588283719733,0.5966851910315282,0.4360758845608316,44.31000082020148,Developing
0.595328304777609,0.513037615247803,0.3896005155042591,0.44248161961278126,0.10670379905343985,0.6005623000079762,0.7495459084825736,0.4655270849710646,52.43022655614864,Developing
0.9079796230880964,0.3453250143347812,0.28548606352212624,0.49223274800803773,0.5250924923373085,0.5858379469761565,0.39746307069591075,0.7840683270231062,58.68860331089058,Developing
0.5126970477422336,0.22988567094854506,0.3676560093620243,0.5439015067367018,0.7131630339106145,0.3718387311751798,0.7960831888128043,0.5059001393362339,46.05296618452818,Developing
0.6404147516844007,0.701529408105874,0.7092142704657857,0.43368864133451346,0.2965645872392771,0.32248953187576357,0.5675814080323193,0.3981310545700769,53.41820489123476,Developing
0.4897076326583506,0.6729857487985985,0.12398831910868462,0.295776367417412,0.12463045980168211,0.3307985073299765,0.6808898742961984,0.3369480448995241,45.14801792063672,Developing
0.6823405944851626,0.6149646212567246,0.3250291212339216,0.39822721176682924,0.4368205849480665,0.4175362413180265,0.4334047161880451,0.7118260090318929,49.57766930486292,Developing
0.8117325417024291,0.06394932034131243,0.30324488815133044,0.42353082383747725,0.16254634083909847,0.7105236713747741,0.586578619548077,0.695982793838126,52.06594399006245,Developing
0.8371212582824923,0.45048979137528833,0.5496974671364413,0.7193230381061775,0.7176873770996763,0.728991539930895,0.5096651066064027,0.5570520288258638,69.92638478657399,Competitive
0.8577862510336842,0.3260216331234439,0.7753016085730959,0.5569850915352441,0.25520947813153505,0.5273685027081059,0.5903256021340509,0.6064685035526673,67.99090842641941,Competitive
0.7608780645231148,0.5498598157763568,0.5642639149769936,0.2404445040836033,0.6259899425573819,0.5096128686017908,0.4875210326696016,0.5364672296461774,58.89583105403939,Developing
0.6127848512962859,0.3235911920923235,0.3289428430942374,0.15530958947202014,0.4139220120140692,0.3603731397693925,0.5756531578135663,0.5149586229770936,42.38539300036835,Developing
0.581712657574291,0.6174939565965779,0.1816531068435049,0.5502025822738853,0.3891036052375183,0.4304793418170203,0.7476753164624392,0.4693338191101797,50.638336570492385,Developing
0.5810189343731197,0.7322426010529495,0.19591856338518152,0.3453491243916282,0.21626113965061936,0.47650162875741514,0.9543992048684022,0.5600506432414581,46.631481234091844,Developing
0.6891613452388575,0.34254131621028994,0.6465000118462099,0.17101466460230572,0.4717713943724859,0.42127801112027974,0.7060296192911053,0.6104758044966022,46.95540072098768,Developing
0.5455844351831999,0.6406621021911449,0.1973125996365217,0.3943505667247734,0.43366198024986735,0.33247946225275166,0.9096783019390833,0.3505418621825105,47.424963970980386,Developing
0.7961078351861935,0.4002385063353114,0.14012814425383702,0.24886142289307453,0.2036247441355537,0.6981445022716972,0.6219899548084368,0.7804638571824697,54.205246282885575,Developing
0.4245612532905968,0.6499557249439799,0.14246033067591501,0.3587108483403467,0.1851942779833902,0.27999359027143444,0.8694071134968668,0.38067333594663505,40.50798815097678,Developing
0.3799669770908195,0.49261961024321554,0.34742339392511645,0.7014013003379901,0.6881585417044391,0.17123600473029568,0.7664123354381169,0.4934556243077248,45.04731203015331,Developing
0.775555549757421,0.7289016930893918,0.46722255480127617,0.7379837597433813,0.376488777731421,0.5841581777341394,0.5889271622687287,0.5446699435185707,70.16011546580066,Competitive
0.8483363682489252,0.3329611933702387,0.16311602584269408,0.4564080035965093,0.3481606066690504,0.5148821340637502,0.5203861808794854,0.4708600407428264,53.63862511425234,Developing
0.6590382740464472,0.3675674393375608,0.38784158777869215,0.28768142919216233,0.3129654132315579,0.42216540584636536,0.6209495271868777,0.5792567966664839,50.417982246060596,Developing
0.6762732792574568,0.6408652652375565,0.4406113810744526,0.598483413199012,0.15637236944027852,0.4641532485747451,0.5868626365157922,0.5175525677818889,55.444218828961745,Developing
0.8166353625185655,0.3354797317457328,0.2891650580401802,0.19708833574662235,0.3774851978196008,0.5245402377485188,0.531580428878439,0.6996940747962836,49.60068793259205,Developing
0.6859481000331941,0.48512431085352464,0.22073406463386355,0.7018688327336856,0.1722332200230144,0.5843285110570704,0.5896564624623795,0.5305946144322821,56.33887251906459,Developing
0.6496332267890715,0.6184159101912569,0.5480903305305364,0.22698728679688837,0.3886942642883433,0.5397874591119436,0.6496410917674185,0.6411458962484855,49.64859081438214,Developing
0.4204277708068566,0.49445176225487614,0.6731077991681588,0.28388330039923915,0.3750218082555203,0.33407891707196025,0.7687800066738081,0.3158757159474792,40.20832916405899,Developing
0.6725829008911499,0.6483207877283135,0.25435092982222623,0.7462862544077716,0.3793575441044435,0.43043962793094465,0.759155985046404,0.5688928492557896,62.44460018033853,Competitive
0.5231200679468556,0.19455899781314118,0.35053280188479097,0.371384344214709,0.2870140277311325,0.3114697376380582,0.8756242000748935,0.4799121993302977,43.202199081609265,Developing
0.8605022033475144,0.219229230948184,0.3098210046084198,0.3043723443852706,0.3794712002716494,0.6588183676953896,0.4434918622956165,0.7088956945904837,56.23977790699536,Developing
0.42664445243614735,0.6020927246221148,0.5299683422896669,0.6152815760592938,0.17880298413322432,0.30160595171988785,0.7835107822767383,0.41209213757583435,53.57156215766985,Developing
0.4638138104101087,0.6937038379560141,0.19981992789458466,0.4953683532356471,0.3517466326210367,0.437390109832473,0.6580499313239323,0.4134813792180853,47.99973787705994,Developing
0.5202819515948935,0.58932075482205,0.37092857160178516,0.6424053139579972,0.30463862001338815,0.3783323380406146,0.6358249603527557,0.4136128844526232,46.9856050981368,Developing
0.44400861715918083,0.44010616524329005,0.22009688142608227,0.5932683783336551,0.1617027282940939,0.32716679973069024,0.7555869053129253,0.39527251765389954,39.27743374716804,Not Ready
0.7699372064308769,0.4629926538728507,0.39460316016136426,0.5890051671798217,0.3811620225801554,0.5264532487639632,0.5359695090535038,0.6068537913035753,62.974073878863834,Competitive
0.6431663536737932,0.8224117438187447,0.4581157127500172,0.5233527401637031,0.47154195409899724,0.46030559491427697,0.5234631088975927,0.48123016725045376,58.47968926639338,Developing
0.3472740174968704,0.47693687481061536,0.250469090638537,0.34553094216330393,0.1848044918582429,0.24790472150215048,0.781829305431634,0.330484355904891,35.28324270530496,Not Ready
0.8871745151804288,0.6075083445301525,0.15105845395239106,0.15926106081346386,0.23929642242804877,0.6425422172504154,0.454892896454,0.9432755641158097,54.42133566042584,Developing
0.8178311096576523,0.44200340783543157,0.3472639898549899,0.4858506016133187,0.38001733323202563,0.5196457086066824,0.683172369297774,0.6852944905603429,57.36975048883279,Developing
0.5630853868324488,0.2755169273806105,0.38776983927075204,0.3729647674989789,0.46262649580803195,0.28558354323758617,0.6590924134431153,0.4716175428657754,44.089881062603226,Developing
0.695534783417055,0.4452180077541743,0.4137407568471625,0.5649118370929932,0.4045175743279494,0.4003922348265717,0.3855687642231034,0.4964137829569405,57.119789401182274,Developing
0.8369206818122948,0.5270604183231373,0.08360115361593917,0.3664531663475089,0.3513433013219241,0.6945864166372455,0.48371730812248914,0.6545139832575214,61.31456999120853,Competitive
0.6927810099835988,0.5428932047742631,0.3883652672339229,0.2970727040429791,0.5286008245783813,0.47108353990341556,0.4666437397196239,0.5212789792019689,54.76729446117368,Developing
0.5928579285650177,0.14845004420411148,0.22617308596280422,0.25874587927186504,0.29839848128844276,0.37134405252199876,0.6080784409346712,0.5401691014528944,41.846487103607664,Developing
0.6601711917320517,0.3751595374418587,0.454718141913199,0.3255174911963358,0.11369983911828378,0.5331215703233623,0.6405087316139525,0.5434108136411375,49.61877479950876,Developing
0.5235249515544661,0.3844079365111561,0.48994178203230776,0.8393813483959687,0.09463935570073079,0.325717173904178,0.6744563281393696,0.5753299745736374,47.17604156602147,Developing
0.7520195576314187,0.6333279484617235,0.7106123999484832,0.22260922394971044,0.5265323192269724,0.511843025066691,0.3615266427797581,0.507051668311289,60.09131141009823,Competitive
0.710020042740105,0.6055277516021803,0.10478756544700737,0.6945512986382909,0.14140356420992314,0.41984468785663015,0.37777702171783845,0.5431991174983274,53.86468425814487,Developing
0.7302583980119786,0.40985968099108294,0.23863984930798143,0.6563185429328888,0.31396813317254396,0.5651688408087234,0.5641937468216301,0.5319070211156641,51.03237105597714,Developing
0.4803520011002042,0.5855226165478035,0.42703496008613595,0.45555314000535424,0.2333883137775069,0.25730662633940976,0.8335890823551728,0.1415775604218879,41.91436283252063,Developing
0.6502870697774173,0.5785789042686863,0.45381113596621747,0.21391600398542998,0.10427292152506912,0.2968870584243832,0.5260723371873214,0.3924944015011189,50.87242003525905,Developing
0.700841020868578,0.18292770372860326,0.2770754840135018,0.30167945774986815,0.2931462984042757,0.620141210336139,0.5178725168433151,0.534822856848061,41.593268934809565,Developing
0.6919277800786849,0.26802392561954236,0.42832659722787647,0.593522469704856,0.3859827270766322,0.44422045219346373,0.5414786799469458,0.5712343963721611,48.48073441154915,Developing
0.6821402884972639,0.6239771119460267,0.2539719533759695,0.35920069197578625,0.27776518830965075,0.40882184848953385,0.6202148324770809,0.5697857203497426,51.45112843262517,Developing
0.7252527743853897,0.2911182020588033,0.21409771203381098,0.4373986517281939,0.2938290004853053,0.5069024380464093,0.7197190281420605,0.6315147906178588,57.6007449391259,Developing
0.4955690246130568,0.8201965980243265,0.2576930109594751,0.07265935891118679,0.3186302892168081,0.1851613916578731,0.7936316233943034,0.2866577583709571,41.20131200946577,Developing
0.5388275134623933,0.4248712265627619,0.3523637989159414,0.6772570009314745,0.5290151331641126,0.46135078735791024,0.7318879311776956,0.36997593665823125,50.87026184942212,Developing
0.5370355551250857,0.8693845374458824,0.3185817388396404,0.5601824789017386,0.12634132941126575,0.26450130506027875,0.6178081457536825,0.5228288513551631,50.64320683742123,Developing
0.6228019633490264,0.3863402926378658,0.417661545938787,0.2530836077208839,0.3917755987138414,0.3751328546971905,0.7550659514428562,0.6065472332140313,48.64561973074932,Developing
0.802666218704302,0.6756692718755409,0.6169598495745349,0.28341478109139834,0.19533231076662866,0.5305505320886429,0.4969317381061828,0.7401027820048091,56.375289962663906,Developing
0.5171885359185376,0.39932359363756026,0.7384733278554321,0.5624951324933517,0.6342273630813069,0.31216138842815255,0.9765539451418932,0.44010178366225794,58.458072952786004,Developing
0.6700683079118902,0.5285125217084814,0.3840271778509483,0.48107357173171456,0.1114670670660585,0.44246742436039754,0.3711676907005449,0.3787610465037632,48.08344594843888,Developing
0.5314225879912463,0.5387660335096103,0.13233245136420296,0.4072498763132382,0.11374116032291201,0.44887006762588727,0.6138815365725887,0.5541901653502256,39.659671547644265,Not Ready
0.4556698140136946,0.574645081907513,0.7303373518331696,0.566041463065786,0.24979752006158146,0.4421796698750392,0.7799101396198637,0.27668568943526717,59.31694361289088,Developing
0.652278606302706,0.6144438363249244,0.15482901315758282,0.2869039602927386,0.18531085659823818,0.6093683722912633,0.5597175402571565,0.6006067750975033,48.80237536772844,Developing
0.47772191885763343,0.40293041282780484,0.6112843906105543,0.32723157682117443,0.18753549695241997,0.2957721935838224,0.7839277714161923,0.33965916653853695,48.880125523954064,Developing
0.6340973595366096,0.5091755346481037,0.7906087313203384,0.2819649506831236,0.13181775548452979,0.4051876836154178,0.6535708710291405,0.5178892014099179,51.60522786196069,Developing
0.6969159588059678,0.5488899069534137,0.17388498029697538,0.4201461012919089,0.6723209516476789,0.41839427870270185,0.6897934591401468,0.4779183017360005,55.715144943190424,Developing
0.47249978418462707,0.47689448592232153,0.6522168022900505,0.5050374455253965,0.13254138048163316,0.2446638097113607,0.6031518757277244,0.3641256626600178,49.10321821091676,Developing
0.6254316778772627,0.42255916647769665,0.4620354989421537,0.23851994243322164,0.42693865420275495,0.36390038703920397,0.5582880500626575,0.39299709013790773,47.453143006058596,Developing
0.8600450444660515,0.7326742562124632,0.1470888851829861,0.650872014650472,0.13785981188822227,0.3875483748048326,0.3978421350656726,0.5989365587153291,59.97402689777563,Developing
0.37695674693521203,0.5951808344281717,0.3466029159615917,0.4243063537656644,0.14588415225604429,0.37604860144782415,0.6150073229620503,0.24495720881320152,37.79791222582935,Not Ready
0.5862430589774753,0.3640002627924712,0.3654890148442632,0.5876014766892279,0.646816890539722,0.23337042632487953,0.5676532053855332,0.2827729802394029,50.24045871598046,Developing
0.9087691176363792,0.27501046732924656,0.7976045792605959,0.5538441374719765,0.18675440395909698,0.7701447399980627,0.5743914048478088,0.6530668294695589,67.9188061532645,Competitive
0.6944372760448796,0.2743219129351351,0.5196335093967255,0.36627857772836153,0.5861619692072387,0.4697469165619362,0.6348107707193456,0.4146487636520728,48.29273496239315,Developing
0.834514012654667,0.6652795077778022,0.18627918310869726,0.17560414110447384,0.07355362902966278,0.487482345627741,0.5466554970443619,0.5668369127874839,56.32399710797752,Developing
0.8061632630452763,0.763512314282317,0.4488243790061021,0.4128152289257967,0.14970020158187228,0.3780260058579041,0.5786535290178854,0.5366151990150022,61.00189365888316,Competitive
0.8002868544175982,0.28031046351775857,0.14519954683672331,0.5003884261201554,0.5348484392772413,0.6093570162154682,0.5695891804698487,0.7818263199549116,55.423543277742255,Developing
0.7014696611517315,0.44069799140776855,0.25232720126922664,0.38708798055388854,0.14602189418166983,0.3229984803781538,0.6720585513629002,0.41934398445482624,43.33333176444972,Developing
0.7336381172925469,0.5079014985881156,0.36152945389728136,0.7001014052435263,0.17907419808409958,0.45025346984849385,0.35695531260080915,0.5946753003421902,61.72875223212891,Competitive
0.5371277974418908,0.4293401537807749,0.08933742647157798,0.4590523955543797,0.4586386612184377,0.46318730810539865,0.6885103291611029,0.4710879941299767,43.66707344773873,Developing
0.5953838480050904,0.5461396074910235,0.29037380055740597,0.46018492672977457,0.30554806722727074,0.3943541385191118,0.6022285367077996,0.4572276211589624,48.95304447990548,Developing
0.8433563424003786,0.4306339233696868,0.3977050359193055,0.3751512789898998,0.39595030548798377,0.5345195206144661,0.42777746424910457,0.7469996956856748,58.775217059685126,Developing
0.8543161214239402,0.35250596430882347,0.5211700969524881,0.7516241348653513,0.26289374017891065,0.5894185831873917,0.3714675727095396,0.6326865000581748,65.81137631449037,Competitive
0.6136642326084398,0.32925778215766716,0.11186806705502968,0.5301146953284335,0.3460121662694496,0.5320022975822696,0.5704513521189702,0.5055083350182726,49.44080344763329,Developing
0.6983270306712753,0.5449001220892639,0.4347415415285469,0.3503289607501036,0.5667392998982057,0.43923817411799093,0.5996059443273328,0.5502165228810435,56.74274379402709,Developing
0.5287152833102845,0.5191505240570593,0.4645760715622385,0.48598639765646845,0.2925054341774746,0.38061611982544785,0.6549347062175647,0.3718907938431196,53.28651844994039,Developing
0.7209769900134868,0.2807443080306395,0.4882211691732034,0.47650686001022424,0.311095388747243,0.579761638019898,0.6081945071372081,0.6356131651660142,56.32670093205304,Developing
0.4191769466063625,0.23260108378760241,0.25308982690954085,0.480110658329676,0.324073869791076,0.22473540129440028,0.7376878024304144,0.32843484827904,35.12881152685646,Not Ready
0.5018759123042621,0.45638569715918553,0.4008294568119699,0.6292279424995709,0.24363248999006346,0.29005978156899237,0.5632558988049484,0.38303923552686947,43.72760550240243,Developing
0.6695322508031205,0.1619272078477379,0.2251284841197542,0.17675742846135847,0.42502696440374355,0.5019383211384296,0.7523088717411979,0.4080948099337428,44.63810791775731,Developing
0.6002980895086253,0.4819539824192365,0.2656275325680425,0.5124272201746225,0.6255892624531479,0.43332033212736587,0.5200376352270287,0.4434518507256075,40.62301022546117,Developing
0.707836640373483,0.5091892947837549,0.28068222021703837,0.5518914731096564,0.2831571549718826,0.6274954820899636,0.5595379344160494,0.5502086053234077,54.88093440720029,Developing
0.6072174426477713,0.5582004397619272,0.2654241788492569,0.5752140066276359,0.3698977078504597,0.3601321962080524,0.7456367002074088,0.6257812264164945,50.915506270399874,Developing
0.23965944444475343,0.7209251447228309,0.36257337947075907,0.43309456105143485,0.017419076952075636,0.12063391443732906,0.8626484741335492,0.13767971838639803,33.00053431567365,Not Ready
0.8218153833668055,0.5356690370490362,0.6798672310428907,0.4769703089160986,0.4031095956042367,0.5450359848162833,0.6104595384578225,0.7424745980510279,65.89845079661318,Competitive
0.6220311516900081,0.5756758565445962,0.417572853337237,0.3926498502731653,0.2409745331619774,0.3142852553750865,0.632140876337123,0.4870683571193334,51.834771051950945,Developing
0.6042206740065198,0.5308921886364002,0.4690985665532775,0.4505992089727172,0.038660034755374384,0.3913838669590479,0.6832300188587879,0.38258570852497353,51.822927427864045,Developing
0.8468214347272471,0.42473052124955313,0.4942288643345712,0.824181047094416,0.3550333704126726,0.6825704855729513,0.4497219176673648,0.8056634856266345,66.88928714250805,Competitive
0.7835115556818397,0.4315669806143465,0.2545457194371689,0.5951484930497886,0.31683918519195003,0.45563688898002397,0.6117414263076305,0.6369661245027798,56.23420957904312,Developing
0.8552223003782864,0.33359354416144116,0.4123344449747719,0.4615777083738746,0.20634684267248785,0.6379101226723316,0.5140399686426352,0.6056661279340305,63.73049977285288,Competitive
0.661300591456749,0.40452294031689023,0.2762043347793713,0.307307777379462,0.20393891329571398,0.44928931000845396,0.563125504535516,0.5951921580792309,52.414503396679194,Developing
0.5424002979812924,0.44122110284117283,0.501495333732984,0.4210230917130009,0.5126934733441993,0.3128298655116514,0.6850664860994834,0.5854814221445247,47.973841316859044,Developing
0.8224372756740972,0.1265719920658418,0.5244386480189864,0.6666227988039215,0.37024760308423993,0.5337308135854443,0.4956035283174124,0.535633236246764,60.97787505651104,Competitive
0.6686862307101336,0.3860708855750693,0.3758444818495127,0.3718650381109531,0.5431728238041862,0.4219490271420251,0.5244930138017728,0.6180659435687061,48.7676408033988,Developing
0.5761656799283896,0.6789804413057801,0.5199960087732611,0.20507394183376781,0.5697317533209493,0.38615223244104296,0.7931713571418609,0.31991512224780283,52.557731867539495,Developing
0.8828405682450521,0.5695397276204018,0.5650063928539012,0.5647698527450671,0.6412011296310057,0.6089714289090671,0.3404118274806037,0.5334179577301619,64.8690444328984,Competitive
0.48130938397686374,0.24008074417721903,0.29989317822224093,0.6372196552806157,0.374430210060089,0.3564621876476881,0.7795271120179917,0.2453562392664819,43.59669655726091,Developing
0.5567879878405055,0.48459617497909874,0.6576726067968264,0.4181300122629868,0.11176451516014263,0.5295701475136705,0.7550534499150812,0.4238970446343689,50.21665660144026,Developing
0.6071897217661762,0.7008541196783373,0.2584886813089866,0.46508028142754576,0.3054781438489922,0.25389750337883776,0.6461477208857753,0.5239888928409877,50.40398980650881,Developing
0.7747619310864047,0.2975541745015386,0.5334569199736378,0.6963710866028223,0.2797831857003853,0.4481106103637342,0.6155018446023467,0.5702483889991138,58.9428313828884,Developing
0.4716792736294788,0.6301349392516046,0.5497826009667252,0.4484270062767394,0.2568186443547419,0.4094426067694131,0.7391482815003086,0.27022997824927963,46.823346664841985,Developing
0.40546641674538353,0.7850340856500087,0.3835242291694276,0.42422888082534826,0.32182704944575297,0.3736638955258325,0.8287249241811192,0.3569429774291164,48.76841538085632,Developing
0.6898117028291605,0.3251842272130501,0.3310317414037064,0.4203615229206503,0.2669605159671167,0.48897227875422605,0.6190359419830154,0.5696154080647899,54.81015616124512,Developing
0.6300689617875413,0.42084755739802515,0.24480400901612678,0.48003638784291447,0.6691351815223276,0.3677854652030495,0.5160450880873935,0.503911663357833,49.75755154870511,Developing
0.44500846541640765,0.24581427076959522,0.28508828564299543,0.6117521100883669,0.4860790161361999,0.10509572942689538,0.6247905559460346,0.44321467109744195,39.875172308077325,Not Ready
0.6666689302620546,0.2836679251322188,0.6301693157827486,0.29707439800959595,0.6037729632967249,0.49420743196788514,0.8588371144867706,0.5389600050113986,59.64713539066256,Developing
0.4314944014910685,0.5660290380366039,0.20235471526849974,0.6335522363460439,0.4099196632953107,0.412113824717976,0.7957776369427529,0.4747828985002306,43.728438725831936,Developing
0.710163429000263,0.5421907322782061,0.5609530475349577,0.6346679270275194,0.37679183932787824,0.6345749258636947,0.5981934713785245,0.3611177638115878,63.06093574065114,Competitive
0.4669265939705503,0.6643655742605126,0.6476766055842291,0.4964273291931333,0.1697193023855871,0.2742655274828701,0.7977310720714517,0.24067303306334983,50.71402809291363,Developing
0.7027450299853644,0.3278923672907452,0.704467641695465,0.5493283390071018,0.23809210814168483,0.516138785917569,0.49965847430761823,0.657311428345156,58.960730783967094,Developing
0.7559188617251482,0.39780372170807304,0.1593249849856871,0.5383336641066859,0.5214573924884643,0.5317547541922886,0.7194555079761051,0.4115901785729633,54.55956177952596,Developing
0.6534937170453181,0.849169365578057,0.22740042838866723,0.2401568695179358,0.35428288426793025,0.31455037559974797,0.5012865385460351,0.6087753800667612,51.14807543429119,Developing
0.8650446125204999,0.7126158724969511,0.27058246260935503,0.725134442689524,0.3582125162415338,0.6278021642669908,0.3904944187579543,0.8013731357505014,65.43177498683785,Competitive
0.2059678751106862,0.7188356477697576,0.49228744708606403,0.2864422497991075,0.28645413396438646,0.0,0.8749001126077052,0.1260464386611599,36.716681077296414,Not Ready
0.8106162942632175,0.5244392372394551,0.44251449936833664,0.3746441661934168,0.3025292803273118,0.5405773112372363,0.5409912912570866,0.6925056867444597,63.91075845588784,Competitive
0.6495615145681032,0.38251007792782976,0.1953246328403214,0.3808696154949601,0.5720218813541632,0.5358796928841869,0.5681164944292268,0.5118420086605936,48.98673667603587,Developing
0.7538293370950705,0.44555780913087856,0.21114662624775152,0.4865678987658955,0.392090415057409,0.6373656460008301,0.5739656718337572,0.6313567961902506,57.48603514225725,Developing
0.8282447472669777,0.9204307603251625,0.689156610887837,0.35113615127407355,0.3154195868699096,0.5665707840245212,0.5942432238029609,0.5006370111106576,71.13810047427314,Competitive
0.5997336608565674,0.43131422983785983,0.05483867372278884,0.3824771194035903,0.4734185664692357,0.6098576454346807,0.6294815941291311,0.5554093662211972,48.62959571092211,Developing
0.8816167552527262,0.3004830432277077,0.3858763506891528,0.29175403848932835,0.23417563501312172,0.5727640064092973,0.4134015480530688,0.647955859009747,54.33530354357045,Developing
0.48096193448894575,0.6246892770698653,0.08148090939330621,0.21496689431112437,0.601287405792037,0.2020114411850897,0.8081573539009318,0.2681307824979789,39.86741005265236,Not Ready
0.5962717697591026,0.2578933406344613,0.2254514442409988,0.5073617780702994,0.4949452068071938,0.5045708392004359,0.5470076049608513,0.3057231310857699,42.12526836753568,Developing
0.412484101943728,0.7030549879280855,0.3628724738887878,0.5274406738915492,0.46967986484575003,0.3044540414735489,0.6606089183198504,0.30694206097659527,45.71902585853641,Developing
0.6973587412408948,0.6109329287231129,0.7781723173617712,0.2309390617068772,0.569399679760749,0.3706453137814183,0.5779539639344788,0.5163898198776831,57.57070911536193,Developing
0.32464926404373373,0.5514698473880467,0.3191650693884697,0.7444124819844811,0.2943066147925838,0.21922307732105875,0.8309940515322618,0.22834714237926831,41.194299819666824,Developing
0.7350583857786437,0.1382254730424635,0.5247620048889234,0.3838256012617083,0.5880842531429203,0.47899169657293883,0.6110178290818561,0.54351435989469,48.109389491971676,Developing
0.9116529469241966,0.14971138125080966,0.3672857329686674,0.4750671109830809,0.3372089006622849,0.7841053807672784,0.5042902915709925,0.6141716302016051,57.49576591580971,Developing
0.7492456375026881,0.5458297479321504,0.24269328728593467,0.2125719715343959,0.5381684054779724,0.6002170904084219,0.5673379105287423,0.7537750553288205,54.099555592402595,Developing
0.6381658935341339,0.5082181086511982,0.40864017959763516,0.39598707329660143,0.418090742810137,0.37438319097435924,0.7549799192380766,0.47956727973771196,53.036682509448774,Developing
0.4206954079226868,0.6850353559279724,0.6029008599176471,0.570475069012263,0.23347749749608288,0.2972499525343591,0.9119450656850241,0.430758526737387,46.814285342131384,Developing
0.8681106933296303,0.6380874152582235,0.2555724318038761,0.7248120524992944,0.4117986153241044,0.5491051916215807,0.45917516290888993,0.603436584479063,64.38765069068486,Competitive
0.8863041605806126,0.8043462982935402,0.21409492092432658,0.6807012333802284,0.46276780816594926,0.7577278862502028,0.6869144131404646,0.9783056992604173,70.2893304235519,Competitive
0.5810677836618509,0.45598260096013227,0.5046138011387507,0.28979422158244367,0.15008553186033663,0.3496302201156765,0.6600778835866665,0.5395627036936745,48.23498996693628,Developing
0.35794612388089897,0.2673088186892905,0.40632414173505704,0.46923309119397066,0.1117608627417468,0.17304169795301885,0.6995718473972898,0.4468505290388123,35.99434978461386,Not Ready
0.6618950121494137,0.43162515779120075,0.5807678312808884,0.42945135866222534,0.43944805704686024,0.3569773270441632,0.5731298581405946,0.6500926320487703,56.602040276421654,Developing
0.6716836402103492,0.2934886976677873,0.3731129952464752,0.4839489006203333,0.6377484619786724,0.5291090823440932,0.6624458951599425,0.5843710133207357,55.7793536692058,Developing
0.6827207642788689,0.5186677187903105,0.5195461126158504,0.7906824910125853,0.5143013646994011,0.49992323904581915,0.6516949667647669,0.5759689292802184,58.667238414012914,Developing
0.7957315579513653,0.3688212465972481,0.18621551490565927,0.08245729885191944,0.5139563522416261,0.4820934275977709,0.5981251245650171,0.6077408485184874,52.13201181455932,Developing
0.43113134767488015,0.6085888094066203,0.5136670803305968,0.13753927164782093,0.23378334755705502,0.22565320446672532,0.609847365421042,0.37480774293262237,38.03048808497471,Not Ready
0.5237044636829049,0.46038288507334146,0.5213648838148558,0.5137548418940919,0.37799604564935574,0.5686179037752963,0.7427460522151264,0.3469463643067157,52.00732414056482,Developing
0.8781697917491641,0.7599166884892736,0.2478045129864622,0.12240193093587591,0.2628753087569213,0.7427513400605527,0.558965420624054,0.7597546798567772,63.00167966868888,Competitive
0.5006429580272593,0.2576109085165067,0.5008111149397697,0.364427095184587,0.18464127473092026,0.3523805748594659,0.6716815718166945,0.28263355647276056,42.16061952186701,Developing
0.49455929676013183,0.6487374283447317,0.4453735546462731,0.5445901984415016,0.5286830930389766,0.4335588959710915,0.5264777926796941,0.4304601374012808,48.3468809339392,Developing
0.45202971977199385,0.7096601070589195,0.3816806053720248,0.5106027199986384,0.2963745765822838,0.2776391157930553,0.6913541863938956,0.2977362635851668,46.3257639279043,Developing
0.7447423592405109,0.39055590546673635,0.4372971923349515,0.14691831796130897,0.6043843178586382,0.5247901403692211,0.5633283385247806,0.7113375759154021,52.89466740216911,Developing
0.5092062230394511,0.5222011763331257,0.5028245158144752,0.49084504945695645,0.1324092173525964,0.464274815470735,0.7526276652336749,0.2827481996441723,47.703762036955126,Developing
0.2570608129855813,0.48104583937135026,0.07559040824344895,0.2529918796850321,0.08512515976790755,0.18853596046858634,0.9529663802977214,0.055284507045485876,32.44303817683894,Not Ready
0.8488270312549241,0.25489600955775343,0.449393546139736,0.3512129633054897,0.45453962517854174,0.48041634680671813,0.37904575644013067,0.7049569581477168,56.91975134276971,Developing
0.5350439213308535,0.7058728304335697,0.11881326175574773,0.47849959957389593,0.10934736330938674,0.3087352202706367,0.6152664862918631,0.3055165535628658,46.86248492652245,Developing
0.6702103546312005,0.5423164256485972,0.6678800835652072,0.17029397110681913,0.23330098360322823,0.49713516999975793,0.7591928667480262,0.5475468581815168,61.86011292132345,Competitive
0.6498500753183692,0.6779031975635447,0.47117320716419936,0.33328918548237396,0.17575747201860334,0.5186380765599875,0.6027652446922542,0.6041113623202968,52.95398422681954,Developing
0.4917450429277723,0.5496566388221533,0.15920254267604791,0.6110627259026883,0.2973476720169397,0.4853225969560714,0.8619611768897939,0.39554004574140356,43.24274394355673,Developing
0.8255476106946372,0.6113596148581103,0.6079566767152438,0.5711449765266334,0.4096426585518736,0.4872989075470131,0.43634493311077727,0.5593359321683388,68.92751418693734,Competitive
0.8366173634148736,0.3526765451943713,0.3899286100414727,0.5942832894958774,0.38993389762966546,0.6308870124290464,0.486189184254216,0.5949856158265487,56.2713163773338,Developing
0.5301264559455896,0.6732806446784012,0.2514145690705523,0.2940763159752683,0.5755602557404349,0.2780717717436234,0.7561343513225982,0.49787188997211224,44.43075742836086,Developing
0.6179540447621612,0.28014588025381076,0.34179790605858523,0.6120144350134962,0.1516921824196864,0.32507224283933545,0.8107748523660783,0.5190774844116833,49.320970617024955,Developing
0.6079972439105384,0.854525719293108,0.3680372101527297,0.3024742180648471,0.30805646231763134,0.44724488626999076,0.5029305835461535,0.44438982674476313,51.51998134894681,Developing
0.6384776097895787,0.4253731666867814,0.10011560989656793,0.6523563782384689,0.23798386782754513,0.3322897071655437,0.6979230076571834,0.5859579393136312,48.531933540457814,Developing
0.6154855549551547,0.21662900101931123,0.5027122278900575,0.18324350939537848,0.6171735259452321,0.4155472995153019,0.7185455695248546,0.36179343814251896,48.328078794838326,Developing
0.5884635501832044,0.33489035499613123,0.11641173365953102,0.6578080307130557,0.17442395157344592,0.38532430217224045,0.8427682954780857,0.5608733365585755,40.055009930766516,Developing
0.6579353961351838,0.6841278265093388,0.17390209798358588,0.43651747975415023,0.20774213619518161,0.3829216089375777,0.6310028953104408,0.6000368013527807,56.362349611929965,Developing
0.7797432979766736,0.6551585713340567,0.24379027736495026,0.5726410259720008,0.16676459917086606,0.6229568397718516,0.539540188495859,0.5250106959080107,65.84075617264094,Competitive
0.6533608892401669,0.7210374364448582,0.26884162248391597,0.7002127160763352,0.18462359040119886,0.42011542397006096,0.8341331222442815,0.5383301779457551,56.379109185259715,Developing
0.884510804282151,0.6488830280580216,0.5277029754352363,0.3609358347152607,0.4434914886338123,0.5874214306711355,0.3795199827915253,0.6611294296437225,67.93466750799087,Competitive
0.5335004680809236,0.5118191134643802,0.2253455727317049,0.5368659457384596,0.2845710106797231,0.2875794493852595,0.6529615777493097,0.5394903299891696,52.7575175609033,Developing
0.77901724847854,0.47119336373718346,0.7565349279925871,0.5335369059550801,0.1763283305162208,0.7640160368187786,0.6317611818349688,0.8068532939756258,67.69799578676778,Competitive
0.6240902155122593,0.644074047388043,0.2490009352110941,0.2895489421091571,0.26843635093617607,0.37117611967625314,0.6133007009083051,0.3352578348075456,44.012615128882096,Developing
0.6012396364900443,0.31240462941752073,0.34467682919137327,0.4697153730773117,0.12021860283977075,0.35874739636932723,0.4427536070677364,0.4997736076659418,45.48403354075862,Developing
0.7245851699783591,0.6977061866619163,0.4703566744637415,0.6452344962426806,0.3045089797817234,0.5408819067521277,0.5432785313221707,0.5543974261239342,58.911443442487666,Developing
0.7393303704933292,0.648278396941564,0.42069470851677776,0.31058452520567326,0.7225057032389816,0.5372975485086818,0.719648211115266,0.5032070056229956,59.71978474435703,Developing
0.7879591284580525,0.6178505946443495,0.29212004589721474,0.3747704136866179,0.17234714490276395,0.4578428834450321,0.6003222972288287,0.5339996729984582,59.82336915706249,Developing
0.7202579939523802,0.4095677770116315,0.2923926705496325,0.28275378584764815,0.24414295273307968,0.22555723240920922,0.6142909571909908,0.547397280073497,51.77115221675112,Developing
0.7757668272231535,0.47197848619980487,0.2841758096894699,0.41953291758964867,0.2736703535705639,0.6034112250859603,0.5478523411519131,0.5472004274974803,51.4942381432126,Developing
0.7453099642177653,0.45925205714785955,0.3834790026021565,0.5290781562109002,0.6538102866099679,0.4341187118878723,0.5249035990409657,0.6987218978854497,59.46343968882146,Developing
0.8765037023481167,0.20937366802639715,0.40031832157258346,0.5981271666899605,0.41408701356329136,0.6654406807033113,0.34771972850423705,0.7770760366423889,59.337412626389,Developing
0.7157274213694736,0.6911296582892711,0.34283791535257035,0.5601309203910865,0.062225179954645875,0.5025930159024412,0.5029254527119811,0.5418183357527968,54.007326982048966,Developing
0.7047447790564437,0.2924148825197111,0.08051153308527058,0.5628533299931417,0.5305230813580513,0.5236803327273457,0.5471912649668506,0.5768748096977946,50.205178034194795,Developing
0.5644564553299274,0.369037622172051,0.35653613430439496,0.42861834789927045,0.4403519456703634,0.37247083992755814,0.3781241709511844,0.41153958697636084,46.444608814808255,Developing
0.5623807975071468,0.7309644842492959,0.3183017344440262,0.22757708209645108,0.16211389559100814,0.465650775597997,0.7766923848054914,0.41244447931704975,52.94084035574643,Developing
0.45031230887376794,0.7454617454340285,0.42380647161381424,0.6046146081566547,0.5285222847618628,0.17798875955271126,0.7883062612390055,0.29599991117447855,50.831831264826064,Developing
0.6482442475247842,0.6700402456585736,0.4940824205643004,0.22776122557215278,0.13479945524819176,0.39262058846294146,0.589670703803171,0.3696820775953076,51.18721161760475,Developing
0.35052508188746584,0.24906230424367168,0.4520505462502565,0.4684495187176839,0.34368868675404834,0.10307151690622943,0.7036962057992446,0.3317727179845532,34.90344391204292,Not Ready
0.30095646742873156,0.49052386362231404,0.41424897149828105,0.2689894899758333,0.12440858935644265,0.12562349501242293,0.7763809144314016,0.10316337815614429,37.34643853834662,Not Ready
0.41816775864902417,0.5869668179450942,0.34768127138367005,0.3367834221223759,0.13606187065380843,0.18848650667003303,0.8117965842285825,0.33688310087714174,39.12475437265855,Not Ready
0.8457370065058567,0.44757719771786153,0.21033708106096857,0.5897069435800708,0.2485393535984498,0.6253836621586293,0.4881098320412619,0.6207444382802668,57.31813786455121,Developing
0.8093877598654046,0.3501399727205385,0.1873940584921801,0.4973966716760527,0.14537737424681674,0.35621744486270807,0.6059975895900145,0.794760719986934,52.680910983110444,Developing
0.756462791337916,0.5045033404362029,0.4521574815389512,0.37137059400060235,0.27218926788188474,0.5562304467818948,0.5500312002920784,0.6661981990324811,57.48704171511367,Developing
0.40103622672279143,0.6646141638790243,0.16909550853171204,0.4600895541019514,0.5356256866068958,0.42862548991099403,0.831278456837059,0.2609573741931803,42.5460943282325,Developing
0.5223573321916173,0.3697128867005932,0.24639983304625102,0.3777494740701992,0.3401705476287558,0.44083012308291125,0.6652357628320218,0.4299566343607309,46.567386404628934,Developing
0.8035152203653881,0.44271294909012876,0.30036070471706483,0.1849957831039979,0.309301202854231,0.43976743507781135,0.20234383480882434,0.4817632547069456,51.46754511745193,Developing
0.6999729823313351,0.8359970507354949,0.20607427429766836,0.29804869271660456,0.3901818958215642,0.5360950968915648,0.7358797809330058,0.5060122431437096,61.657051731170995,Competitive
0.7673785611825775,0.3581358900321662,0.28157959572567204,0.22195168054137326,0.3871540013421076,0.6398510744404612,0.576618209494131,0.5417030817715772,57.43991473131258,Developing
0.7706765197271459,0.47894293790330345,0.5434195045821728,0.3595622942474838,0.5786429378681147,0.5159701487341454,0.5141994481353106,0.7217184310621572,61.86586450015924,Competitive
0.5357284816647916,0.8454382273786725,0.20153257201239616,0.568160542406657,0.29523525949032553,0.513948580356681,0.7541503866820614,0.3415723211462376,51.6214200533943,Developing
0.7772637832045906,0.6187224979582197,0.14468569792509706,0.2832843440457944,0.47576932589032617,0.5627509380969495,0.5701716083368322,0.5904285239027303,51.19327242963863,Developing
0.8481382357356977,0.6935112686603481,0.08183221926080875,0.4877890635281559,0.21004458460960015,0.6631088138054789,0.5969237067528457,0.7604269512935959,58.81072922955981,Developing
0.8740869883855429,0.44389840385816715,0.6320644124251451,0.6024566270755117,0.4179102439603713,0.5506536881898962,0.4087578211099838,0.6519178699533602,70.18048553306019,Competitive
0.5818058397447322,0.5608956844064059,0.16333335431225562,0.1017777839923585,0.3388626909213708,0.44048875493841744,0.5030204037707589,0.48081684618303216,42.221051175013685,Developing
0.498412195761234,0.7866555671691433,0.39997688554115185,0.6848826707727992,0.6150202807938412,0.3194251435816625,0.6631419728855573,0.4848649261388176,51.88964628737704,Developing
0.7579972914293743,0.6634448418200869,0.5197732847902382,0.4505408975677799,0.42743905965813445,0.5386753335234438,0.4672558110632823,0.5832179569567487,65.0493199876846,Competitive
0.885667604834311,0.5843481956341781,0.2895917423195467,0.7500399056670259,0.5485997164674502,0.6705306807471009,0.401060923553145,0.6457695268444907,66.7214895412148,Competitive
0.513230052186209,0.4329852020409219,0.2735549215268838,0.2763087808920037,0.22585331943406015,0.27368236965161613,0.7370516713418368,0.48459369874617225,41.21298612169956,Developing
0.7354356961270561,0.47987845213880437,0.5427425874391744,0.2611694805750386,0.4174448907001626,0.5104693596476723,0.4812710701731538,0.5927013899047281,58.6167069727645,Developing
0.6394833356204453,0.6294455322703431,0.4711275370441665,0.5659152086673297,0.2958792944129849,0.6519950572470651,0.6745307767879059,0.49393710949160446,54.86810392655212,Developing
0.8216906290398752,0.4866032212299246,0.5379357055449601,0.07854651935189892,0.10999371901668681,0.6795319929304113,0.5711248860722272,0.6720262114683987,57.39968196267186,Developing
0.5597333748140529,0.3911999210804521,0.34520228216203397,0.6414553321258167,0.46266056006186285,0.44332525345692986,0.8497032196074635,0.43005554445746536,53.85738441883458,Developing
0.8196789341354417,0.6569791116130773,0.5126265014244785,0.34449995777177,0.3595344085996331,0.5897300508489725,0.5106639777333231,0.4205898548108792,63.23630816430463,Competitive
0.8237785030642645,0.7050455754146708,0.5480359605762704,0.34652572377311763,0.22616086726316348,0.6721471486986225,0.387597713742825,0.5816898987337638,65.96959755732173,Competitive
0.5798218741932682,0.5258409054829152,0.3042787899441497,0.4444841811970642,0.45673237229484925,0.35442963789331366,0.6846007210615277,0.4949942363231511,52.88420693079507,Developing
0.34218978784776943,0.37748763478978997,0.5410691762027181,0.5381171515447948,0.5310040752956499,0.3082398529008792,0.8821048235665061,0.11388315681536582,44.937601726605074,Developing
0.7291903566567904,0.6853216220525978,0.29285826784428265,0.5604719579217494,0.23760235664815113,0.40563685881693357,0.47371274542952335,0.5716329373707238,55.22116282216714,Developing
0.5940727164313881,0.527848355654108,0.2919396762032266,0.5105078066827448,0.5936576233986797,0.35224300992967084,0.5543205166927534,0.6077570073671905,50.80198618067121,Developing
0.3692156203698579,0.3392944934722024,0.6468142225758388,0.5250812796971921,0.3307164990652893,0.22408044934553698,0.8154902702337835,0.308128906164831,37.01056766020461,Not Ready
0.8293320203168203,0.8234617914765571,0.35683428921935484,0.6839916610499005,0.5830662308913884,0.7273450603986125,0.5066897876870491,0.573584019593636,73.93961412506775,Competitive
0.6318784579398719,0.6163673656102864,0.24094998668860768,0.36900531207338594,0.594745543245989,0.5856533900924831,0.7027473014907551,0.5249106799906205,55.00711789910471,Developing
0.8352637373051688,0.36209368292479055,0.28648552581152903,0.6688655399515654,0.34896533752590136,0.618339446830277,0.591577403649789,0.4636253653488177,56.0295975238514,Developing
0.7231756035449487,0.29953733017166473,0.3376382388898468,0.2568196893152587,0.3873481918998446,0.46055735397456066,0.5434743229015426,0.5701508313282841,44.80871509718115,Developing
0.805716157219835,0.4067020786511817,0.20231102121675007,0.7136430881738242,0.6241171423672892,0.5205328334874203,0.35895893497656195,0.8179308753786547,57.276517830820325,Developing
0.2612479750116817,0.5918351253445419,0.03507057831567125,0.530779615487956,0.28066567531258985,0.29878583651374485,0.7332860962900246,0.26310073966802516,32.832074338943876,Not Ready
0.6519610813939609,0.42623258333594227,0.09627738849620533,0.7923047070654267,0.2721515672604434,0.45439220766259564,0.7647418117815683,0.5105391199809985,51.06955697460963,Developing
0.9063599986577765,0.6216568740846529,0.5386995347674441,0.33943278636954394,0.30537963700277065,0.6953385606385474,0.3586220154625742,0.7365408438372028,62.32048863008086,Competitive
0.5341663310221206,0.5514023262554011,0.6018784326334513,0.08205662811563591,0.0935820794691072,0.42142475368840226,0.6941905278097231,0.5537752728089227,45.22302893959439,Developing
0.6749798097197341,0.3869964194252692,0.2743960045412937,0.4191739379258226,0.11740021094722396,0.6810889259851043,0.5716566654524721,0.4353167630631487,51.052070883696786,Developing
0.5216808702603234,0.4283521854863524,0.4185002258716653,0.7537117159114508,0.26665713830542204,0.3041608518290927,0.8254548886492447,0.403911289298367,56.65306460135169,Developing
0.8783987371831019,0.40640732207208435,0.7487939120522363,0.701735462645133,0.5044645689115377,0.6408889232241489,0.5612525604146652,0.7722434593388592,71.74303068059254,Competitive
0.5682500256359724,0.44590191821581315,0.5916707732570702,0.5057777018071359,0.632368067293908,0.297870861846793,0.42160677031918614,0.23696530941071292,51.217554638922635,Developing
0.6300614239147702,0.33236247496608456,0.40289672704743357,0.479101742700954,0.22534907837794352,0.4184087872765595,0.5364582607502857,0.5697149083524267,44.86861820878489,Developing
0.7120782175130026,0.3612917292394617,0.31588126203993405,0.4353837421930302,0.41443118363779485,0.5279116248822976,0.6332518008742809,0.5465611377688997,52.692364850474,Developing
0.6849932605510193,0.35159953983411546,0.34731950641788245,0.2941725549755422,0.19919871236397804,0.5468604780322811,0.6557424476532707,0.5411228755416332,45.82700903649281,Developing
0.4600038648953333,0.5304735451599146,0.32526947000523215,0.19936165489835395,0.09957105320225171,0.21227465357854278,0.8060307326411076,0.35223039687493124,38.95390164767042,Not Ready
0.6710914528383296,0.49027856666966396,0.5994514057861984,0.47192026990806746,0.2970010155649131,0.5268658291840884,0.4781141381598511,0.7016912959515114,62.63555332951214,Competitive
0.32487766957410064,0.7059435452325893,0.18920662810936892,0.3400104720808746,0.30155208586063237,0.1291032567205312,0.8366211380459044,0.23721854836763914,34.3666841520295,Not Ready
0.8385020944229126,0.6950352016609292,0.3152290684524852,0.3474575381000791,0.33974418668394196,0.5469190515750721,0.5866810711356228,0.7770687527009207,62.51708375050868,Competitive
0.9149119934904892,0.5215571602147879,0.28808121248938645,0.24767672378294972,0.07385065701563948,0.6800898326022616,0.4412163384072226,0.6763071978724511,56.5501748032594,Developing
0.5962504820575792,0.587541392924714,0.2211933136055096,0.357402985355111,0.040782612540855814,0.2570126332110635,0.6782748988990158,0.34068135518369125,46.0788112876079,Developing
0.8489140312496816,0.6425423785541381,0.6395709300071103,0.4705197900092942,0.3675643719816017,0.5550455882091427,0.49445954422303107,0.7738725418003385,66.59454163902781,Competitive
0.8007331741099121,0.29691170125594857,0.4131741064052899,0.291208819450592,0.35104515396598374,0.5963874620288075,0.595345988349292,0.6505489923731613,50.60007848040233,Developing
0.684859957982511,0.5403798047234329,0.5891453618425824,0.5288640843922267,0.39186420202386135,0.4632646182511721,0.5541333392823531,0.47301953448488754,57.68275426085687,Developing
0.7712503719274539,0.5483676976526183,0.4897628857759585,0.44890621212786597,0.6207268151350209,0.523576672295403,0.5357265344478548,0.48042984612070216,66.09861679168289,Competitive
0.36303461254064023,0.6585663439867296,0.525431347746322,0.5397284640236948,0.2901675685262249,0.35054386364127865,0.7843628866996382,0.4990348538929615,48.75027438560901,Developing
0.4945780669988247,0.4758132119388713,0.40122397936858184,0.5376732883378966,0.3463477245404638,0.24557658639361257,0.8387058239500117,0.3778755466673712,46.83843241653833,Developing
0.7434846393302267,0.6737037287019307,0.2539799265774611,0.7002132150634099,0.4633930094728189,0.40980674556683716,0.4594068454535534,0.6386273380539421,57.27913107797157,Developing
0.38586309951587405,0.3694407668509922,0.4507824774881303,0.45618259800620026,0.4418834712166817,0.16708475391381566,0.7764066324375946,0.23767534731325396,38.08651392268884,Not Ready
0.5003080743177462,0.7932652940279689,0.13798830795798483,0.3712537321876501,0.44909148875284405,0.44105182068569493,0.5861433016454614,0.4133340378016531,51.44498072586047,Developing
0.5147918085400219,0.6031628524409082,0.46086423282878414,0.6295516999403903,0.3590353268468786,0.3138957050631459,0.5972790314360956,0.5586194229869992,50.362341814136975,Developing
0.7509779451754736,0.6824850988543901,0.4209994484524369,0.3806553740214279,0.43334966944233794,0.6330493432826477,0.6140309369271991,0.5788026481029173,61.994799121484355,Competitive
0.7798878561436594,0.2915634087199339,0.23160627135282516,0.3956545850716904,0.21865064032162843,0.618928035772269,0.5820237775614914,0.6090032321380907,53.776506629708564,Developing
0.7490495594926143,0.604746227164024,0.20145807061226667,0.5279373214922806,0.5099158535755155,0.597363167397612,0.5272760624364514,0.7658424563984606,55.05599911951481,Developing
0.25533247706711726,0.7521106708355929,0.32832057900593326,0.0764710618962799,0.09965822186529666,0.11474982257077891,0.7266906699182295,0.010751185209502051,24.224435859362803,Not Ready
0.6008657788992451,0.39486658443541023,0.5777036491560407,0.48005630367884644,0.46291601693856504,0.36147777858747066,0.7636198183119525,0.395473660686051,48.70609652058016,Developing
0.6108320647994766,0.5860752272941364,0.425253813105755,0.7224738824756191,0.31162764677513294,0.6873706351055029,0.5665118852723344,0.4771520138218153,53.06696048248655,Developing
0.9161225893477268,0.5009478050252918,0.5242920186828418,0.4597259484660765,0.29350646267644037,0.7688432656928768,0.5924319349018253,0.6932198503531173,71.72525377267092,Competitive
0.6806570074718019,0.4795071319288178,0.06552802473021808,0.7183948518406758,0.11803093074316108,0.6449635373625622,0.6893584946014246,0.5846104754583527,49.68533588202075,Developing
0.701539354255844,0.5075342154362088,0.48097417936857756,0.38940509675642887,0.3274487978144383,0.3127369483457735,0.6451080347455782,0.5604449952755604,52.274062962270676,Developing
0.6045605633811337,0.30781744227223545,0.49069629907387036,0.32422086511271697,0.19409807944510507,0.41461427691836616,0.7690935627198188,0.42927259509217847,49.056873979394744,Developing
0.8243492086543869,0.5810188121769846,0.6105896011661023,0.4016497711090596,0.2451309319031184,0.6737910613691694,0.64327642879791,0.746824173667116,63.84286087345284,Competitive
0.7269648025855351,0.36059474143058323,0.07536470792142687,0.39938719077087026,0.22619291833221425,0.612908718754145,0.4622121970840241,0.516166748042093,50.79917213795869,Developing
0.6214106175050276,0.6260875963769947,0.30626786177931065,0.37704010350903344,0.5110773365448109,0.5396408616069576,0.4527576384736642,0.5605625341675274,59.34839488394153,Developing
0.7339021561793491,0.6626122116819125,0.3091089992289447,0.622682571034585,0.48636423726651057,0.581655504121818,0.4015320973269244,0.5372805753066887,63.19654381545354,Competitive
0.6782806945312251,0.46687867836001135,0.4384721625413378,0.47331826037160346,0.13122423772046315,0.5171674307112196,0.6353345858915969,0.5523919049395783,56.284944421407346,Developing
0.843463298420655,0.6166030064527981,0.659837592373512,0.5750435722701074,0.15949518132029752,0.6437843870900047,0.35551409390823796,0.8226219503982608,65.63042189663982,Competitive
0.7543130444807814,0.8341388636083905,0.596278212953135,0.7143849279909349,0.34769680532221525,0.6082814468099002,0.45774768302605734,0.5614971511046202,67.25789177815352,Competitive
0.5379003660886977,0.5325714086339562,0.6208561987097344,0.1897774361037928,0.5114019009069622,0.34804039558716376,0.743247928067922,0.530520783351758,50.78248819948662,Developing
0.7442879171203663,0.47515650609121024,0.4710233419348799,0.5646056059236628,0.18751788253355628,0.6498302569697524,0.5625988085802837,0.5019996910779211,62.41233975184226,Competitive
0.5315115288591571,0.40712498157849003,0.3630323062707862,0.336634091121065,0.0806425191503995,0.46921368334831437,0.5766714011495067,0.3726505146936604,43.508317243060475,Developing
0.5945914694287104,0.5371517569043311,0.5253265518553578,0.2609377412867507,0.21672604011953372,0.41568514005490903,0.6603427474201925,0.4544744304835283,49.52541420226799,Developing
0.7911763316547334,0.29365843996953156,0.23972416424152718,0.2474921655666982,0.2558431692515943,0.5673021970582751,0.5670195041240775,0.6154909095820513,55.61098130624346,Developing
0.6927469231221574,0.5458245117906743,0.41759604894813923,0.6027076522551,0.3117066864031639,0.4649713835696829,0.6886044769388623,0.6420480411652119,60.72404572931761,Competitive
0.5924362137210936,0.4588881057906492,0.3194287283249141,0.39343334745736064,0.3334946429421105,0.3255846438514444,0.5882059927579821,0.5335158692594526,42.28264756784723,Developing
0.44885125623935873,0.3605432848767138,0.41728992706482076,0.5449145811897165,0.113226313112966,0.357679551122297,0.6941993102999701,0.5108000748479011,44.87975426496145,Developing
0.680351678513626,0.3208662334026627,0.08409262064910124,0.4870812906161325,0.3511904096284415,0.6360663981462209,0.5862746225459741,0.5878184677634979,47.304570077306494,Developing
0.56242870245416,0.38121748288084906,0.2793305396319342,0.22785366611396338,0.3932194566200314,0.33573280981225595,0.6543264917022148,0.648354684930037,52.001594650342895,Developing
0.5925538035815268,0.3093761001966953,0.1935218565654252,0.29036092520399936,0.12474697874265586,0.5090468515771419,0.8168225194802026,0.5826371757671991,43.46668569241085,Developing
0.8371617828332076,0.642998335303969,0.6945458912937708,0.4162946940043537,0.18489592957864648,0.6967474013783489,0.3896526046763744,0.6839526987890618,67.8542045392252,Competitive
0.402070744711348,0.21575863282962426,0.21772751127529702,0.4798584142913404,0.2092085141513634,0.32551397725084913,0.784229993423674,0.4541422877033988,39.045012298186705,Not Ready
0.5277182810129757,0.2670471025508894,0.5232824898706144,0.3289621178104008,0.34422343395805977,0.3147781272977942,0.6840247521457185,0.4506142104400684,48.53550697462838,Developing
0.8297271075306893,0.676604398891732,0.20650836069816436,0.6936310735578337,0.7035558311435719,0.6110225445919731,0.3715754027964592,0.7079502502197507,66.10728814492985,Competitive
0.5263277168687784,0.35823156312662446,0.49741287042129795,0.5882602231323348,0.4309585962849707,0.25650464677356355,0.771089423820319,0.416111531526497,49.62140206645498,Developing
0.45757462746013616,0.6908886693185207,0.49064160838244464,0.3340665293341254,0.4224642085666697,0.2280017255943061,0.745569134625472,0.34955043464648156,50.216866337119626,Developing
0.5445836031959181,0.24991009420881366,0.43776749276145677,0.38466058809403086,0.5703000073061729,0.4548105918548072,0.671320439237325,0.3759938666943239,46.068833631268156,Developing
0.7968973768493206,0.734714485097042,0.1680493725093988,0.5200748317467001,0.2005940918409911,0.6014146133172171,0.43143638467652345,0.5816441549989072,58.43934440009907,Developing
0.6535220686468055,0.4931476070600243,0.2648092087970166,0.34911125559438244,0.4897701857071533,0.33502558930696164,0.6287104727705778,0.43429486897425296,51.32846963878295,Developing
0.5292294629397153,0.6231867095991172,0.20203490460026302,0.6681634584099341,0.42548027237090646,0.2121261463920255,0.4710829500874093,0.42313615516314856,48.5199897045205,Developing
0.6817999779445543,0.412320077139522,0.08311687690635204,0.15800478266474055,0.49135663651706535,0.6271322365165832,0.7851486666153401,0.43978131927107,48.2006593326255,Developing
0.8229217254879561,0.3244380756774228,0.4711273210859775,0.28152015839413613,0.13411536396677312,0.5968308336319812,0.5232190804922163,0.6621135212692321,57.86334203868437,Developing
0.5606160534091194,0.5057652048638794,0.6551902714974851,0.2520942540321335,0.22826497082543892,0.35240771766147827,0.6712203759406568,0.42675376389591163,53.6311902235965,Developing
0.4907505534056615,0.6447909275376311,0.8452227288021634,0.28577026094975,0.3418670597675198,0.29550269981993255,0.5987022455470861,0.26835556681447403,50.823780719450966,Developing
0.71459386150482,0.3553259843008582,0.6092943615359164,0.29106252466705734,0.2516763043936115,0.5583289527828745,0.5776272763492019,0.6531967659722734,50.52027024964668,Developing
0.5849133763168691,0.22314861413911882,0.4397831115186617,0.47827087904305754,0.37113712596200377,0.42461095211348193,0.5779257766701703,0.48793730119993844,45.352329283380044,Developing
0.4792162639501429,0.46941082794230904,0.21627221157345633,0.36810269515402305,0.2695976271835515,0.3456038710641964,0.789782998732073,0.3623665738842945,43.72811526717054,Developing
0.5364375087484012,0.35654664885707343,0.4055383330897329,0.5746667755023271,0.320193933055618,0.17191627894018463,0.6529084688506651,0.35412264107135916,43.89979527363008,Developing
0.4816616800310666,0.5927293518667762,0.6013469852739396,0.4397669715633018,0.3163348949248929,0.49826379522269026,0.523969409756937,0.3806223059786273,49.834631449852026,Developing
0.7209215083474328,0.5771961436834068,0.3920976615973749,0.5369775043268413,0.270247305183143,0.6410893259159836,0.6800835021587345,0.616381049351204,57.60457264818892,Developing
0.6653509485425109,0.2919707635196071,0.18721752500058314,0.5752188415126084,0.08071018031472373,0.4887463503199167,0.68250820303476,0.5357673350363631,49.05839868541802,Developing
0.8533974211530702,0.6843063614419025,0.5574569525059836,0.4199122296687111,0.39126558002640477,0.7084281710816622,0.4335383839337584,0.7078732405823781,69.63899993856995,Competitive
0.7899479445999497,0.5998973082931203,0.31952333168625385,0.2344856653258582,0.3522628541107913,0.7545179992148627,0.35840049434863397,0.7680633682157361,58.00159504610028,Developing
0.4854997730964733,0.6048194415149436,0.16551634525153666,0.4940280355408761,0.19863523033469752,0.30388779058430354,0.6851447074937118,0.24471688962425364,44.00673057493519,Developing
0.427491720835805,0.5765039839651976,0.2145809166519409,0.26789617741376787,0.08855077098481111,0.29208033296631547,0.7168030720697092,0.0890829159958158,41.313550920074434,Developing
0.4425286096099131,0.5843687622613706,0.17783977575270735,0.5920856686516953,0.5355072904712729,0.31383064422133106,0.7850059165672034,0.28656834206184034,41.821287542880164,Developing
0.5645098707153556,0.7037457510269457,0.297177790856317,0.3035915850097914,0.6299227881282438,0.2772727328228532,0.7186530736533813,0.2623183504380085,48.11382552661967,Developing
0.7802377133340346,0.7569327842471767,0.4284935522815024,0.5144314816561437,0.4204768027242801,0.4384587573526668,0.547180681704662,0.5713654600040537,62.65350190580542,Competitive
0.9012886585307637,0.5687358821131867,0.3902354827024731,0.214295361916962,0.4606112562400715,0.6798768052793355,0.4041917541006961,0.6721564353320719,61.98505886330083,Competitive
0.6544433546293301,0.5897490574140254,0.26285410514437024,0.620245017490218,0.4840529117758489,0.48440404160439576,0.8303528205572794,0.7886890188220987,56.16745583540781,Developing
0.4691920334443503,0.5131227160712057,0.3483595689637998,0.512823575974191,0.48875288022292973,0.5284794056887794,0.5820645079481613,0.3799649875430782,48.726397981653456,Developing
0.7352673757725349,0.30458954163863855,0.1335211925181647,0.23679013739984933,0.32214976274204243,0.5472785884423433,0.3724372370802354,0.35700218971757725,45.1383015752443,Developing
0.7613281775147771,0.5979139205628887,0.20899450695510274,0.4399330609728259,0.5306738250601514,0.7367107420796926,0.47498320900943924,0.5077053925168766,61.47765062462518,Competitive
0.8376440089960725,0.5776912850946915,0.4267275521047272,0.4356319852021754,0.30559619124486825,0.40747460704087957,0.6399426761951835,0.7728251123187073,61.59142015103597,Competitive
0.6118822783129808,0.54831781657699,0.38081038010985274,0.642918002621209,0.1280682629020945,0.3588429292069343,0.7478971507279071,0.5771917621174827,50.596299205783225,Developing
0.25075670559157703,0.7023961093607715,0.3053111274850767,0.44633638839707296,0.4167370336669908,0.18943591698835893,0.8132457283866019,0.21067156933653663,38.2947041434496,Not Ready
0.24628284432727326,0.26442132398865725,0.21721258194412746,0.6611962486825894,0.2375565144463948,0.28661519359140564,0.7458352686324494,0.1783784195505096,36.43301999231201,Not Ready
0.478460833285005,0.6538305091226354,0.11559136468104593,0.38811156013759257,0.2539470640675724,0.3049862185685969,0.6709960036957405,0.4583155252306442,42.879673024964255,Developing
0.5745445804626118,0.3161746116827321,0.22204235854126303,0.6704726891427775,0.3433272958870441,0.48374338623676616,0.7024646714659831,0.6201124101639451,49.23314812324687,Developing
0.7986320358465542,0.5969266280507722,0.3538614621251941,0.504872550198477,0.4661267666604097,0.6931017790665706,0.5346846406795033,0.4178757130319447,65.46399810542485,Competitive
0.5027995223892553,0.2338708405082849,0.028469479649349205,0.5440957353957602,0.5164977531721185,0.49048474973152,0.607521665288204,0.31978918674796747,36.2670125578389,Not Ready
0.8070230752553833,0.5850803513327083,0.24554284132035112,0.17862135437458654,0.3772856532177798,0.7702776910717896,0.751239427038115,0.576196665277603,60.069553380710325,Competitive
0.7034001049905987,0.8715559687055754,0.2744003972133547,0.3468471810700263,0.42411118567033207,0.3436600211878228,0.5685685623675747,0.5232911901271228,55.60782901859817,Developing
0.5391821420332139,0.4265307588964706,0.39893429898919186,0.36081389646973916,0.20332633184434754,0.3368317303001969,0.6650823210422644,0.5127508284415564,41.532952929201585,Developing
0.7273377104441142,0.5144095692341162,0.5816999480268749,0.2656607368532358,0.32967848519115567,0.7248689401343976,0.6820316451949242,0.44456356810225744,59.048141490958834,Developing
0.690389135852772,0.6166605546429699,0.48271608287685985,0.410881216976351,0.3556410629957561,0.40599600475619574,0.4667461394657736,0.39007556503843754,55.55011546126736,Developing
0.7879319459551154,0.5535438474253875,0.3562205242824158,0.444238379050945,0.46843871181347624,0.49148298186903144,0.5649482898916508,0.542590722472181,53.18671516499104,Developing
0.6676865459595845,0.3375487816396089,0.2610629292965743,0.5953069143173962,0.20103456222058452,0.4655083203934237,0.5393113075606251,0.5120265246524122,43.06334908219298,Developing
0.7162551066386984,0.5417017220569466,0.42737847049812844,0.49098638222977037,0.5248552974717974,0.6653316260578133,0.5721511825241481,0.628941563696008,57.81361131783877,Developing
0.36540349926139826,0.48911294562938146,0.22341515346092758,0.5268324019658821,0.11586512339937541,0.16014776780536927,0.8676645089111517,0.2969713505558452,38.150962240166336,Not Ready
0.7684673310180069,0.6266636422030901,0.2503379876952762,0.5658813758570787,0.4355210635059167,0.4098590521860971,0.4619517014182259,0.7452182907057251,57.84307879402603,Developing
0.6579523688598701,0.6733160887114412,0.2738647597487949,0.4620852992107292,0.35940954672608505,0.39713807595522277,0.4386411985872776,0.781225349441317,58.674552631994274,Developing
0.7536554841735243,0.6249690699569606,0.28559928150018854,0.25524964295862007,0.304801928681085,0.6603566536123261,0.6913555597514403,0.6279827673050022,57.166820115087354,Developing
0.5141659505514106,0.6996982473750736,0.3972235122882567,0.256785161043,0.18112667685770573,0.39628521534442196,0.6888958834784166,0.5142723063089274,47.606317958163416,Developing
0.8008354209906461,0.43719097911835647,0.5254891190557079,0.638457581120954,0.543946949804634,0.3159020407437062,0.6314578021488911,0.6935336422278707,61.82245599200507,Competitive
0.3513011621516657,0.7614116639290237,0.2753419361443488,0.4845830477108508,0.3112223229824902,0.25717019315333267,0.8064186391399888,0.2670501129418231,44.73225320329598,Developing
0.563420081313091,0.5234070758429012,0.5267982053522132,0.6013868150275001,0.21558255206738758,0.3719394901022624,0.6424667222902123,0.4173482853383834,49.74262460690155,Developing
0.8035246083217322,0.5865112141187792,0.7470762201801135,0.5718127865248552,0.3455457778810709,0.6314141167894721,0.5185211340592376,0.6956703615709988,69.89208397454865,Competitive
0.7658862454981784,0.69543533455228,0.5417749398979247,0.33718318004407827,0.21426645599455574,0.5426257685628222,0.6265071292943863,0.6085297382994436,63.28800123544518,Competitive
0.4570337408109228,0.4579155557194234,0.5846618382330229,0.21087318166651645,0.422953793906443,0.34295976732263933,0.6929825768340501,0.35070789059703,42.86393102224843,Developing
0.5676881710740622,0.5458895094200947,0.2364202527153139,0.4883813249960511,0.32128253349070257,0.39273222093531857,0.596212337215668,0.3918330094989049,50.2316232318228,Developing
0.6922658863775971,0.607501359708121,0.3224676393246617,0.5345802675602839,0.2543217951930157,0.39000235839035524,0.7086845351763391,0.7288857531828934,58.351406622661806,Developing
0.8653734545672819,0.7777261599384547,0.442125797819529,0.44939533660814096,0.1933981151041259,0.6333383515699753,0.4523437720710063,0.7131831840014583,69.87437802809842,Competitive
0.8065441647354726,0.40982202768473547,0.7328696032818612,0.3861389970618455,0.1496232622196668,0.5016854389534658,0.43240830128650964,0.6234619015668302,62.567006713319266,Competitive
0.7287363516651307,0.2752202186547863,0.3179644779251769,0.30124935292063265,0.31382407749787844,0.518926972035513,0.4462465243672359,0.6798821636386168,54.18049942500086,Developing
0.5934542469069176,0.5274138606061133,0.489722907675417,0.5351996246101384,0.4753254055706416,0.6048002480662451,0.6640784962669604,0.5606662252622361,58.03747022676247,Developing
0.42426975226537755,0.5561332035927765,0.436287820785103,0.6632244697411986,0.4061621676878679,0.2314395798751319,0.9518555738704669,0.294609770045515,42.15259449274207,Developing
0.3793906685786063,0.17073956480704292,0.14055176475795897,0.42033334607447537,0.21514031421801616,0.25359037613217433,0.8192564686663691,0.17694305241722244,25.019695628277752,Not Ready
0.46828333590927723,0.631501754083999,0.19396573016443636,0.47593415108763515,0.038113298659552264,0.3147652786406953,0.5005961003459246,0.3318152833864431,41.97537969434888,Developing
0.5530200987924089,0.16874870884976836,0.602216381296801,0.697185330008692,0.43510826106432615,0.3079778659826051,0.8258493044729707,0.3071665206738987,52.684528824429606,Developing
0.5168226982892383,0.5031778807978413,0.5310832551953439,0.4568952061173459,0.27900220652503716,0.4528893023394237,0.8240834285999966,0.5277108565064416,46.85745618339088,Developing
0.45046718962601645,0.6238269106762561,0.3338916241929509,0.20902629865825975,0.3349156951134071,0.3486803481440807,0.7487606689649255,0.14281284837184163,42.815469814689415,Developing
0.33272241851472223,0.38277488829870876,0.21020612539312677,0.47954392164765697,0.22859450011811533,0.33631180991065773,0.885011212163668,0.2629780297783058,39.04851133439609,Not Ready
0.46048201944145367,0.6109821668870496,0.19089304586597727,0.43007540581627485,0.3147994909744218,0.10078180940922657,0.8082996064028378,0.33568032130576864,37.68456436605712,Not Ready
0.9617433055895285,0.5346122998117687,0.1398272851706955,0.45849089598714565,0.4990828928159315,0.7718177752650925,0.5236972020973079,0.7434683803497166,64.40575041623626,Competitive
0.8512306169576752,0.5204210526210988,0.4320217807886152,0.37160398273391887,0.2999336021298079,0.6076009009345612,0.5766867761904864,0.7694191409960116,63.45146121191278,Competitive
0.770097617548119,0.5885356459657513,0.1423968955050355,0.21003387808125545,0.23741508803652706,0.582352719372834,0.5988599160511234,0.6488006408077,49.594631356320726,Developing
0.811201186132779,0.5489599549761721,0.20417233625428302,0.5883483590860031,0.45339202674613965,0.5515515130667024,0.45007171744787244,0.4837358902695673,61.74494054643284,Competitive
0.39319852722032683,0.686627074437321,0.35466314261750026,0.6657493221516165,0.326516850404934,0.20032031879381762,0.47909765448378033,0.4496137977801708,44.74826387623671,Developing
0.86958859365936,0.5891877006162327,0.5886741656817123,0.5544940012094217,0.37541494065844433,0.64504834815966,0.4192881604083982,0.5957616786997704,66.763090434376,Competitive
0.916384775441555,0.6293348095004716,0.4500349907461616,0.16719991670874365,0.08370037597829752,0.5830538243575463,0.42318840015297077,0.5922148671473776,56.57229778699275,Developing
0.7214067893365306,0.22571887594157394,0.6035979004930884,0.44471505616199974,0.21034295808136236,0.5038649063144502,0.4631351845851701,0.595253120094993,54.133751473150426,Developing
0.3858865230874799,0.6717665247667686,0.44928608065662545,0.3765428907601626,0.298336957681854,0.2899446408922587,0.7331010597439189,0.07997004376391101,39.785243041431734,Not Ready
0.7152644600810797,0.4550168556882772,0.6374730848157697,0.41368438390521445,0.10336602178427458,0.49566222551633987,0.42692611381034795,0.6896662905819351,59.87905301363257,Developing
0.48311517211682053,0.40320406161386274,0.15100509766051598,0.2803372165510674,0.61717364338015,0.2864010009285101,0.6718752648016004,0.20676415987000393,39.328855599691465,Not Ready
0.8679905677033526,0.3183028541022614,0.3100866628074666,0.38932738924838617,0.8533746977525177,0.7017731662408108,0.6682305011470513,0.6640412498294551,57.97173064163043,Developing
0.4088089267583032,0.417411940312774,0.3340304491414528,0.3479792111145022,0.25725220733818654,0.19167974601990018,0.6721283477824405,0.2736853224800926,33.90730439878735,Not Ready
0.8098430055777625,0.5115255986597822,0.2330273111188966,0.3946925326107007,0.23451671195666687,0.44989119079925927,0.5395954961757701,0.7420316624216265,55.33740308069252,Developing
0.6682624356981638,0.3807771320434526,0.5974351681720999,0.5697068561815529,0.5990242092099071,0.3022200615875743,0.597366213715851,0.6154781640104787,57.67138750606241,Developing
0.6535641995472303,0.6619828443158232,0.3077077253598588,0.43699208490657865,0.3419904138066856,0.23714382827975217,0.7166483459236633,0.40710596050702785,53.828222991405916,Developing
0.4906249264868758,0.4310173883976085,0.5525349033599024,0.35152059732116475,0.1476692130171544,0.325123419398212,0.6170895086574706,0.5206502402558615,40.47480242298395,Developing
0.6491625749482938,0.5491941386484978,0.31959207572089543,0.5395671495504948,0.296254768718501,0.4169986610352984,0.6918654728822894,0.3886875899527041,51.22233362911791,Developing
0.5790770372392472,0.5815078498595672,0.20897551399399986,0.48475501262211357,0.35432210136959086,0.15633486880667594,0.7331048860798002,0.4411579260100127,43.10597833785986,Developing
0.25003486364259103,0.5554323730865037,0.31133243453658493,0.289142101816526,0.39663027495301917,0.1797239179672479,0.741451593201669,0.21041993065051015,36.225535608499705,Not Ready
0.37559769799844517,0.5062981223750797,0.6347106672235365,0.2617368956873015,0.7035466903341783,0.33852536178278925,0.9003309712601015,0.3665160827001547,45.790273132348375,Developing
0.7200361261764185,0.46066059106715573,0.45901299288466346,0.5404005880234027,0.2723217073535888,0.44510857412211385,0.4356948411058442,0.68508286597669,53.664954659872116,Developing
0.2948909378748227,0.5689945433245064,0.1919982359463165,0.2791484310208005,0.38095481021119254,0.19734171777377602,0.6517058657811431,0.2257760443094777,37.277245934234216,Not Ready
0.4933397962814558,0.42653995418680635,0.483045339366621,0.40164018374851806,0.3300527519924909,0.3896806523543028,0.598061991978767,0.23952093319729695,46.73191406757779,Developing
0.4752056710179761,0.39528129052954464,0.5469181194335977,0.39597183909626615,0.3877335721298331,0.27224127023858824,0.7982838069843834,0.3187929642951516,44.8084795214819,Developing
0.5454291155480342,0.4357538797336273,0.2974503874463706,0.23158141526679693,0.15978930500362995,0.3702212228882883,0.6710151838534397,0.307608482673815,40.111892961102846,Developing
0.660749261026092,0.6708813237504383,0.3259163970576124,0.8805328445883436,0.25647015731442324,0.5081135576146885,0.5970530092202794,0.5295522577900622,52.44021638300461,Developing
0.43610652553489715,0.5782218926542627,0.42841241090209214,0.4923347865699918,0.18554643886196734,0.2969349445565208,0.8676944794957571,0.31604951248100366,44.06713142274912,Developing
0.4089130183888455,0.2123305078150402,0.3288660934508249,0.3783937513377588,0.26630568172649505,0.30866676118216807,0.7409781250812921,0.4780451964225444,35.89545907066188,Not Ready
0.5526762023479996,0.569493992732939,0.4944854461537424,0.6411750968829376,0.510184922891736,0.39951065645083456,0.8518447866108836,0.5395367698029542,58.59075530779601,Developing
0.4969672749899534,0.3060616236265069,0.3261466836333046,0.6032367595997475,0.19226791700690832,0.400127475665788,0.7135475448100804,0.5770829678609587,40.5198561406475,Developing
0.6633696081403925,0.4906792498690343,0.4591716320577395,0.5866697852253742,0.17803711300002703,0.30975790757691457,0.5994820327985654,0.6012691779150853,54.455759461612125,Developing
0.1921546424912629,0.668436191859611,0.38190909130564576,0.5184777684518643,0.5333278694864781,0.15149933601032975,0.8743968934961533,0.16763530606507918,39.07510563067894,Not Ready
0.6600427434290731,0.48757285570984665,0.6867621945758144,0.40706013543731456,0.09727125088684394,0.5097126413768688,0.4813713436648794,0.542634642078028,54.372635316276344,Developing
0.7101932022489785,0.186473838112768,0.5395575818238452,0.42236355950600835,0.1997048472503588,0.5286590558995544,0.657993783951255,0.5111104032317006,52.01701572166552,Developing
0.5338724682831961,0.6790244561798361,0.2413438615747097,0.5645409190774604,0.14431287114641006,0.5143113774663551,0.665933258748829,0.3689291355483027,50.48207693375459,Developing
0.7257993749565869,0.6848250862305817,0.451225942750728,0.426257477797089,0.6287993673598652,0.40937685138105256,0.5738904228937832,0.5438220599524551,59.114368690404206,Developing
0.7399607655507501,0.4978596161324478,0.0585552708964679,0.4269341878032301,0.4002958975074203,0.4970575255451144,0.30363559984087996,0.7520726159970683,56.934474928756316,Developing
0.7289158721787445,0.477678516639842,0.40669108781292446,0.6382856293220701,0.4121360127795526,0.6869631522246558,0.8279122663777834,0.5016731173421385,64.29736763058791,Competitive
0.7974452202904769,0.6473312413848629,0.41164026552905925,0.5252238001908074,0.32962040297656997,0.6446920359046507,0.5868298188337807,0.7063040258423684,64.76512893977998,Competitive
0.6603115419531693,0.281557050262566,0.19295064776161158,0.44892736031652497,0.5902990541904582,0.3815846755441246,0.4938869495892918,0.3980331091645549,45.922068431993154,Developing
0.6028152989892676,0.4327344390872846,0.5645226473905667,0.5418576430193388,0.3322058467432646,0.3871153639487361,0.8058498220964403,0.4624016694447009,55.732700898744866,Developing
0.4697943303251987,0.3771265387264788,0.5173562505487407,0.3647929544292328,0.5086830709694886,0.255499231973465,0.5772965717581828,0.3669468557520468,43.14284102218879,Developing
0.1787820745748565,0.49032395135661505,0.47997075202019795,0.2582470719807981,0.18635659304010485,0.020505629579669504,0.8909444950858961,0.17009991371379282,26.327636761046456,Not Ready
0.8203542706335588,0.17723714255028586,0.513316717796701,0.5534365900760932,0.5556837152093874,0.45839354575870456,0.5302397292305253,0.7102064207056271,59.82838582194433,Developing
0.5515409799575457,0.6023801174508702,0.4392863928410925,0.4183647230251495,0.33223965222272883,0.36892747425954076,0.8884533590784365,0.38965374577612816,49.72274651399422,Developing
0.780563604416524,0.19433467161121745,0.4683323424873703,0.5179860060171506,0.4997159914233895,0.4591472074613012,0.4999816052802503,0.7005793471444011,56.44507976806685,Developing
0.5661200710235147,0.2996227732444049,0.1236627720944861,0.6507429581809451,0.36736077583698656,0.49972600079590535,0.6207691915630498,0.3646272477326805,43.30117274034988,Developing
0.7992846840171124,0.7503954631093552,0.5756517808587193,0.5911818594509956,0.504259900701317,0.5549882426275003,0.7195010290959505,0.5734236756491229,65.44586581834106,Competitive
0.5391052057958432,0.6685342895616598,0.4654890919981665,0.3974084595072454,0.2668924144263721,0.3565716468105528,0.6718030351612959,0.3736573871260354,56.45720170876825,Developing
0.6702753852746269,0.4520437648005025,0.1728857445236124,0.5850992759475979,0.4442471930960543,0.5226297141101132,0.554675756440151,0.5047554671483961,48.78621224502805,Developing
0.5954232947965764,0.31930653015739974,0.38916304632594834,0.578009901696993,0.4984477778885825,0.4138231553571793,0.6660582253879513,0.41842999622879995,50.65538457091579,Developing
0.5735674948865311,0.5294927808623703,0.2917999712624215,0.22251147685594347,0.20618625717426156,0.45753244124043657,0.530763662872354,0.3389270373972415,47.75459082519703,Developing
0.5062230356306798,0.531549204130924,0.2330385251700631,0.3742502662418134,0.30659543994030053,0.3399638262181647,0.6970788056524819,0.467077374077166,44.94630735395043,Developing
0.48099433688970744,0.6288523232451944,0.759133114918752,0.6530200283452894,0.3509515650919778,0.2569083968651362,0.7135805688895847,0.2847968142898819,57.272097871850164,Developing
0.6222847914528189,0.6827312108351854,0.42064751690091645,0.31152725721488606,0.1888904807160227,0.3528994672707679,0.6003483100229307,0.5817014652823971,53.661893008269445,Developing
0.7191278156636807,0.6030625501214253,0.30972937288209007,0.4799031804794841,0.31756323742694864,0.27233609803247605,0.8520142034739745,0.6561654872562543,48.464521955922024,Developing
0.8958248834974525,0.46726214516032094,0.2145288382514058,0.1582024100176245,0.35085502184787115,0.6782204574047997,0.5041078938182156,0.5635222537397663,53.10029441757996,Developing
0.49544702154775494,0.467251769619232,0.37265539906038975,0.6218818310566921,0.12875896030264108,0.18694009674322945,0.864949984360419,0.448302428183381,45.659212159301894,Developing
0.4084250544490949,0.401643234290231,0.28997846949121603,0.3827324536742043,0.26933610014399195,0.22424407940643507,0.861734639509575,0.3234204097066709,34.76524335227739,Not Ready
0.30696179005238705,0.49459828168293835,0.3475233765325501,0.3256288660468643,0.22420409696141516,0.25524803061017143,0.849270288949985,0.14051980600475394,36.643857631708016,Not Ready
0.45073741724691074,0.6677829302346736,0.35983228904593806,0.2632922465874602,0.40099344948739996,0.15973298869027427,0.8241184412401312,0.3279163732645525,49.12648164149572,Developing
0.5960094928260953,0.6045320632095623,0.28349332773546027,0.25511386486233023,0.47141192928186554,0.44485158434514493,0.520220166904152,0.5331633185406476,50.240781606282525,Developing
0.6114336428271938,0.6085259237350356,0.36989968578261,0.4412814914979177,0.3342121474059538,0.34580346343785856,0.6842754589760526,0.6087668093997635,52.647075894127305,Developing
0.689147266151987,0.6013458236464466,0.09162487421237181,0.3966362547049629,0.35654886019977894,0.5345438469534587,0.6089270490597731,0.45584088000142486,54.97916993365351,Developing
0.4726094577781938,0.38412748846851646,0.27763704606035927,0.5336523996487388,0.30629438004148224,0.34905707855205004,0.6939869946787904,0.46310155403356956,47.014988512204525,Developing
0.6887721658092953,0.6492867478366164,0.21987059575077775,0.5981925790873626,0.21889010300586523,0.39245837556646523,0.5301559418806487,0.5150464406841394,55.58900742326719,Developing
0.6831725315455864,0.19808831564946414,0.19359709842143621,0.5384180042479149,0.2524655599676381,0.6130918217621226,0.5033257277669124,0.35057212514274383,45.49246182651603,Developing
0.48540233390969334,0.3123918910987766,0.4144333511143556,0.5845979609847607,0.2648470972798313,0.5129560518502451,0.6039766545186548,0.6410357430852496,46.01067005610669,Developing
0.49658486958970105,0.37386635010557673,0.5235616241749468,0.6172764284830823,0.37937276504131123,0.2713056706700565,0.9111065392193075,0.60481582455351,47.19505920263803,Developing
0.24373590743620485,0.35769393521382187,0.38198839632070924,0.47397152405659004,0.13427150205524435,0.1768487533439025,0.7651158562436344,0.1440681725846384,30.27647612365179,Not Ready
0.7568516413043828,0.6570075838262419,0.33036505589418497,0.5175998155708985,0.1677601402115214,0.565824664939388,0.4412583482274202,0.6320494207888263,60.426922657706186,Competitive
0.5739815924641152,0.5336839743125976,0.25170384107545485,0.5080250278646339,0.21211727549356826,0.550034481476841,0.42728048303057786,0.6209775110813025,50.4817433560538,Developing
0.6820303155948427,0.43678260245732076,0.6394945327659113,0.45208090002456797,0.18287737623825212,0.3096951934102832,0.5933811321396312,0.4645546152473464,54.09637571229134,Developing
0.5606346549182927,0.6645728595890064,0.24903684669039347,0.1842233772181564,0.384291769355808,0.46324800168895264,0.6553168873490098,0.5286063735452344,48.839249735005595,Developing
0.6552537296832197,0.6332606890808484,0.2559572313159446,0.2392698437547166,0.12602283368833764,0.378440428180962,0.5430875841478402,0.6501132508201038,51.15740342668464,Developing
0.7158210054143835,0.44199060232522674,0.6276389048143426,0.4108911956394372,0.49783838667147484,0.4627848137741578,0.3234352861098785,0.7311462653229156,57.483452130096104,Developing
0.6131135029392498,0.3571559683287443,0.5106508547362638,0.6725281835808076,0.21276562730064377,0.44992393713274603,0.6253353984052065,0.49548276430487226,53.03776471563693,Developing
0.6435492564963915,0.5404376858062044,0.6021056496595251,0.1096524451411605,0.5043012078974549,0.5074473265067884,0.6198427875566928,0.30454277889946013,54.957850961058426,Developing
0.7807414607110087,0.49632892460839256,0.3621062779389621,0.400423239969914,0.28015020423695103,0.6388307255424386,0.4850081307226157,0.802050604390339,56.41827303394835,Developing
0.6692313418164418,0.5328141721682811,0.21447691164105964,0.32390107656810085,0.20196537722184102,0.3681374538734938,0.7280994022027891,0.48813083077278724,50.473185984652275,Developing
0.4805233677288823,0.4582316886862343,0.3368871048673146,0.58414438488947,0.09559826590914985,0.3816115140890234,0.6130831446989025,0.23053032021814637,36.721962699733524,Not Ready
0.41581867770926517,0.42421754399303796,0.21587373116687741,0.3388602481726629,0.18215424585239334,0.37046458456987474,0.7915402876507065,0.23402703745298886,37.88174019474324,Not Ready
0.5537155998119446,0.4537696604580048,0.09389866311797043,0.2882616540338434,0.3661150532376563,0.2967891464007858,0.6719178916150554,0.14136022023118194,37.7497791163475,Not Ready
0.4530692066548158,0.5858564278419774,0.36881020388279134,0.31896672254585595,0.30678376170993016,0.24591955226867632,0.7241206714544607,0.3758387887348126,35.43977157271801,Not Ready
0.6731827761097786,0.2807051942077406,0.32533083859676054,0.34105064386528683,0.09286640173922242,0.44901133755822975,0.41123820459743154,0.4907013128399072,46.86041657082961,Developing
0.23639367558332514,0.6009883654489089,0.13255695474710524,0.4754577094851453,0.573184752265748,0.07636177285188495,0.9005338949978864,0.1696857837212744,32.06221471189584,Not Ready
0.4932630833290664,0.33257367575013314,0.10991095783551623,0.41989179461468584,0.4824060693263854,0.31751825731479144,0.5797936019788712,0.4300887214756864,34.592248905504164,Not Ready
0.6445277229278017,0.6945114392404318,0.6407636986291945,0.37073102080895143,0.4340786999637196,0.4500628023485691,0.8268888339126447,0.4106265496740972,61.05772164810395,Competitive
0.6337741425957785,0.27259596993725543,0.17952816626829632,0.3754625153194984,0.18995766729637367,0.48103241217469944,0.5472433929842389,0.5078810562912561,41.049088032165145,Developing
0.6945797348091319,0.6282770974019064,0.5302145838242843,0.25092623244325274,0.2655795133539268,0.5921622908369645,0.46365057030078927,0.498653675101867,55.75633104791717,Developing
0.35493699594245254,0.2580203486113516,0.46857174761978054,0.20581728705540756,0.2808367883567882,0.16973106073409666,0.698040283604032,0.4450509275944575,38.012355328001966,Not Ready
0.6536239507228401,0.34321362164432706,0.48808262685072656,0.23881935649146016,0.19756775868603454,0.4195565790160798,0.6853497706279394,0.4517051916948773,49.77716395177312,Developing
0.4287263322218259,0.5605987864827567,0.4922976626261994,0.5514209707478801,0.2862844877404994,0.36188842266706084,0.6851951604772348,0.052664810092291514,42.02462539063682,Developing
0.7024611971438911,0.30764387926328435,0.15372440322961448,0.29363332057057523,0.24642802731168628,0.7119505753076195,0.49373496295655134,0.7794533269539038,50.5350799719417,Developing
0.5037010579021276,0.2598766177542378,0.18784768266564023,0.46908848171295725,0.27861477634556103,0.3503499952070093,0.7420422163794973,0.5500482072485318,44.18545570738295,Developing
0.524926489472739,0.6341857057415681,0.3176901739354771,0.6509047724340086,0.4815137337512103,0.4027619236924361,0.7759389819085565,0.5110186577015661,52.63286117417356,Developing
0.5897682729524834,0.5475861314877964,0.5310642220183535,0.666062751264052,0.4573926913180682,0.43558839255447906,0.5742102203121592,0.5544558686877158,57.015665723940245,Developing
0.7309017973254626,0.5300301129639691,0.18978125177699742,0.6934041276090384,0.42661470967368453,0.4892476121526031,0.6361975361215539,0.6165404088366226,58.43755135437312,Developing
0.49344970404754207,0.6026073678956914,0.2775480483687149,0.41301930004255055,0.7376390984132913,0.2912089928349535,0.6793193125643232,0.2919390426220002,46.41764240525578,Developing
0.3544717518318574,0.3875214325006929,0.27096073737206444,0.46294821880803866,0.5332235764321632,0.3223832970916153,0.7014338659184531,0.343942889714284,37.9295336806326,Not Ready
0.6112171897625379,0.3764137421585929,0.23582251307255078,0.2595819924164236,0.3060428377213581,0.6620154478100402,0.7590017531286822,0.3191458997765004,47.88501885193054,Developing
0.5511758636761711,0.690909204731002,0.46639131594947947,0.24730023156183945,0.30585087737660993,0.4821211434017727,0.6940853135076456,0.3639588494897207,51.85150834241079,Developing
0.6226050343285158,0.9029053976303109,0.4867326521554574,0.372847290768512,0.07933733892200634,0.44145061296765176,0.6991186752908969,0.3527055025495224,57.81500381373288,Developing
0.9194639747318909,0.38023536330944563,0.5412180290658889,0.6098139560495404,0.5093106107254018,0.6156974934093837,0.42727913763881276,0.5359609380147602,67.70504635349829,Competitive
0.6633879533295349,0.24647763895430416,0.2130794474753059,0.5297878563833244,0.3029282455874199,0.5001450109460052,0.564356231923798,0.4781386361986025,38.21838807558206,Not Ready
0.6787075234991983,0.605412353849212,0.32256177723147705,0.27837624002765204,0.410442788237925,0.48506411957445056,0.5848625034787178,0.4216760513216451,53.10277929839653,Developing
0.24082115717232874,0.38499176929568835,0.47120754149914523,0.73972233811459,0.48342784524659327,0.14862905864647566,0.7488433511420659,0.2974714802089944,37.543506721734616,Not Ready
0.8284131922166158,0.6639269180623137,0.4175794639546176,0.33433165500828504,0.08504069518566335,0.4933613963153887,0.4749939988913604,0.7022666373127172,64.62908271647085,Competitive
0.5174418497187727,0.6725150474239094,0.23081776735267642,0.36118629673407165,0.3749733786920991,0.40886919477151173,0.7039272523534211,0.34025866862584514,45.845469993236186,Developing
0.715926657836996,0.41395843637227275,0.7789579134231043,0.4405848700625138,0.2859541490455088,0.6770566531364102,0.5546658660243379,0.5095056669734298,61.7787924131005,Competitive
0.46949310474550415,0.5310947357768551,0.3431843317954615,0.6275627337293851,0.4816943234507646,0.36207517253725197,0.6779151255116608,0.541800600139956,45.82819817762543,Developing
0.32965741536043097,0.5021451256321515,0.30947813081855025,0.5986579711356949,0.2988209927114557,0.1271502978577706,0.6004755837575069,0.14003995582244577,38.44094882879492,Not Ready
0.5601021912914843,0.7247935212545794,0.15904932360525806,0.23384717419061277,0.24633614950896124,0.3327028233008088,0.6232692153840396,0.2910059099316107,41.75972612553247,Developing
0.4836861007897085,0.17302384677521182,0.28584601633860324,0.6463111776273552,0.5630336008001251,0.5606940882929923,0.8215691687761875,0.43082571897932476,44.76867671397256,Developing
0.5196757173603465,0.6062087298153613,0.38209749156698053,0.44541710949495256,0.529559789573538,0.2804905582581212,0.7365440625795985,0.42635852837094285,58.85226363376477,Developing
0.6284076957524241,0.6888941345306462,0.21286450960344092,0.4806134704245871,0.32943946732412566,0.5608351562696925,0.7075772084694796,0.552439211241605,52.48375151746768,Developing
0.8146627627847056,0.32916975290499395,0.1476529613840029,0.5842345946855197,0.2941934748805645,0.4876354919779965,0.5662142953557703,0.5118812514703426,51.62471304232723,Developing
0.500051929259349,0.6699043319492654,0.29058211275270135,0.42505544850092003,0.4072476787662407,0.2902012035687527,0.6997659829327367,0.34811233842479744,43.378762606065486,Developing
0.7952462879957827,0.5465131937981402,0.25472425611897404,0.2755209646222418,0.403559351952404,0.6816587740691015,0.4899907168280021,0.4967585316747172,55.34966281979306,Developing
0.8864346565337742,0.5795587879188638,0.5502979113451661,0.3676018829229831,0.4810620620590619,0.6642620528202935,0.5810475852512973,0.8286172548810515,63.52812058391893,Competitive
0.42565975497181774,0.8443949042912167,0.30006741373092516,0.5946757076675685,0.31725769354574673,0.2999700600236338,0.5806376044425833,0.24092148370508049,43.822462911441846,Developing
0.48675208555620353,0.8466426132680099,0.1089317080626563,0.3849237012820367,0.2669896723291844,0.2800410145400767,0.8537068747674657,0.3576512574174398,46.522142420812344,Developing
0.6339602879925412,0.8041783116736704,0.34665756140804144,0.47324163931351837,0.10490520002060022,0.5716377279530089,0.6283535749337275,0.5601617604033786,59.3053612272621,Developing
0.6225570655217373,0.5488887237728443,0.2907970904160374,0.809206813002403,0.2748262678831446,0.37276611379595126,0.8229520252723993,0.5585833529492694,47.838603411127195,Developing
0.7486177310625896,0.8040280626509193,0.5763395184748031,0.5877964040394233,0.3985494121723533,0.41568465962784407,0.5290552325222045,0.46726532275701993,65.43042887694925,Competitive
0.520752426628662,0.7728539730497073,0.571560325456221,0.4114951785174865,0.4535738972982513,0.4173149296360148,0.6110351554143084,0.5684539699560838,58.527752679453066,Developing
0.733120575025996,0.7480590222092394,0.37710885073039874,0.23238980516518945,0.5166704678550827,0.4489120290823376,0.5197708617074378,0.5784750223371327,54.56672066539453,Developing
0.7581315838952029,0.32326908021255457,0.4540651866749612,0.2732660220411253,0.2989412446919428,0.5055029004554381,0.5249992142050444,0.633224811458191,58.5266501269068,Developing
0.5217976223649614,0.4979383570465128,0.6178036954921461,0.4373071679328061,0.21938987355554515,0.5161404390875296,0.5959623273785399,0.3138803692713903,54.13502998403365,Developing
0.7898152592853742,0.6766828758546483,0.5211416358206683,0.4644818990150545,0.31126260587046833,0.3831446641125931,0.3929673493096102,0.6668894753460259,58.75006096286523,Developing
0.5173780099430372,0.3954085897403143,0.5802566896887074,0.5450203427882478,0.3794639617128143,0.3496484605384625,0.6450072755647962,0.36919476561911907,48.91855241917919,Developing
0.8473172475753422,0.599470277539944,0.40715447477374855,0.4018044905344833,0.4099663186059771,0.6441092877161225,0.40991209695966546,0.6915369637215266,65.77247029974178,Competitive
0.7346680160705696,0.44882789462613326,0.34611126428497874,0.3974851843552526,0.16792341200626118,0.5096505913602203,0.7011924687827056,0.45019731995198975,55.9995679573579,Developing
0.8815555798202541,0.5329156796549118,0.30694031989515586,0.3769451755847386,0.19012693418829027,0.48125841602807906,0.41524208246985295,0.5572424441239392,57.179059180553274,Developing
0.74624076156193,0.7806429368456508,0.2046441042266362,0.48519774052205394,0.22736235748616884,0.44720310842235533,0.558839217548847,0.4616575427045342,54.28230687025549,Developing
0.435156999649524,0.4818131587219303,0.5906183542927096,0.29974568344102476,0.25166439107570987,0.3894597794775764,0.7783057888587083,0.3913370977997499,48.66518250727865,Developing
0.9283011603918914,0.5605990622587348,0.3164815166982328,0.23838497132381012,0.32767728638443766,0.7028439429305525,0.4334106295234632,0.777917933733833,62.8289677100322,Competitive
0.7356859943225883,0.1523598726910179,0.18473921286119463,0.45898791722645826,0.611687724002786,0.43350498202039073,0.42552176679062914,0.7787644522088781,45.79687958526973,Developing
0.8097053780530088,0.2203475799968472,0.5283923436857816,0.18955060816769906,0.6946617756435112,0.7650944250921998,0.5259583008865055,0.7624818179331352,48.18267422025184,Developing
0.41667323070615536,0.5525105410689926,0.5245381756170997,0.39165225324023145,0.13625962056921034,0.3139911440941523,0.8324757414882387,0.2641766767655547,42.10782380690723,Developing
0.4086663457355548,0.4324128386597304,0.2726819995148398,0.2761108592986687,0.6195240764975397,0.39945599806107907,0.8949787025323083,0.4125677536561217,41.76550564315677,Developing
0.7054253128928291,0.5885403372458864,0.6913750183670543,0.5502582179090685,0.30701456533987037,0.4450306757482323,0.5208822094073214,0.5865627209567791,64.52196530391497,Competitive
0.28326383052803883,0.30435143889953803,0.34948545772039963,0.39063567877949085,0.33301196478923134,0.38345184294157675,0.8185263806531903,0.027979091501000558,29.294191805456496,Not Ready
0.7099497566435821,0.5284155945648632,0.435128666254492,0.23484255319628505,0.5693908518653259,0.40834846437770217,0.6567634870846075,0.5893412837319651,53.746085339358665,Developing
0.5067915004407803,0.7306214784360935,0.14741327647342012,0.41942373718814724,0.21365547267812518,0.47018944544344293,0.7248620459581963,0.406303575728158,46.53121217025297,Developing
0.7260656151435648,0.4872048337083981,0.16456330580052664,0.4190277839610239,0.3362547717596982,0.31119713961139595,0.3974537478754261,0.57477045120063,54.32621165920837,Developing
0.6446994606385484,0.5727922537145845,0.606520799615411,0.6947256754603528,0.469535686002194,0.588658052012235,0.6026320209304081,0.5190311522503946,55.98388806964391,Developing
0.6812125641004668,0.5047651741867194,0.22871758829016012,0.40981225608361554,0.3135779425082553,0.507080187899278,0.6410740860213711,0.5558821183082443,51.690856644314536,Developing
0.4376172887468696,0.30451187899691823,0.20684839044028727,0.4702782351209193,0.5827114925781408,0.2875141567342669,0.7743578783986775,0.2597492830661747,37.357372304546544,Not Ready
0.8443367980216979,0.4550346205010694,0.5771011517081348,0.39648151459945635,0.27255447022891505,0.5634601034476598,0.609502794341756,0.7727447035715664,60.40155833566742,Competitive
0.8812245006429297,0.24129414008561478,0.11347268991202941,0.39092606503258964,0.05777838392970877,0.6233287248827842,0.547458100326253,0.5342538457819825,53.48428631622048,Developing
0.5254532089366302,0.8077979884865215,0.2829345638000011,0.23903631497376807,0.1301369096993785,0.1803884527985983,0.6836380629563816,0.38700764715624264,48.514688315848026,Developing
0.7340113411042386,0.6010985642773073,0.25150856464993127,0.2885732680835947,0.48189908372153645,0.46825926635967385,0.5816540344698398,0.6739499469603936,50.7152639613753,Developing
0.35581654894433895,0.5589828054314838,0.18170280935741168,0.48322978701061936,0.3506053751796596,0.3478476409279718,0.6889993557912593,0.3476662367252792,35.8994755689274,Not Ready
0.6406952234627158,0.5088755539294396,0.09815217235217429,0.2590811790095362,0.2493246183095046,0.5732871968133939,0.660752353575108,0.5364960708019547,42.02717812936894,Developing
0.627146769912919,0.8181743065700036,0.38849989332475654,0.4418407321751832,0.30064063289451926,0.33404301379011603,0.6932262327516425,0.3922033429342465,54.33209945234711,Developing
0.38717631053291185,0.15699877434546622,0.4252645077478989,0.32478492239937223,0.17966730362499486,0.4061841152747395,0.686481433218392,0.304319778831325,35.724331695572815,Not Ready
0.5349536419773367,0.27372019767365363,0.5708559553530416,0.6502224273053435,0.7077356729715722,0.2299700592620527,0.833612426506763,0.49457015818246824,52.49023187356294,Developing
0.6260827484557544,0.6755973493530764,0.35717927219914936,0.2544819000903846,0.26592910502089623,0.49602484208127,0.6938565836731214,0.4840916942355056,52.05410783121933,Developing
0.45478841861195834,0.6200896310178315,0.4111177064592691,0.5050019479122294,0.18463376766536493,0.3472423934635966,0.7992704757545042,0.3106533593285261,46.48232940642357,Developing
0.5380418913615453,0.46506602137646047,0.4129420022361941,0.4648457237289084,0.0969095722486787,0.3262756192342042,0.7835102552131452,0.43901932559097523,51.115571088053976,Developing
0.8214729368597393,0.7672562416059951,0.5091007897479884,0.2917125414025139,0.2391554121437323,0.7345142602401291,0.5865413609626313,0.5964171820618447,67.67822750090023,Competitive
0.777957412865199,0.5686424140088955,0.347808270215095,0.13933522118387873,0.19207762117588786,0.51560128003296,0.7334258239938548,0.6811046117636412,49.40447513836183,Developing
0.5228479819755115,0.845196258341606,0.5372193575144573,0.2506223104801457,0.4672549533509179,0.5188948424034003,0.7107180195094044,0.37396374890880324,56.74110095018973,Developing
0.5840130984920938,0.6928821393301566,0.35913189555666464,0.6756193068059005,0.5589147866543058,0.42854224292988036,0.8183572660027235,0.5093897603547768,55.09422049460715,Developing
0.6936568411835423,0.5514114877819766,0.19731412507409338,0.4247677092384735,0.3179773476906284,0.4455167862138221,0.5557393211887413,0.49419486184985456,50.21443771919173,Developing
0.7635466814544994,0.42103151193711663,0.5289688807371646,0.3033457108970841,0.24722814938253196,0.6407124562043421,0.5269422276290423,0.6015781865006676,57.00464330175015,Developing
0.7155647856154425,0.6542784474271216,0.49966452872130024,0.35982202965142124,0.4112471371279983,0.3970365927237466,0.5368633326945956,0.5337848560737739,54.89926787654698,Developing
0.7361254789474612,0.43757217314129154,0.27707067429072285,0.3572436315255591,0.3636762984752319,0.5791631127849587,0.4474365008490897,0.5618049622545349,54.63722835148798,Developing
0.49908337939512115,0.39504422164597885,0.22726449768782073,0.5680382916719094,0.22074934423182518,0.449821846158723,0.7850854712157607,0.42199503911106845,39.06885157120975,Not Ready
0.8066844682473614,0.4678490710876778,0.3885833593072458,0.4147329984441146,0.10112771686702066,0.47048329585776927,0.40039069100422575,0.7619672029235007,59.13989546186209,Developing
0.9273676055572555,0.6984702181276373,0.45475636905399786,0.5470675683343338,0.32235079564612035,0.6865495070162849,0.7433337335000447,0.7776098144209356,75.21136372079157,Competitive
0.6959936936169742,0.5730856386132815,0.6604822860234765,0.2676157535820164,0.17618070729635787,0.5655499063947182,0.3864491207866998,0.6163819722681914,58.11483218448882,Developing
0.6172496558787977,0.6116260839662184,0.6165159256164789,0.42822876102084223,0.2064460221392821,0.5287730720554915,0.5979893955367841,0.43611608751203135,57.471928908425596,Developing
0.3390442744918889,0.6006461005672533,0.34029756231145925,0.42639038592545947,0.4525548486785908,0.2742599338358279,0.6749514984611362,0.18887367095528435,34.66920681680093,Not Ready
0.6174876362727943,0.6912919641600992,0.43013158487877684,0.35134734528964695,0.11591371864372904,0.5220770875113924,0.6889128862873246,0.3309076725286867,49.12980629311249,Developing
0.2848094563967302,0.4579066942832912,0.76645175683864,0.4846168242861056,0.47124535218599334,0.28348365244168694,0.875771070418036,0.29849905202325744,44.485876396305834,Developing
0.6005598975086615,0.5989445732781624,0.18480763227253455,0.5503854029627329,0.5750554607849183,0.39846767804628913,0.7464271989312983,0.5353453870676181,49.46797757384961,Developing
0.3544169303665079,0.5326717276352397,0.3922657647774413,0.2151149988127395,0.29385905162573145,0.1980791336603327,0.6975780258180481,0.18305273641919373,32.76796174435705,Not Ready
0.7820666706940903,0.6512974360500278,0.3043785188822833,0.30535742120673065,0.2323775420951798,0.5603243628034873,0.485087931751036,0.5546223764919179,60.17834913199337,Competitive
0.373396116637542,0.472459578135495,0.3135605066290785,0.3797218876671772,0.24481822112010032,0.2657536691496484,0.8171582374710891,0.5011755953902017,37.92451437235227,Not Ready
0.6104879779427174,0.4290446892962117,0.585084241404628,0.17681400735806535,0.32997365801047424,0.4299771489192115,0.5440755588195675,0.6460644418658413,53.263008208737055,Developing
0.6848465725113602,0.2634662635237199,0.6054987018472536,0.3871146834528589,0.0551345947106645,0.5898891462589825,0.7469366253815765,0.5616262251963432,49.44798437807578,Developing
0.3119735199351281,0.3966744858584081,0.4228922491662588,0.7065868307557363,0.5714075363421129,0.18588609250007002,0.8650129068451288,0.16562626608754294,36.90955778610794,Not Ready
0.5668997622330276,0.38174281520726416,0.29853037035225477,0.6006290498050089,0.331359241627529,0.3145381294370961,0.8081659849444409,0.3766832086524381,48.922650703924354,Developing
0.9218150782853403,0.5361439073156109,0.43356441333643514,0.6712946594528393,0.44021332853174594,0.7777109672993209,0.30486443838616867,0.7634999399392832,68.76180669337623,Competitive
0.4091021104425804,0.21925678625055772,0.5863827097743105,0.31399228725263784,0.06042423157476822,0.358428652738184,0.7753168225414674,0.32774512020722807,42.08408800797341,Developing
0.5060151963170836,0.24715163088152917,0.02478602065774473,0.3558683332373497,0.1698187864297838,0.3250101064302398,0.636997890630815,0.5400617121615514,35.97034431208478,Not Ready
0.6438555291064453,0.3830120298821077,0.28969704148241376,0.30991861810805266,0.34769828057967955,0.31162399782971073,0.49739788092216375,0.5611311251506086,50.86137275509303,Developing
0.5843478359783517,0.7795032406684093,0.31258783881827734,0.43989038329291613,0.20704028914399544,0.5292029335991274,0.5256363347042917,0.7148066860952013,57.208765238517486,Developing
0.8733661426185094,0.39990892311921655,0.4160155962430084,0.5473172949383852,0.32974643312320023,0.5435589219408583,0.5175250058361329,0.5090193939704669,62.02260242577956,Competitive
0.7646860136647332,0.49415773995720735,0.2257617706267419,0.17243822275984294,0.2623397872215628,0.4287571647715704,0.5417089231237949,0.5948781985980682,47.4632720277405,Developing
0.6919292952670907,0.722458014540586,0.3407343693400876,0.4908467351280793,0.3452665584300496,0.6537373747308324,0.4813806859507883,0.6939278696311331,56.215953130954325,Developing
0.3028635570880834,0.47711452581890385,0.6647218263337881,0.43658537476810216,0.35222517370324297,0.31107935122297525,0.9219025042204617,0.1533018662874498,37.18185949815741,Not Ready
0.5934090870267533,0.5210643694959761,0.14141778281942077,0.2159533758502402,0.3755083150996819,0.4151849750561259,0.7141465338196249,0.6057821250234,47.63443627110853,Developing
0.7628822466176595,0.40734621534189497,0.2968233167741327,0.22878713768010703,0.2554979611301197,0.5572508884781917,0.5568484129098774,0.7719843920554156,52.275250089242476,Developing
0.6083059836896312,0.774065075572535,0.6374953051944163,0.5377758577606663,0.3437383616097678,0.4623621937856436,0.6159428926257764,0.5038167122129968,54.3305315682406,Developing
0.48161964588003575,0.42428636604456615,0.27899045510969517,0.2158010693865261,0.4129138616210625,0.31032262448724124,0.6223057567736477,0.524583253645395,39.80014074544945,Not Ready
0.6043695143794202,0.44953964518252076,0.37970121619776886,0.33111584210519923,0.6356320493437514,0.5075536699379906,0.5392225286710552,0.5610716764395605,50.408205219840234,Developing
0.6334491270080674,0.5680838170034047,0.3065818286750221,0.852949550721613,0.21901243681706692,0.591445860062577,0.725364491231021,0.34285434765727474,55.57187700180615,Developing
0.44020871124621436,0.632351996081046,0.29892738716848344,0.5894422237823824,0.5563526268111152,0.4062654841822787,0.7879364955692392,0.3903098912784534,47.661009675975144,Developing
0.7336617012688721,0.45403273613483386,0.4734677927555024,0.16756404971681008,0.2650517797400102,0.5021660468229614,0.632087290663583,0.6147380195792265,58.58378417831288,Developing
0.43178967864105294,0.33646206396124223,0.3317513236143678,0.4951264543498181,0.40906829787850896,0.3163498127758206,0.7940293934721107,0.12170438452763385,39.51167333507267,Not Ready
0.5669960853104111,0.4497017154619708,0.3277408998034311,0.2632277800988933,0.3125194258290118,0.31667325425351744,0.705112619529549,0.4433345768096611,40.13442396771556,Developing
0.479042593544056,0.5147273346725088,0.3141271040585145,0.19818886951221756,0.29232463355161015,0.39828055221256725,0.7823395095990623,0.3581315123064192,41.5296374536948,Developing
0.8082997218813537,0.590576348787137,0.2941493839397854,0.5320342777302726,0.17273039942496032,0.3852845801422232,0.6578107091005659,0.7594745887077019,60.26080146196784,Competitive
0.4738743670024669,0.3480393812004193,0.37828358623396996,0.31316781061786125,0.2167194199836198,0.3409652863399086,0.6194470240080562,0.37183746650966365,37.714626388651126,Not Ready
0.4225593351571227,0.9409484293431638,0.374504157090897,0.2640136721953076,0.502203216391655,0.20505052189154946,0.6445209393439268,0.3876265264033681,48.080822073420634,Developing
0.5361708358155296,0.8047913020863204,0.29124224980082336,0.38324989329255843,0.4331415591250975,0.30097445184988203,0.9256730053452585,0.3005558103220129,50.422279335581315,Developing
0.48959283536314546,0.4522838559479184,0.4547613147234983,0.42636099374916353,0.21399952226987576,0.3447412532586883,0.6735292300883098,0.3021535466505428,47.64206495037324,Developing
0.8480108485111277,0.3032785823142449,0.3515161655080976,0.5469328669599404,0.4705244105720703,0.5423856653622623,0.2083258899031175,0.7127477435905022,59.5946393791901,Developing
0.49916358683043804,0.2863519552101798,0.4381750229502811,0.43828576992598534,0.0972991610919256,0.3121629803030768,0.6535195764985652,0.41891556600146024,40.325810321552716,Developing
0.8851367070462346,0.7799102122406606,0.34754781026849835,0.6244609094098442,0.2519780417234198,0.4384881110453689,0.31211831114698896,0.6688925950989787,63.53201887047383,Competitive
0.5687780371726413,0.6757468340960039,0.6161756187070636,0.24674555938916934,0.38627470554093474,0.37751711870448157,0.5401144248621309,0.44124240571587003,49.559650537520355,Developing
0.7607246620446221,0.22344995463847303,0.4437892712354348,0.5814370110868485,0.5501623803186172,0.8058742668050614,0.6612622161042749,0.7195893245248818,60.47691724731833,Competitive
0.4903341655998448,0.6433969035401151,0.6533322351147026,0.3168794958415872,0.5573003229317349,0.4215043639904099,0.6467365970341176,0.2928289612391156,51.20021747959002,Developing
0.8292547084102819,0.45266791232572945,0.4831384310676916,0.33789294547347826,0.3475567282769757,0.5988548552239455,0.711499167115927,0.6179073051457138,55.541468179447904,Developing
0.6712845150981612,0.3283101130408558,0.2445282349902161,0.5269816747132776,0.2243265218538199,0.4509637005755753,0.6209480715134463,0.7124192040648958,48.06809182714815,Developing
0.46467389091781325,0.609786258374438,0.3723596488134595,0.35358292412834286,0.2564675220429624,0.17254702992603532,0.7256515259092292,0.3436348894511765,43.51869755246424,Developing
0.859605974296177,0.4496880346365171,0.4252443263517945,0.6730602614278222,0.23489473230126692,0.6263599459998446,0.22664437372021784,0.6707717032186565,59.366802553212224,Developing
0.5115884134567982,0.7445331202395209,0.45105874068515944,0.6510280502405138,0.2531385428429148,0.42047669108716157,0.631510485349029,0.3618272642712036,56.487590698210234,Developing
0.5797031920681012,0.6897121253063052,0.34795223374517104,0.35281717374893684,0.3277444431776133,0.5260598531023777,0.75471173305745,0.5800374351913857,53.56700998303772,Developing
0.7102151141206157,0.5402082530726653,0.10591534780162525,0.3771770088561846,0.5052052268882019,0.36540094110756394,0.5057462549117631,0.638963476705447,47.51649539261811,Developing
0.4869401933599138,0.2599045883435442,0.713793505285892,0.5078912304915175,0.5411132464542961,0.44768063906500555,0.6351603590305884,0.6141516599147893,50.188117035345,Developing
0.2833402816444733,0.4834149759795472,0.44872794802758786,0.4451298368665767,0.24072671390251713,0.2854947357392177,0.8187446554390572,0.19695572450764798,37.62382033340742,Not Ready
0.8659828115644788,0.3665467482768052,0.285531960793367,0.6228088862395665,0.19241929170473587,0.3710023465473603,0.42219703499348055,0.7516988475123568,58.21688843587332,Developing
0.48684314213800706,0.4219322591044851,0.23379665328331017,0.20672087767746322,0.19774639289660562,0.19767110752487826,0.5006772814077385,0.41708914422214116,35.02521428208444,Not Ready
0.3683829548437574,0.6585001035739904,0.1605185891858684,0.6105554277644699,0.4708349125260331,0.1215169028487813,0.8046766265425969,0.40862693071720263,41.3667708682999,Developing
0.706664726717548,0.47161226501225234,0.3028707526281927,0.36720325895606654,0.17485714387214546,0.6066667325301225,0.5440632612747229,0.4161364046024836,48.704033278990295,Developing
0.6074217817277852,0.44298842466999483,0.5255525511864808,0.342634187140042,0.1817716006551986,0.4193411011995011,0.5249957846555077,0.36822483314236054,45.756949496140514,Developing
0.5975862955701972,0.425547722625483,0.4058087214018713,0.6045917149305469,0.16034692530843478,0.4124940972030127,0.7261916828905535,0.30665517415910826,50.170458117679765,Developing
0.6403239872322042,0.313249843575017,0.37510325761758906,0.17308151444986056,0.5372733360565412,0.5911343870102217,0.5048566040244158,0.5471325771943065,44.081378151175066,Developing
0.8087282043197948,0.41254861406221854,0.4854621664511087,0.5695102028569003,0.3008415438944693,0.514760129855837,0.5662278076151317,0.6415225806711279,59.19597358751559,Developing
0.709947721345813,0.5386010571952159,0.07928557884348167,0.6040627814838506,0.19852979893269002,0.5161143516948152,0.5947665713505709,0.5370870563685197,59.22633086220604,Developing
0.3429362652820835,0.6620087864112918,0.09035937697036475,0.505713652939434,0.47549100120431975,0.11249247533164877,0.8010259005097426,0.2977134014666738,39.91854073476148,Not Ready
0.2864777415380993,0.36786955171066554,0.08022006310669424,0.4058889193048147,0.4903971878763902,0.2716660563248915,1.0,0.25817950735265555,34.86806193631375,Not Ready
0.7917608494290473,0.616490418890103,0.47262551180641016,0.44576795689489473,0.10021085601892246,0.5724322697495455,0.46721834877667384,0.6591637975735409,65.93297401314851,Competitive
0.9660581896534716,0.47664752314739506,0.2048566559538975,0.47195035987343464,0.5294338397924768,0.7237320986675263,0.22130476963833465,0.8373551245204081,61.85228648622396,Competitive
0.6970700626726563,0.6977928751844368,0.4704384816229578,0.6068734936720377,0.46246387882274115,0.5663755091680853,0.6186616251211803,0.5529222235718675,62.66986563949281,Competitive
0.5819962531235917,0.573034580560257,0.2653023720979437,0.40106167651431773,0.014808347484202365,0.4307153054964547,0.47561335883180406,0.4018323446426021,48.862449262154264,Developing
0.6571436820573838,0.4877911090494722,0.30270193435826237,0.6010509648580996,0.6151013333160157,0.4093777966789876,0.9085187608205477,0.5149012526535534,50.0210429833741,Developing
0.6277877675611546,0.5937505546072489,0.11079343289075015,0.4141972576296124,0.3384521789313633,0.5930304352043917,0.5017590093504185,0.5415946524210371,49.80518777105513,Developing
0.6452299656401378,0.6126093198491397,0.46506750223649185,0.3986460853538259,0.35971597265150107,0.5932654563871878,0.7790719945833187,0.5621353985641016,55.493589611866916,Developing
0.7120005375598226,0.538125310102067,0.6680300370523652,0.4747050275452317,0.0719819717056258,0.5218058867980727,0.4678414926011482,0.49893497059744424,59.654580886831184,Developing
0.617883185820922,0.8361650791592067,0.4030542246780802,0.5594936959519936,0.4432099221064076,0.40527527031461685,0.7700650039139195,0.45160371277993805,57.26521446829023,Developing
0.5177422733324157,0.3181324509535243,0.3735286198147445,0.5753666458915265,0.4438118120950048,0.5143626728559444,0.5184812695416675,0.36091645496336916,50.48920527036178,Developing
0.774805990589181,0.5215219108888882,0.3664646592278051,0.3285493241992561,0.4526241638279191,0.5901666325437693,0.7033928181126207,0.6454719562246664,56.4810200690937,Developing
0.5435453819471417,0.6181017866066002,0.42247166876348263,0.7037625328694731,0.2509747291873881,0.44569997012720314,0.5677990665060336,0.38244785802626496,55.10171198733224,Developing
0.5908773862025187,0.6120322052363434,0.3847892923616346,0.40029052035770646,0.3247358091690889,0.4911900694039305,0.6867827111393552,0.5313519891003944,55.96712342572663,Developing
0.7608020792597306,0.309379539568735,0.5253092180722517,0.49191117961803515,0.30268913169078254,0.523623205548029,0.5891857611502469,0.5552058412314503,56.03861463904206,Developing
0.7781616680699719,0.8498090188965183,0.3858771766326102,0.5729787813413041,0.15086138195730625,0.4153406219333869,0.5500701147217157,0.4792027836813336,58.558311131039524,Developing
0.7946750636576663,0.3267916111637804,0.18888481481171177,0.22901054504377158,0.42269880179692415,0.39315490412844745,0.5408603087033675,0.7914385259112845,45.375080401661144,Developing
0.7290707957555614,0.6529771231436416,0.36032756592900167,0.45898605898810363,0.4007488899635008,0.4289830737113707,0.4709227867480299,0.5233972155217288,62.2209455234547,Competitive
0.7425974033144636,0.5349610627714517,0.4291360290807425,0.5316889726568866,0.2449236130021684,0.6084461890785584,0.5255023787828512,0.6392354202997534,61.89750220412706,Competitive
0.5525318763811531,0.6657874693969438,0.4220275545932484,0.35621590412550563,0.35333954162125564,0.4542688586760915,0.6333817336106912,0.3979454116528336,51.98840213678058,Developing
0.4166079557756257,0.4599708149689675,0.3901259025168631,0.5440630756912734,0.38772669893774125,0.353714527761071,0.6914993907957008,0.30043617434452,39.578369459411306,Not Ready
0.28917644777584484,0.28931195161488676,0.4471160316921042,0.5543694235353627,0.32693546125345047,0.12288020368512348,1.0,0.2270546197889919,40.11201807870528,Developing
0.7456775717634171,0.7043883554517781,0.20059320494605695,0.3346944261460593,0.6209648125011831,0.6649471535541587,0.3288531640571333,0.670184698435246,57.49175308196326,Developing
0.6719373286246373,0.5289213518330755,0.49292897084747517,0.6283596033193676,0.648358241817401,0.7229252467944964,0.6225991393629536,0.4079095473839882,60.72692338476402,Competitive
0.47281722468840565,0.5588169750057184,0.5437170912447983,0.4349928506517844,0.27843744337298104,0.19158113241152105,0.7482139931835013,0.5986538238638255,54.019892546835145,Developing
0.664133151559139,0.1811125354634433,0.5867920621134775,0.5781364556841481,0.42497302899844985,0.43267385593401186,0.6182414490033542,0.5266116377010339,53.591401464002516,Developing
0.4451997642980909,0.7829610422215804,0.36654120878079327,0.268896442840251,0.371759510714882,0.21940808278674045,0.6917900424596237,0.43461397474330565,48.32293475277945,Developing
0.8111817810983254,0.25692585020571096,0.40926644966993453,0.4564038613713537,0.3839539927638243,0.5167694600704484,0.3369974745220172,0.5943320545282964,50.51556296423702,Developing
0.8164851212447434,0.4290263510522299,0.48823127288990753,0.4943447643408483,0.2907412123163763,0.494632852298183,0.3761451504703446,0.7112974278631286,58.68868766657778,Developing
0.7847986227162654,0.5250526238973304,0.33821799514877465,0.726663752555263,0.34035269297309445,0.3441609240307707,0.4595012994662015,0.600863729033452,56.7687333307495,Developing
0.738673895173056,0.5465084709609572,0.4478287462498038,0.15503320558077016,0.1466477093974695,0.6876120262067213,0.6327024147882357,0.5971845279114715,54.94049809576628,Developing
0.29424156840109816,0.6240676720700893,0.33876507603351735,0.5448677817649935,0.6120735628501351,0.22893222234719562,0.8501339059478208,0.3414094488504998,41.742898067780274,Developing
0.8392531430517494,0.36703344002815563,0.375873859462892,0.42782994114399864,0.34676036291508217,0.5958695147572768,0.5430566609317884,0.500742711414122,58.97732527122677,Developing
0.5300505920164416,0.8507393372745544,0.3112868522494933,0.3121171755297969,0.40555134095396284,0.4115463745276173,0.752096556286677,0.4001630410462212,51.29912846156524,Developing
0.6783608177041927,0.4381672731632672,0.5291190974957625,0.3789113648197596,0.5165407954192567,0.16264460697643995,0.3091229780957713,0.4493257624108096,49.68088734812592,Developing
0.7435756339408971,0.6305734850683005,0.37791844202996333,0.5233894382556424,0.3252685964199442,0.47316572503890847,0.4547873612470672,0.6974468410304376,57.55650883012005,Developing
0.7559336923453459,0.4196621452205326,0.3372754129374666,0.6020653305593531,0.36422200857258563,0.5176410109929082,0.5984541910507031,0.59148356341832,59.48114543270113,Developing
0.40329990554615985,0.7515545879118549,0.8299231881136515,0.2841449319828066,0.3027818044953575,0.40320799554019127,0.7483731036006901,0.4717205599644674,55.35214498336066,Developing
0.7929350506526428,0.366941109018656,0.23398215761490268,0.4163832009951111,0.7221015342415474,0.565528161921931,0.35214822387491285,0.8549007807189654,55.03678976289314,Developing
0.5899591617260214,0.4394827741638833,0.3589813250952519,0.36231671601189724,0.30291233656063926,0.5816144115139177,0.861555762081007,0.3392620918488629,56.47190857962514,Developing
0.6679195913067586,0.6412004903863967,0.20546416818090404,0.2499344031381481,0.503097583001204,0.6230505866985282,0.6863567997210615,0.380230248249738,44.285411997310234,Developing
0.5520309728375494,0.6994199529222169,0.518666596996113,0.700619259777454,0.501853746358413,0.28042812009371937,0.7316547839793645,0.3206895298842337,56.69113718064976,Developing
0.7874522295027475,0.5915624140935501,0.31293567610562917,0.5151752948324354,0.21421034236180922,0.5233503811237636,0.6410728978653923,0.65273550649129,53.94227198653834,Developing
0.8619100991710652,0.48054316026696714,0.36647263024098115,0.41634863211407647,0.213420997795367,0.6439947386087683,0.5125353538782436,0.7654039758573696,63.97551123004399,Competitive
0.635569863853576,0.49512895889333775,0.48795478270119996,0.4083290353495648,0.4501249326426908,0.3579384430719195,0.5737491231364169,0.18613699565621666,56.12625324821017,Developing
0.6010303266816412,0.6372584343051398,0.11442713679624282,0.39214944559116666,0.7445983116952776,0.35766512967525566,0.6391672706786512,0.565304999086111,51.38063106125819,Developing
0.7821137459807552,0.7145926027162955,0.1906863274196267,0.5341479744804729,0.4521823894460363,0.5378125679338539,0.6236212435921649,0.7920334123936574,66.6550969479865,Competitive
0.4452385799122931,0.4871670220462415,0.6206939993581746,0.6808933425886378,0.3402786022457014,0.2970556486186107,0.7898076414510192,0.3919512274201122,50.355679196882015,Developing
0.7784583823113371,0.20776496695896624,0.613352216512511,0.38976536110619153,0.44194875396662975,0.4628863799697687,0.6804754594498899,0.4213439955729831,60.82285409458233,Competitive
0.8259504328481617,0.31164883051349584,0.45130711722430955,0.7604305357974633,0.41155830503781327,0.5359870824664849,0.4905726212693551,0.7226383029066875,59.6915593717929,Developing
0.6086435340249314,0.6440622616162932,0.47082496318411843,0.3322748865710702,0.1527314535790796,0.460925703152746,0.8299531180780471,0.4371313749578027,51.33086597705039,Developing
0.8690846179311708,0.5411002303748929,0.215537905462325,0.48596628152799826,0.5520221006525435,0.6010134509749755,0.5671055084582429,0.6194301537689312,61.698775045070995,Competitive
0.8077482179382404,0.414209950597748,0.29160426406308376,0.4738730083783943,0.3791495711117098,0.4645411475525571,0.531831592032846,0.6959939347279758,62.83755158365856,Competitive
0.6206241253097933,0.3792702951289682,0.32462980276858316,0.49937050030204927,0.5138562288758134,0.5966776277835244,0.6478094800300838,0.6106980895761778,54.878356241176526,Developing
0.42048317696278437,0.7597422168557036,0.3498236196681085,0.4744403737319444,0.49966503862515754,0.5930012507835455,0.5807891206832377,0.25428805120521725,42.8741981101493,Developing
0.438730897531532,0.6718515643733843,0.3415087963744141,0.566470585918793,0.474362764470551,0.4068791758504197,0.652013188366274,0.38545149707061604,51.06595735967708,Developing
0.7666681855010438,0.5690638391168561,0.4562981477923777,0.4289390487173761,0.696084002952692,0.5374667281091089,0.6156805365840081,0.7972190870487073,66.10997906922033,Competitive
0.8273755218325246,0.6450052975802766,0.6583269505313281,0.6830349098611832,0.228384930702369,0.5384986053805362,0.6572171616845154,0.6822940911004792,65.6896242597221,Competitive
0.5891620388398976,0.5747084118609066,0.18348074115404744,0.45766661742880993,0.09661873521567425,0.4030328772734596,0.7459424636628963,0.2843565701000517,48.07530804233941,Developing
0.615035675149215,0.4420758687509623,0.3373494017508451,0.5449365501997546,0.2731789260457508,0.42925731195447103,0.6765957601140552,0.6327081823532745,51.875380843571314,Developing
0.7110199569308097,0.5775171280153342,0.40040557077866706,0.39474505616371364,0.20767473264389325,0.49129041064796236,0.5437424909262764,0.5804295214514534,53.75271783071057,Developing
0.8244213446440376,0.5192646934689751,0.7748338671844133,0.43807789722721774,0.6432816546880611,0.6088525491442579,0.5445839486987518,0.6761227266945374,67.0595908570576,Competitive
0.6757180398362421,0.7270778009413458,0.44813692216780526,0.3902878490655491,0.05245475348022047,0.5320447735980125,0.6473058765640247,0.658289157224978,51.70456635246903,Developing
0.9395175111367713,0.6267763386619747,0.4925798080897902,0.22793746187747604,0.3670955568797215,0.8318094952768783,0.31709474516737857,0.8380511512016631,66.5359762944214,Competitive
0.7752101818004759,0.6254500496249924,0.07526158635179409,0.31186114158521094,0.36725441823436483,0.603263322110628,0.4230790148009882,0.6275895542488945,53.11776643776727,Developing
0.3675291555213143,0.49550455846060354,0.48868362043493807,0.268081928300074,0.1873420114703134,0.20536720596515687,0.7781256255386331,0.3938800215876919,38.34794917144348,Not Ready
0.6939622397552528,0.5648934967748294,0.42875805519264354,0.11417673712094276,0.4124494509944637,0.3997859670750622,0.569316237709059,0.6323490950053547,51.92313828574864,Developing
0.7805168327144557,0.6265996117776357,0.14506391288590223,0.6778218068324682,0.6386594169767975,0.5700541144366119,0.5502949202119652,0.5291483828655181,65.77489792573385,Competitive
0.6385544484420015,0.6161983372561957,0.6349068529998393,0.36193231979879187,0.5031950586109956,0.43673175765870303,0.490219090838529,0.4960986179001583,57.68337882319601,Developing
0.6136971998243276,0.6763934202782809,0.4688861854304257,0.6195550323654591,0.1975897049832508,0.5768647461857591,0.6855553320803959,0.6721055279613322,61.1737736711279,Competitive
0.2648958431768846,0.623848513810676,0.7021581622491059,0.327036934639032,0.10202912090301391,0.256005721197341,0.8236291424490962,0.09509008380019221,42.13478168115166,Developing
0.572306348467481,0.5043785222371698,0.44051565453273495,0.22892023973738268,0.1313289530880549,0.3145212219219295,0.6069912987725997,0.6177085394078985,46.5762973632472,Developing
0.5485683388278871,0.49839587620837705,0.3480993111396579,0.44938976828597654,0.4323897347038572,0.3613569846670999,0.5652826514707734,0.5275570191956395,52.67871600878677,Developing
0.6239146127787557,0.5686980902234309,0.23717530543231838,0.3186950170879739,0.23588619430410643,0.36277500958617404,0.7521298720061078,0.45779281167036784,52.910435577328954,Developing
0.6072037605403908,0.6004637049218869,0.46896563989365053,0.3845221261286435,0.4834758979940266,0.6031037155144412,0.5774006594960095,0.4279726574442392,57.43472178944405,Developing
0.7406955452632399,0.38121290201805,0.22973070408643934,0.7189329339463264,0.14240836784058658,0.44180886176499007,0.6961057283039992,0.5003432574932665,54.176899194836956,Developing
0.3060281904436959,0.5102062053775696,0.5495506278808406,0.3806871771151921,0.1368220745984265,0.08856151750141986,0.8658141906412425,0.30225776000833404,37.81952172724802,Not Ready
0.9157172024105151,0.23884034348742567,0.6328973140673436,0.24942514686960812,0.3347430110865378,0.5929077735489954,0.4772425135459752,0.7991453384383493,63.203618455546746,Competitive
0.765503242389008,0.5844671864879892,0.35638044407703723,0.31847312960240426,0.3800743789245991,0.4063530275949965,0.5624662868025243,0.5041697207663898,50.44159038606305,Developing
0.8737220072531781,0.44682675812144207,0.048606968815965476,0.48058727312341476,0.25899264380686654,0.4837803989421301,0.46927377899011996,0.604974185370589,54.63185590415537,Developing
0.5438119564202215,0.36687847635883614,0.43604532689518927,0.48154028462394993,0.0870027422065733,0.42921344875885664,0.8855550204728216,0.5376979752077974,51.11112718012561,Developing
0.7752506400450012,0.47125748645195953,0.05877560805038727,0.6369984669393091,0.5471737737252964,0.5496531795504874,0.5384868144430555,0.7384112096609347,51.9492494817204,Developing
0.7104712701607179,0.25197544602410843,0.24120879490746674,0.6040257119228286,0.6257620898841745,0.7258105367539651,0.3835323014047145,0.6044625047707101,49.243998951118954,Developing
0.5832875381784319,0.3002028618729601,0.20772423527862027,0.44810358474652295,0.18565205376990906,0.6309471942382812,0.7090044663758701,0.4361784016957717,43.649836463901174,Developing
0.5161937687371534,0.4150015650363766,0.10680006745229559,0.749825038192465,0.4709409669542682,0.38456034927125254,0.7798483676430169,0.31870642390141707,42.734398284702905,Developing
0.5130467266681725,0.3368378777060725,0.32147522942278745,0.5058302563343023,0.33283950428071574,0.44133432439143566,0.66456151479368,0.36562955394725294,46.30700915321867,Developing
0.6672252045169762,0.5700173736179666,0.46429230809230937,0.4167357929636643,0.16019242065372277,0.4490111683805488,0.5775445565261584,0.5580789513675303,55.27024844215951,Developing
0.536497869044142,0.15500737405098547,0.6235456325226463,0.2629736155015867,0.28131844965352526,0.4788307325242303,0.9259756343324022,0.4013308530635154,50.43442238802767,Developing
0.9388372976661924,0.6795765234675822,0.25622679149674127,0.7047641590355603,0.6270274232175501,0.6600670122009628,0.280416345647696,0.6480855061250905,64.90913200160509,Competitive
0.7049624275355528,0.8137528634468638,0.2322742054406693,0.2984048790855096,0.4844751329540243,0.45553337833778584,0.6228068773106997,0.5622242050833794,56.613613500391054,Developing
0.2247304048081011,0.36725794067840245,0.34432001458693234,0.3530680077308404,0.1844905258503183,0.09466574067437948,0.9278338657757244,0.16515924867105458,34.64151205076598,Not Ready
0.5700719708834683,0.2964439877770216,0.3354152353584205,0.13596555447793354,0.17876753924090877,0.38353897715524543,0.676439588517366,0.6109385076144949,46.72995264448969,Developing
0.6083945643488811,0.7526300047092347,0.39708315095537605,0.6581917642032894,0.27151822033421685,0.4304407593877041,0.6266109176718665,0.40692280142501847,51.25218796169717,Developing
0.5799306976583322,0.292317866566684,0.047201016872262136,0.3503440841093895,0.5634411412607626,0.5096615191267623,0.788451111035552,0.4517871000433886,37.4531913875785,Not Ready
0.9050836968016011,0.5361172605553951,0.1809037830484123,0.311000448553393,0.37116021317358144,0.6382247562931738,0.40436113363863135,0.6378634580330477,60.95749757119053,Competitive
0.7349971703615752,0.6664396306504348,0.2852563642412274,0.27804155592242236,0.533524393248032,0.3978584200089189,0.5994748125345957,0.5659248652268821,52.008230353304256,Developing
0.6207346744302187,0.2617493448483701,0.4070180203744993,0.43204749657938196,0.21106806663354602,0.5797336542079884,0.7699933452275842,0.46039926558564354,47.320589976562886,Developing
0.6619304782678336,0.349870697804769,0.2571842804933621,0.3780590352247552,0.1782836191660178,0.47264462271454366,0.39752143130300077,0.569637205243235,48.57124996496785,Developing
0.5435966100788001,0.6086486725005584,0.408759423083877,0.2474046543591538,0.13221710499997427,0.47707143170388183,0.7394770697593595,0.3802279596676594,48.111805094700536,Developing
0.7447437421852865,0.6886785959583815,0.38045826650711423,0.39452829468567646,0.6026637132672976,0.31542234970278926,0.5950820206642471,0.6333474078937861,62.18512861882362,Competitive
0.5671437054923252,0.6134821716078003,0.5953127619496645,0.37749583391721375,0.32948199758589897,0.2751505385212999,0.753745312349303,0.5489221790161493,49.113628062829946,Developing
0.8152499693342763,0.361847066450753,0.283106341289755,0.28689277887585013,0.10450473593207059,0.3023204410444131,0.49975877439535354,0.5964858532909977,50.67483224577809,Developing
0.5486912520272426,0.7820347486214476,0.23615921484575983,0.6489193787206538,0.26288862109377636,0.31301512464065084,0.7945585001175725,0.4032185335954142,50.270538775820654,Developing
0.6351825170523444,0.6601345668487408,0.3274274062229553,0.5736556317593587,0.40547965797913754,0.5291015899286132,0.5956275352708289,0.39183615863355625,56.81489333011081,Developing
0.5890076823838474,0.41191773158024186,0.42737069204472966,0.6048481418914018,0.35326124679210397,0.433780469388656,0.6654310017513492,0.4859547828341625,52.1918834290213,Developing
0.7612847982542933,0.5671083147534135,0.7135563274934055,0.5111359705642089,0.5682533709578459,0.5513430509620498,0.5333913374348334,0.6296582249814024,66.4105372226287,Competitive
0.8678537773987824,0.4429862574451427,0.49036259304338536,0.3467525893496529,0.48796469295346406,0.7692880952156872,0.5443356774529005,0.573240830888605,67.61136009412296,Competitive
0.6508241398244256,0.7938233013441561,0.1981529873468408,0.4226772625521137,0.21434899123127216,0.4919670625065244,0.5506396794795553,0.5740900307300364,56.08749391703102,Developing
0.6774925160770964,0.5889558966930017,0.7041580235507832,0.3519313336478207,0.2900816254793389,0.4763159503414117,0.5627930332573379,0.4939022113140895,62.72805913379933,Competitive
0.8730462376122239,0.3285942253894786,0.2398694862114667,0.5802538227672505,0.18767832489664313,0.4693657756699392,0.39693754299066036,0.5830523867962549,55.086649822100235,Developing
0.7223594093338822,0.3048142432864636,0.358453626098655,0.41445988106172094,0.3852609104189151,0.6083750616144461,0.6797539409250933,0.6028212651706689,56.530259633781185,Developing
0.5349318559620366,0.41833304411170963,0.5502677305522227,0.4735024850585729,0.22266887760065343,0.6129826693293468,0.6183291369303953,0.42989485141347483,49.07250803854293,Developing
0.6236130887071764,0.34129339506941353,0.6546561175773999,0.6187716811878619,0.40293409631164395,0.24143941195942342,0.45654925614323066,0.5458390267516983,50.97513690993349,Developing
0.8466059759130931,0.45654893187055684,0.26267718318598793,0.3519891251014425,0.37003913948898276,0.6186547198472828,0.5062667852467383,0.5981674388938465,54.40975582237265,Developing
0.549000848063743,0.6060972813546197,0.13443173163832695,0.7464824792470519,0.226819562407701,0.3364105439838743,0.5538463060776762,0.3654816048838023,54.07492092077885,Developing
0.7119951591700732,0.5583776371194333,0.3904633953676407,0.4533184170852495,0.7329622099860826,0.36312622690983754,0.6586565866740836,0.5869610697288195,54.66768830189954,Developing
0.6464809588225494,0.6228214366096334,0.22456012735343645,0.49857266628147673,0.5615989804147651,0.3755038147972555,0.5537747674721472,0.4114726172072022,55.07686093795522,Developing
0.6434901634391466,0.38174019619078886,0.5621173707839702,0.42551410058537087,0.8173077240379025,0.39437539730285986,0.6052730991759278,0.6386793420269975,57.22699839842101,Developing
0.8805432935223587,0.6750534865848125,0.6350447259172337,0.4046376027048231,0.3865867586883645,0.5663999621341116,0.43644976056899676,0.8896247923476076,70.0536459021065,Competitive
0.4365008069049525,0.5784344200375221,0.33152203654282514,0.49212862434056365,0.4914164289859215,0.24502817421529505,0.8281865519928021,0.11511220647611564,44.47645515433308,Developing
0.6610134135893054,0.7855045741415899,0.462014657478402,0.804047792675359,0.34653314173995436,0.4664153339986358,0.4971665009041176,0.6249334640803678,62.144121850117486,Competitive
0.6077448408495583,0.1595992914159668,0.34763767202552837,0.4350148881723387,0.28667776154422553,0.35178655046551005,0.7601557747064147,0.3817346472657727,42.59540438333046,Developing
0.8727995013602704,0.33993808184048024,0.05516660282723198,0.28988230091154416,0.5774646663254885,0.6856770673779574,0.5053261448635262,0.7544201033355911,60.357054839826425,Competitive
0.5965859836039722,0.7040439909002066,0.27300930269482654,0.23716519606121,0.31652239908866947,0.3378900632209485,0.687259988291426,0.4327013490299144,45.76927987313579,Developing
0.8531152845182888,0.36539530321635216,0.1624128080387185,0.1705720447448192,0.44851627327397653,0.5846783092400956,0.5499849116911969,0.736149000703952,54.89113171970298,Developing
0.819103480721082,0.29696095327417077,0.2740788234141754,0.485358210652762,0.2550051084274733,0.7990453085248725,0.6119036093183124,0.617930870535651,58.243859348240555,Developing
0.43759426743969226,0.5257303095573321,0.1209218782111211,0.20953958598827457,0.14515896217521096,0.2524676571494961,0.728751772608252,0.3447349714160181,37.75851379476535,Not Ready
0.588382026458987,0.6432708809155852,0.4415684433016141,0.42113550744748834,0.7277554156569517,0.31052860678563055,0.8040251223467025,0.2886212986967613,56.55208683611267,Developing
0.5523372381703512,0.3815234719167138,0.5784122832409929,0.2439697659069297,0.41269667633293644,0.25874304354708544,0.611960487779331,0.7028085801332371,46.5682690909467,Developing
0.6547985791611493,0.25702189358640487,0.5537643482486598,0.6023715729935966,0.17218696141841855,0.3276841090043841,0.6722645673485946,0.4024478975409227,50.77001391487636,Developing
0.5181701945746164,0.4461921347659375,0.3315092087040762,0.5676123878715434,0.23978994450151683,0.26308020935887155,0.6672845376932682,0.37706161897319185,42.388462088589975,Developing
0.39484836546202,0.15785997618659817,0.3300876816843199,0.5108201615407915,0.33764549232396157,0.18055075697665873,0.7528761748086588,0.41349975330265154,38.17560951630558,Not Ready
0.862491281142694,0.18936572878813376,0.5001110438629757,0.3598632602761986,0.3316766450135767,0.7179254996213004,0.6073138999349714,0.8994055245773532,63.59642991382792,Competitive
0.6038721814780097,0.48343495197503056,0.1518877620502747,0.4776320838361927,0.465141511242993,0.11236514345343701,0.5646054993633277,0.6567429597571928,43.73726072087632,Developing
0.8352352059370253,0.6614218097600493,0.41757412163351953,0.4960741006261204,0.36669628396923476,0.5026706868924871,0.3287501674388884,0.45756926409290954,63.05978123392007,Competitive
0.43638795236385225,0.6296754891865517,0.45502736850698483,0.4100006083943716,0.21205718011700733,0.45271923700385264,0.6621322004319519,0.44085873279505067,47.668406159993225,Developing
0.8282522425099418,0.5869794843846509,0.24741522662856266,0.4552053859479471,0.2986479422675689,0.48840425982210844,0.6762613682580426,0.7008796531950969,59.280279444804464,Developing
0.6722412168846656,0.34774407295946586,0.18150776836613491,0.3745497006451213,0.3158807746283717,0.49516381144745625,0.5606492454548193,0.6109139549610725,51.311622980960415,Developing
0.5662375468832863,0.5455196840754799,0.5226152439728874,0.2886993499835902,0.26121592812606736,0.4645611900028789,0.7708992926054965,0.3799312753126265,56.74734396726724,Developing
0.7311711343466571,0.562746768496761,0.2393472425778519,0.39927210089074594,0.2767207744227587,0.27024437442328036,0.7677850744678423,0.6430104228951625,48.99858549041328,Developing
0.5329587728002413,0.31092809185292847,0.3015747038316112,0.5976947797634917,0.20133916343571806,0.5589789835517732,0.7331763931331353,0.5013388350281218,47.50896018406241,Developing
0.8484086067391265,0.39806531466538425,0.09807027983140612,0.2842162359677094,0.4178610939801433,0.3321073934936436,0.5953304614114618,0.7097566652605756,48.35630780824041,Developing
0.7170834155751143,0.2178354875016239,0.16967878484749596,0.34397858599182624,0.3828242263209412,0.30923379026774833,0.5711438021468441,0.6999484986179184,42.43101565655701,Developing
0.5463285036036982,0.5304896092282357,0.49613914011155563,0.3580243413847768,0.14615958912689864,0.33882189146424346,0.5818689645008733,0.3953947645358216,46.44859418175513,Developing
0.6168421393415241,0.22210463952847354,0.5168968804720759,0.5581144145302486,0.1176954950594719,0.4143571676613224,0.645831107873065,0.5573206927386858,47.2997080245306,Developing
0.6732338942988536,0.33805397092221195,0.3359029662337621,0.3600434549470536,0.625929386878816,0.5850290608103232,0.5755622703940781,0.48886715615618,46.66291713693724,Developing
0.6050594401068782,0.6753746796800725,0.4549595120649592,0.28241703214916675,0.6140614239354936,0.5148854049032056,0.7534165066615824,0.5153467582229484,59.62149781002529,Developing
0.8709505799613491,0.598605124966016,0.37466411728799526,0.6673439948928327,0.46705938234674105,0.5367234169123578,0.41710665600108804,0.6466384385988508,64.92192958598623,Competitive
0.8222800374898285,0.792239994750754,0.3860460644018962,0.4552534269653279,0.23497490375766913,0.6499058125317606,0.4536175781750964,0.6743682373053345,63.768560551778855,Competitive
0.8775143940183856,0.5695676569172599,0.5004523043121142,0.5853786043695466,0.43225777310935415,0.7526991164650276,0.41932635178365063,0.8059951205121455,68.34371454733781,Competitive
0.6793958355513492,0.6310619843517573,0.2495434190423861,0.4809383314051906,0.30541861807447196,0.611494054947106,0.6661999788869402,0.5566033949750573,58.3886334749813,Developing
0.6442461344472026,0.2296127015609537,0.4888062239505199,0.4470227373865512,0.5334616549572925,0.47664846577372627,0.5855505485093594,0.3976811050526453,48.28539555167545,Developing
0.32522043920958216,0.5916196063288616,0.5510110789275756,0.4813231921594072,0.21640727360319068,0.1911660509903863,0.6485179249452844,0.21462319953525133,40.07548350349422,Developing
0.473322660673085,0.5263821311721644,0.19070778254907508,0.38916036040179436,0.4254954586860323,0.32458663466983684,0.7832235519128243,0.4677518892130222,36.81028838971886,Not Ready
0.6693052684651274,0.3278169414857447,0.2759188217800545,0.42514723760230877,0.060919101826961274,0.728557582110841,0.6101713558330516,0.581453076573688,50.027799914391736,Developing
0.7388855507961198,0.33176903111885087,0.1661387185033585,0.5868912070139415,0.5397546159121346,0.5121679353941867,0.554849359449169,0.6553652351157805,47.758236429171596,Developing
0.5722596806022625,0.42215894943316934,0.5485227888809131,0.3540644031562524,0.12061466731552356,0.34470129974306113,0.6674517294420251,0.2831859433051272,48.842380538021644,Developing
0.7153312677509936,0.4469472176701535,0.5883852245364452,0.4614714075797317,0.6675260858577157,0.4636835719586032,0.7076088167153054,0.46220228778492506,56.982239640467704,Developing
0.5790748256463633,0.29993973473945856,0.5936208212962417,0.4751517816185361,0.20996982237236578,0.506926966367352,0.7389525448728843,0.6238011213921957,50.80273312141744,Developing
0.5908298415634958,0.7135540841317229,0.4017609686005918,0.599033711319448,0.2984885044612077,0.44677725899905835,0.5926714775792477,0.6291215283106624,52.1087433949991,Developing
0.4468274528862444,0.5522418476810826,0.4099827994529975,0.3723367235938967,0.5080492922962196,0.43468989748308356,0.8356672488875376,0.4168295982451595,46.40078409220099,Developing
0.843320527024954,0.4895294094772746,0.49714200331500097,0.48021089679471957,0.09224830438151764,0.5206398162482571,0.48365385471218353,0.7823219713747795,65.49301960048656,Competitive
0.6230445273032647,0.5878587690436158,0.4892512896013444,0.41412339313651575,0.13410965077442336,0.27953148418992846,0.6564463845625783,0.3210736069510252,49.353861562879615,Developing
0.6584951666549249,0.4769658415014865,0.5622157735191878,0.21866346877203302,0.5203639947022012,0.5498688982895512,0.5345878168874981,0.5792257295250172,52.224984294886696,Developing
0.43700022278994877,0.4602238791086429,0.45428231562859,0.6148640947838399,0.34693042073320546,0.3331267528287331,0.711241896374887,0.12119778377050136,42.17521741200881,Developing
0.6190904873844731,0.7191359890491927,0.4261328759995003,0.5292172458528722,0.3155041432137397,0.35001433761660156,0.6644505543098645,0.6235800064078161,56.61301674790729,Developing
0.41039606622859665,0.6701322221590866,0.1378458846926058,0.4348435070396516,0.2672098829164827,0.42236977185553787,0.7467787731822982,0.42569948582144074,47.69487636562877,Developing
0.7650464559361236,0.563412013484026,0.6509034576946475,0.5288987119891271,0.40883089282105883,0.6098838248395009,0.4615289108328586,0.5207826005656679,61.586055200446154,Competitive
0.7398000511606326,0.7030629138872699,0.7258925508702845,0.28887414040123655,0.3500176098598405,0.3831286233425564,0.6411184664100841,0.5689271905927157,61.53862004900872,Competitive
0.5303595028300016,0.8922770592852922,0.4803009082261782,0.3252264242355869,0.27535483093514324,0.3503061569620951,0.5762643687752238,0.5238577778200525,45.45925552139002,Developing
0.48654582779734246,0.7022245824607134,0.3106136103203623,0.6245734323185624,0.3720438979178513,0.2705712502697731,0.6117733759344222,0.3425984160884419,45.42525442378708,Developing
0.9777021942197839,0.537017220308266,0.3497093731772138,0.41248376269859177,0.24559051010474214,0.7402686622966096,0.5984257986046488,0.655992078230414,66.44031354612672,Competitive
0.5431070764560199,0.20004836126083841,0.23426237666493757,0.2971725927236583,0.2393998463456367,0.34254104657817713,0.7997462796480773,0.6510324244471832,41.866740532063915,Developing
0.6969425472504905,0.741701487796212,0.4458082242745026,0.20438306822741262,0.43760777167838383,0.40548797196751507,0.7396253970199513,0.6585105233354113,53.19955501346425,Developing
0.7911739679615528,0.3046109955995928,0.6964192771812547,0.20916788892306665,0.5110654392674634,0.5877859347884459,0.46381882719488987,0.687017849887948,63.55485890765508,Competitive
0.5360206825210609,0.6070296943852601,0.3412687397234287,0.5734327568414234,0.4819379240808896,0.5229650091525063,0.7239881658345291,0.4642822410850819,50.236836885879946,Developing
0.8680689385004766,0.4293483495707938,0.2896486313691357,0.5258978478329994,0.31641729023932164,0.6133453914317522,0.5195822347588905,0.7555039167875554,63.596721456945815,Competitive
0.48447300598427573,0.45282266553971007,0.4830450096187161,0.6522643104698347,0.2278581956932361,0.35657635611644056,0.625579854834928,0.3757378516377218,40.521445255482995,Developing
0.5295346068645252,0.6828706808645534,0.17878913927111262,0.3409261493853041,0.3834827031080521,0.27611090062092036,0.7064815020971817,0.4060659176383739,40.96144473581666,Developing
0.6726851533613024,0.45302007150257556,0.18242679918259844,0.21104647127741102,0.1805754028593704,0.39585316481573185,0.5546269484104295,0.5457820900032238,51.50151679128779,Developing
0.5565631245283205,0.4472206302379779,0.27178910585622856,0.23537338634300262,0.15671543523448309,0.45607617182003785,0.7976757414388203,0.5431350918602147,41.59531181729312,Developing
0.8652196496280279,0.7042259393849525,0.5386619935297938,0.4719355446249669,0.12886341148643876,0.6149336060507417,0.5343715545802009,0.6805811267834723,65.03631761272074,Competitive
0.3965235756802936,0.5857530823027628,0.40705010947195347,0.6590821323641036,0.39986459591757767,0.3535648270611652,0.5527003764787686,0.3507845778243079,49.32997497303318,Developing
0.6201989236742231,0.4588544397495815,0.2232436684156741,0.3559499950697631,0.26007523063537846,0.29072226096088677,0.7301830556699997,0.5272188331136078,44.20505388366962,Developing
0.8649333436613954,0.25896516910442136,0.5888319541894147,0.7642520909364882,0.24025977260347875,0.7342675446697514,0.46179714997717636,0.6845777944245619,65.43496292097699,Competitive
0.5065300376174156,0.24719922511412742,0.6352471506924542,0.2710501561765943,0.16712834495082768,0.4043807808375782,0.8231212860464452,0.37249409377155185,42.63817855579347,Developing
0.7392014716505956,0.3808208582263566,0.4569880439975937,0.38918947019531197,0.4222797869677034,0.6557875002097627,0.5973000999286597,0.5897733122580283,55.33552444342759,Developing
0.34242657313509883,0.5083152953752996,0.5579552815454999,0.225848415497176,0.17414796898317217,0.23661777092110245,0.7475419261563436,0.44439154203617504,34.230791215099565,Not Ready
0.41834652946626893,0.24823660315001414,0.20145701451358058,0.44902803663741325,0.17291436861693288,0.3774838173684807,0.8410445288752805,0.36879719263197297,36.08673955510654,Not Ready
0.6991015800676375,0.6900953900603978,0.33156976020898643,0.5000049803789703,0.1819616659364537,0.6222492231426147,0.5594639505148163,0.7685745122169461,61.700561168232234,Competitive
0.4512671085055939,0.5559329903321562,0.7241706691501106,0.5468328068764621,0.36478257469149605,0.5054707448601847,0.7010468531313866,0.41993413848505246,55.048481056878764,Developing
0.6388623105420843,0.5801258712532478,0.31709497843410256,0.4288945940149382,0.38139074592895567,0.6137485872305499,0.5372328310604725,0.3567489251089516,55.42345786516792,Developing
0.555480418049946,0.3613772851759229,0.273938259686211,0.648684344596686,0.13047719699884028,0.44937006421534353,0.821244964643539,0.45306936376414547,46.27381948183555,Developing
0.8645030773915268,0.35838911684223246,0.10453652725351766,0.3213610389931661,0.6046120344894577,0.6279204762171801,0.5342307083223605,0.5976802628301616,58.352511937806824,Developing
0.6024268179052418,0.502112420412571,0.4172477168305374,0.5853519771774243,0.31403799161487955,0.3346400469493039,0.6651007263441493,0.6381351728110718,52.83600150533481,Developing
0.6410122092001743,0.21020149284808726,0.35308694258396234,0.7010775376095677,0.5280423013746287,0.31529694969966104,0.7020116528169387,0.40954882258284325,43.00835698034817,Developing
0.7197452994959831,0.35648368919677886,0.3631622040143062,0.7663620773283697,0.07037889377994593,0.2837384400937253,0.5300923117964469,0.5789810673036678,51.009497869572215,Developing
0.555530072906324,0.571395158967033,0.24811715680097243,0.5814737894496876,0.13818614221727962,0.29304050352895683,0.758161053147402,0.2855186428949366,39.53783206734155,Not Ready
0.7415483392616637,0.527370721385257,0.4253540386843933,0.3504693765101053,0.2639383626133164,0.5028557119041781,0.4674276698704555,0.6277037819609333,57.676241777038385,Developing
0.8795985082776816,0.46523590701257284,0.4492729651547056,0.47450986943433654,0.4274397110116233,0.41521253585554324,0.6626429759769801,0.7416672861096485,60.49388918518823,Competitive
0.49838266868943815,0.11240139635561665,0.16263564805480624,0.39201225919518745,0.43309646458434253,0.2431392488620827,0.615033901012247,0.5219072099679903,34.819462816569605,Not Ready
0.6509516441396921,0.4628527606832432,0.5540384216866404,0.5010927356608957,0.15959862075916825,0.4991496757259393,0.7477883467686873,0.5905383585619709,62.129441625502174,Competitive
0.49504234333006375,0.7600281453206228,0.8318763885388804,0.6482962910264478,0.43917007182647244,0.2768635594455071,0.6875484815511358,0.33490985605479456,56.4333621649523,Developing
0.24742241473548932,0.6367081065401521,0.7293435836994863,0.5539213452576536,0.6095968780273917,0.2216780199031566,0.761479698839569,0.42033132805798384,46.97619574639168,Developing
0.5540915676775037,0.2698810826268674,0.17432549507158027,0.3158620621665297,0.2766227273280254,0.4131671446382241,0.6394765722487371,0.42589735564090814,40.94946338908129,Developing
0.8204037757005119,0.8231878007626487,0.4111032803567298,0.4170741022417313,0.22753353360027934,0.6031133044580554,0.6591190799987148,0.4006634400925733,62.69569157517465,Competitive
0.669550128871577,0.40897384589633834,0.44418577408699866,0.30604183764622345,0.6032970842500167,0.4992999425985466,0.3923313757865792,0.5006786852122561,48.36927901603234,Developing
0.35673030094547026,0.5918379659884365,0.28105763762276287,0.6793183153205381,0.4056473692933906,0.27545799260377224,1.0,0.3278043016753076,48.541994194806925,Developing
0.7727560277912795,0.49657641014665327,0.34286512708777606,0.7538108302013038,0.40267916158920825,0.5612935072368258,0.6041023074449213,0.6607289588583821,65.01809042409467,Competitive
0.83303468863075,0.4741830511308931,0.46723371590159835,0.5524462999838626,0.09755486930814787,0.500824289211045,0.5611097123901749,0.7889933234372067,61.20951247675196,Competitive
0.5420041417238364,0.26725495529893617,0.5502108578111337,0.5281324929223046,0.12933923743596773,0.3821985906974409,0.8090179423645699,0.33321413965230384,49.9730228077595,Developing
0.3539093852716421,0.2651387906506626,0.19323008346893575,0.3706448152537964,0.544164310428894,0.363688514446326,0.6129681922915183,0.3577663304034043,27.872052345467587,Not Ready
0.5384140572536003,0.3465152587785229,0.178371672915486,0.4226898113064929,0.057369763299151964,0.39919119936118974,0.7494393996030342,0.3999297846926491,42.98520149657966,Developing
0.7704801102412552,0.3558515358864574,0.6183548823771936,0.5031442858980977,0.4355496456152022,0.6367145047986027,0.6396488261115575,0.39071985700589895,60.85017385893289,Competitive
0.5154735030232237,0.40935385162344745,0.24527931197279315,0.27190659098347647,0.1673056512252991,0.49658365656255166,0.8408514604582102,0.4631193566704829,48.20821607427517,Developing
0.6791191268336387,0.5026117091029074,0.19601027810464797,0.374405291248314,0.5815964224126081,0.5102472673434422,0.4672484797510806,0.45305782179903353,48.13416654291998,Developing
0.7729416054950402,0.4671355327844452,0.2675476257371848,0.5244906606624634,0.11703487408497527,0.6220577430729376,0.4830302955712571,0.6083178179566305,53.67273733238809,Developing
0.681370217348008,0.42949152819176895,0.3497357589057101,0.6146500905487194,0.6061671749275966,0.5092026619090836,0.5589679685636387,0.5714974156664271,53.819798364625164,Developing
0.6547493296896303,0.274839047703841,0.47173695121663217,0.8497724162310785,0.4309061416596684,0.4402250755443297,0.494924123344346,0.28587078704866287,53.38275404685144,Developing
0.7618233937361284,0.2526637129950565,0.3408861551914142,0.5332648879798007,0.20247822481015582,0.5934218411859224,0.3399571274276235,0.7235385761389904,52.7966065697087,Developing
0.40317242759982774,0.24569273606761266,0.35720615191512045,0.42292681844560465,0.07339204502695171,0.32103673112387815,0.8108743307656654,0.2513628687673607,37.33057615421882,Not Ready
0.3028076065501331,0.3619244465308232,0.22450350960835103,0.4200855611257837,0.5209276292841212,0.26070155478429935,0.8122628298259836,0.18709278558162892,30.66165026344475,Not Ready
0.5689719845317146,0.7008515344708812,0.09376559243225255,0.37679363459778986,0.26686872924123617,0.2503692303750553,0.705313361036086,0.4890675021336726,43.1792601758176,Developing
0.6192977703361912,0.5814952758488666,0.40212079226715564,0.3766614953465459,0.48326117997885665,0.3453054434750819,0.6092253819507703,0.19827777208512098,51.89031404276676,Developing
0.6922513713716236,0.45186327998734005,0.4752058362507933,0.18943967602846715,0.4130702266750414,0.3658741256658559,0.7787871665122028,0.6546807360453215,56.682330601143974,Developing
0.721260511973282,0.6120410881699093,0.1507678615442335,0.3984085480747974,0.336784624897773,0.5589925769824226,0.6540221781490221,0.5681417022626196,56.66568030602337,Developing
0.5859835507176345,0.23699485439767204,0.361650259667724,0.5837700037308666,0.4729307611358816,0.4943613919198348,0.7055232847456763,0.6334628744696681,43.622943758555394,Developing
0.3941195486787687,0.5670450253245265,0.841871780229295,0.5920779965860802,0.31258991229283567,0.3407965155372064,0.6828004270264494,0.2819670580864437,50.71772985877896,Developing
0.7416960814432861,0.3410058974830062,0.10932812258240766,0.4584068176407191,0.46504825469966377,0.48362561211283905,0.6403849429125419,0.3966585707091421,51.89280165616043,Developing
0.455389352944466,0.2999571425718989,0.1688220770095245,0.3260403096076263,0.6116265670368453,0.40279990331139903,0.5841451137027845,0.2306450003408984,33.65156064179761,Not Ready
0.5471358117894225,0.5353634873311408,0.3785306012883753,0.7697667848281358,0.556162440502227,0.3205164024835998,0.7508152804934395,0.42736111436524343,53.463792474577964,Developing
0.3555448567400276,0.6751833235484533,0.6007673369049487,0.5706111503396701,0.2546166109974528,0.26946560490473276,0.7227525972875851,0.17595200683333626,41.350463495340314,Developing
0.47328903090793906,0.47899587333298577,0.21011971884926361,0.5558768703335653,0.14334027654310308,0.39172665734779333,0.7200671048589274,0.1991237102829758,41.44387997435045,Developing
0.44097553794432637,0.564647894008924,0.3402676388710544,0.33528975962156266,0.2956009864846404,0.3250086480275802,0.7740875129113941,0.36825053305426736,48.2642166436212,Developing
0.4022436256273784,0.5120069884855301,0.5203127839669576,0.22484766874425807,0.3586467795112587,0.3512986963228942,0.8015844217268007,0.2687076041910272,40.63516721741941,Developing
0.42061645362619093,0.6132709202116304,0.6632392020752444,0.3672531941757139,0.3222983127056816,0.28198095837128717,0.6843777417747156,0.27401399929108766,49.01547498826788,Developing
0.7640662777348879,0.3250188664620679,0.41500965348352337,0.39748848678535154,0.10891751943465966,0.6060451159197129,0.5924853644267855,0.4987765754152441,53.47088415007354,Developing
0.623286294401463,0.5415377336591879,0.5978040470028797,0.36058582230422204,0.26027856020861484,0.36070886606118924,0.532745440993252,0.5550294080804116,55.682980205827405,Developing
0.5150254894545425,0.34261620999746667,0.4928442476941984,0.46731139206872485,0.22334430812359807,0.2811363429861376,0.689772149247176,0.3376439743652889,50.12881173207933,Developing
0.5224771792244629,0.31795335128292235,0.40433707631852517,0.46786060433303295,0.42702391032111303,0.36868421853732153,0.6159497733676295,0.2800408168822931,38.304683265402836,Not Ready
0.7539322691499662,0.25572529473717037,0.15893821857201554,0.6622947899924019,0.32821677592418713,0.39985784971369487,0.6954175017225876,0.627346718691986,48.98982142841798,Developing
0.46625752960069566,0.5120045449118354,0.3567375677739332,0.5670546386161178,0.463229800740699,0.4760116282382053,0.8900631769689854,0.3124566401824278,47.545925038258886,Developing
0.7014877860710674,0.5762764475360806,0.5897164997064372,0.49424827652842185,0.49342308560065007,0.5140764345655123,0.6364825151822527,0.49397576173674945,62.97092637278379,Competitive
0.7798107479148483,0.2638151364614468,0.25315527785659253,0.5998610989877243,0.2360526567261287,0.601391362100585,0.45321984031057977,0.6206037398107025,52.83317530009075,Developing
0.8298715723531317,0.42865173759301367,0.3810702384697839,0.5555668063141457,0.3721988866040213,0.5545948892754065,0.4141358859539761,0.7220377950159977,67.90662034220453,Competitive
0.443039071696018,0.5599058692034455,0.646601248751526,0.20383838422847497,0.3768086049560819,0.36144234960207106,0.676062540594906,0.2680949821514123,41.86741489595053,Developing
0.4654454823518248,0.466475215465348,0.29068470685648173,0.15397163130825564,0.28972586125656613,0.39425959205807737,0.5737277742581246,0.3744253083445023,40.75049457738219,Developing
0.664346352849976,0.43779441516196216,0.39385536357271095,0.20900748606563208,0.4612172748386047,0.4587185074598059,0.4759114364444021,0.5745786432829149,49.849108121529596,Developing
0.7428640186603006,0.1824212396485342,0.4995956258772479,0.5983849303222731,0.24429361050722237,0.4635158069261873,0.6732376202726323,0.7156996114617719,55.480414443714665,Developing
0.5487041223896632,0.49425173125654565,0.6045345808688378,0.5141140058759235,0.6002956166031203,0.27035471355793084,0.7347702899693193,0.4369744057025333,53.68920847660657,Developing
0.30161630543762313,0.19287677774799797,0.1626659722576059,0.606604013214382,0.26652337660627246,0.31453028274321027,0.8950767107457815,0.16161867771053898,34.6656880433103,Not Ready
0.6161106036474489,0.37214397206484,0.5914112164288907,0.37749765308111005,0.6442679236221923,0.2764883632166839,0.6247702745595759,0.42486379151719084,48.27235662232734,Developing
0.4797254294055634,0.35201821171636727,0.33563998558293884,0.48236796589396286,0.15218966961823507,0.30511015266175423,0.6543526608348978,0.5788345199523309,37.54829132250183,Not Ready
0.7576162070665867,0.37541466085416847,0.10364603683936491,0.4497560675068982,0.646616567924499,0.4324301249875868,0.5819532796936361,0.6753938415715143,44.366024599000696,Developing
0.8420828848210157,0.2829218736002145,0.4448662116013313,0.5132418754239797,0.42422786767256443,0.5512997909230501,0.31757425851851406,0.6859002339455691,55.869941786404986,Developing
0.5269508900865426,0.6178011842693322,0.21706533509396483,0.3917046028386517,0.4421492654998702,0.36192751775385523,0.6835914224002146,0.41656898494632255,51.928278452952775,Developing
0.5331029662466552,0.16584568863105495,0.3118259247821704,0.31753972610717474,0.20835024211868292,0.37153431454349556,0.6914055560763404,0.3117898256207871,35.308355768576966,Not Ready
0.6081679288595903,0.4839163256674478,0.4762126537778149,0.5644557615177016,0.5283879303565845,0.4367647983821297,0.7264932688457274,0.4841496850848894,53.30290951354832,Developing
0.7460011894519228,0.27782233742275797,0.4303897346059536,0.5167902522006915,0.36614071177976054,0.44146531255478594,0.5434319223035543,0.5782394402908785,56.86053871065705,Developing
0.5682158419095591,0.7016703225613541,0.6255924296324559,0.5300177464017511,0.5686136119643745,0.4645429386032396,0.6966259139188481,0.39031996644749445,53.677273281264895,Developing
0.8479827322240109,0.28051175589147387,0.19215462508973358,0.494956130657269,0.4204028353005193,0.47543573375571224,0.5200994260811683,0.6094079407563305,53.44561771124916,Developing
0.4599180824743438,0.457361399495397,0.3324840031072609,0.33643694627957366,0.13334558882477807,0.2454201403555846,0.7644458611230118,0.4428715999924388,39.93979891545453,Not Ready
0.677768347841196,0.37311279755918464,0.3061954587799355,0.5184741576415717,0.7158643436066261,0.46591500616375114,0.4410292819429613,0.46451670958196384,48.319431796830905,Developing
0.8310964560126687,0.5440876701700295,0.4283995091348643,0.6192834651773798,0.06840904142479227,0.8042253375264202,0.5055360306293677,0.42639070720058325,61.36046504731813,Competitive
0.6394953838051274,0.6423227128043953,0.2278821748123059,0.46651196317625604,0.33788110072196587,0.4966180984517878,0.5762940983590052,0.5276418802230411,57.933669930409856,Developing
0.5579808861687081,0.5026240286522806,0.30898487363784294,0.7369855558919545,0.09070181636229738,0.2292794121935347,0.6274878924030622,0.3861285427729341,49.68573679538554,Developing
0.343461593122465,0.23442472060392253,0.3348788226165108,0.6491262838657104,0.36003101990111747,0.27838194704401836,0.8143208205986873,0.3109172563243244,39.511000200447086,Not Ready
0.7903646159535043,0.780053488230776,0.25721229915903554,0.7322838471436011,0.45859742287335004,0.5462385466201719,0.5124395314968453,0.5602346031261004,58.34970859265692,Developing
0.6876289377799959,0.511058491986015,0.4726150605175145,0.4095695582283838,0.4596317336598252,0.4405255141840911,0.6092160370766966,0.47320373395574683,56.32286898292521,Developing
0.5617227131182236,0.5595274970863789,0.2118701818085493,0.28700770277839716,0.6225853546578944,0.33814661006820684,0.5803399514721311,0.45427968149998865,50.36162096377498,Developing
0.948320449337743,0.5516932631667502,0.42517567833749687,0.7346510346709199,0.27419747128911987,0.6842341079451552,0.5314748989365555,0.7919416162517522,68.56656802031384,Competitive
0.740785629957632,0.3563411366537099,0.18022858705025635,0.4580409236921432,0.31754444825752626,0.4946248435380274,0.657843114942775,0.6416611613775633,50.73668298292784,Developing
0.6405121245373901,0.18024622553736866,0.33029759745069787,0.4600304704025796,0.6030897143997107,0.5116537125659475,0.4650075471465148,0.46547369987787557,40.370753678975476,Developing
0.6417811190529892,0.5566239525464285,0.32820698461926584,0.3453816531356038,0.4680761951070902,0.31872027484103127,0.6120230627444241,0.49438432942932803,55.172563439916956,Developing
0.7096260573583429,0.5561533777640989,0.20974381199893502,0.4021901937283858,0.3353716338797845,0.37612889760931745,0.5510544186810024,0.7692329898457724,56.11935928396906,Developing
0.5371595528276762,0.5395151890552304,0.3678092150828389,0.45104373596245156,0.17836669619268314,0.3961364068852994,0.7134235716157683,0.4182730243556182,46.8949021422374,Developing
0.4030080263880569,0.4359560263141518,0.6442203534640414,0.2200469420785096,0.35605798905374897,0.3093671741543665,0.7553004756135345,0.4593224283166058,43.98227396203906,Developing
0.7813468483441803,0.8759083978879667,0.5159062727290852,0.723779711540143,0.34428084287728195,0.6350807562183444,0.6023141402945781,0.5706230333128839,70.24770529515482,Competitive
0.6364693460932694,0.25283496529543503,0.16749945829820956,0.24994505704978928,0.3025677799448755,0.35775682197564945,0.5750092948617763,0.5704445170818199,43.81514357350763,Developing
0.4782851591691124,0.22269616820171748,0.7301832949518514,0.36757685749242636,0.2124941694110205,0.24801394364394513,0.7699209748280336,0.5188774505459955,44.739896935839624,Developing
0.6443182010259763,0.58247656355617,0.30676777970116675,0.4952047931960249,0.36018966807958797,0.30447133806336235,0.6972067078144917,0.6557481098750604,53.071252288922224,Developing
0.3925606906393788,0.735338469509225,0.35559737652649775,0.6425959257687575,0.38354554878778613,0.283727107858923,0.7637876735896053,0.12833843883624962,42.22927826915376,Developing
0.7960279033909263,0.26160495754839114,0.7037173141088016,0.4700401695869232,0.5292164340296049,0.44167009861217,0.5362053498124448,0.8170841920948125,62.325028251614526,Competitive
0.8168175171664993,0.6340424625760969,0.22814840709008732,0.20821404992091216,0.07829423757832399,0.6306809276778432,0.5823200311225201,0.6060638411101296,60.28580046637045,Competitive
0.7108096840122696,0.5287828720678734,0.3065246436022814,0.5021970752337819,0.42534012789504616,0.5988597223487738,0.6964799066815609,0.5191015167120349,55.24873117046254,Developing
0.4814975803613487,0.4980993756080933,0.19770280256149042,0.10598453732191737,0.3227056182577122,0.4890203296528576,0.6849494631504379,0.3397739694317097,40.85873582400893,Developing
0.5060291571668356,0.678973329659506,0.3764654570958554,0.38304099107310513,0.25564733762428715,0.24529031538598506,0.5881126524112722,0.6158744173379327,46.7315804412661,Developing
0.765425503412619,0.20650631848913786,0.6262202891100168,0.13176971975331994,0.4011265947059281,0.6014646158912108,0.39688411987433575,0.5907675457749458,51.18378760100826,Developing
0.7627952721546702,0.4828395727111602,0.24710443852673347,0.18082436750715952,0.540694871777049,0.7499662073707579,0.4972117148491567,0.595732188390111,57.28990434428798,Developing
0.9065327879346459,0.26969646274318626,0.1286033440837753,0.1684023048974385,0.5255871612892884,0.5975785698738503,0.408682712970596,0.7317405398732816,53.5083489748736,Developing
0.6518269645538349,0.6222267581600197,0.39611030380565,0.4756544606741401,0.17306552626284924,0.508008729362845,0.6546425252887934,0.5373335334590196,55.037989959842676,Developing
0.5903325505523396,0.504582582312924,0.7274031947314821,0.4141479525546859,0.2703800270968507,0.3520861556300643,0.6663325896480098,0.5324534744972447,60.978797643797,Competitive
0.5951732601951607,0.6200837212612103,0.2684670408731469,0.6375034879868631,0.37774025876387046,0.3216881783074216,0.6315511093928565,0.40155751930365746,53.817865696368585,Developing
0.566227301206942,0.042210866321381074,0.4585039008602996,0.626469869304288,0.1236779539284509,0.365672771528275,0.6211314143622648,0.4849920198918495,39.01489360558017,Not Ready
0.43598359177789275,0.41881234654976296,0.44615725045739435,0.8285708626271897,0.32578435498930725,0.3097830088904138,0.7251875604407325,0.23008276983461462,43.900284460907784,Developing
0.6646855980926585,0.7343962865205197,0.2308935868024211,0.6411386122801368,0.24599331486977646,0.4891909530185149,0.5761668523789983,0.43730225293663194,53.81270546054587,Developing
0.7016342807648435,0.5248526927114224,0.3005504790033773,0.23190961570591215,0.4109683105956945,0.5252915641488338,0.668260447488915,0.5775203515440734,50.77467875347631,Developing
0.6821918403762092,0.3548852138992633,0.4628827879260881,0.44958012727844343,0.34163912134280894,0.588553880124324,0.708539526546353,0.6136278425768141,53.37253316295066,Developing
0.5216444574532655,0.38190004747462325,0.32210385947127307,0.6261333839811695,0.14181832711256553,0.3737635895704828,0.6531649371836624,0.6114990799425878,48.78270088603475,Developing
0.5369855452980558,0.7945594626381275,0.33206769605243447,0.5138330519875985,0.14557065348235165,0.28969740247870346,0.6497928291211309,0.32661875497799747,52.60866240310676,Developing
0.7754779936568985,0.4921638874153454,0.42237412345625686,0.6057839971224382,0.22865024164371556,0.5529981318955975,0.7036959534367637,0.7289553592310035,66.21258717196437,Competitive
0.5451059468039969,0.4423716732158316,0.5400289161421872,0.40852611770303937,0.2856546823288105,0.2899794279130156,0.7676961519651244,0.3153268628156308,49.44270321063159,Developing
0.5726737530448264,0.7269388773433477,0.38823787632988577,0.44507514809438997,0.3202082302062386,0.675826335910718,0.7019451048164352,0.3472432207952838,58.33698663567011,Developing
0.7068317546624007,0.3802841083919896,0.6849467394837886,0.6048434872292046,0.4431699827015422,0.3907528127548693,0.6602751848123385,0.5602610188228679,62.2189514170764,Competitive
0.6508436334862266,0.4916414535745973,0.4677561711844504,0.38587401825891987,0.591838142825565,0.5869284775851324,0.6239609303408257,0.6332363369575451,55.076510612293475,Developing
0.8414106268564416,0.4780366299767478,0.2994983938681954,0.6474483508428565,0.42053801939574514,0.6414425469176775,0.6047921037877269,0.6846624108403394,60.40881173112144,Competitive
0.7862876238586071,0.5677570099522414,0.6644363937492109,0.6809468047834127,0.363779018413914,0.5338226607318693,0.5034623281615428,0.6631565232610224,72.00409698755173,Competitive
0.5794929115069581,0.8151251510385409,0.5491154534111855,0.33927907022239573,0.3053613602566216,0.5570680843081048,0.6171412205868253,0.5488296371360613,60.94668785618424,Competitive
0.5234124423619554,0.21718937164494012,0.20414462847475093,0.3084200584647799,0.3839172697311674,0.3147252227057553,0.515079655910248,0.4407165203622713,32.7121891386817,Not Ready
0.5977027678228644,0.5302000569139385,0.5988824219065794,0.7258307534483378,0.3547404046876011,0.34218779552069944,0.8357663685435659,0.6000937036698573,56.82619317240936,Developing
0.7176505167515626,0.3790025289693904,0.159172597030308,0.24796227545256386,0.47175218688027293,0.43366061388744104,0.6998218424154251,0.6079691430435479,54.04497921984889,Developing
0.5998635403351692,0.5853152989791806,0.4885992810169951,0.6005950013931962,0.22198373556855605,0.5298477453465114,0.5964109235264083,0.7346717602758266,59.88185740245531,Developing
0.7144456889351182,0.7020025354425748,0.20034760035120072,0.3263886000697438,0.6606824879248794,0.4994939967065069,0.460034471808815,0.5685104187606049,53.8514379649077,Developing
0.7281281386434505,0.6102452237721858,0.21053022967326013,0.3933038204121659,0.15230233182205918,0.6551071197017952,0.5500165041601222,0.6390287123552758,56.433687511193476,Developing
0.673588364678958,0.32549397502618976,0.5055311795570497,0.11590578387661701,0.3505604134182393,0.4856383717613058,0.4970913907729087,0.502703170637746,46.74184463386589,Developing
0.6402680856680728,0.4982346322729644,0.548149186297631,0.308989618679998,0.2932605081825323,0.6126603033509692,0.6841334142108055,0.3982837958139803,52.039469759552,Developing
0.6263253314717123,0.30065173803042783,0.22378705716168754,0.6828892078113634,0.439974871757368,0.4217075920969284,0.7054879749451383,0.2998589822312072,52.0608987361504,Developing
0.5073194126874989,0.19420698079761395,0.10266013002100967,0.41138246103844806,0.21042610594999725,0.4318219325197179,0.689080362170148,0.1652523109018516,34.85843115797906,Not Ready
0.6369469162287884,0.24222070196589568,0.4112539004880978,0.6340126097395257,0.24060886408863727,0.39052070641600095,0.7066916127661602,0.4929963420837576,51.67466291165337,Developing
0.37758093222359423,0.6806984262016383,0.31650392811757405,0.19864827162295376,0.21529667774930247,0.20191361692070844,0.8208232789620278,0.48898957941513344,44.62688140556595,Developing
0.8318235761220577,0.44460176300516546,0.2978355438864403,0.4377773450850538,0.23189439922259428,0.6496586795381919,0.48638071298582874,0.7590264886053965,59.864044898546794,Developing
0.5477550937150759,0.6681495360949289,0.27591009182318166,0.19910518619808704,0.1902104487366202,0.43949016533175395,0.6853518150368423,0.4761603156247185,45.86719716773483,Developing
0.8154323765731725,0.5033959410665343,0.5826041185578505,0.5824749655413656,0.12377477228004036,0.6138205850429954,0.5153275784293755,0.614708691142589,71.02660490921784,Competitive
0.9399256357841627,0.744046608409033,0.3541162700674081,0.4248419263410288,0.19055478719382438,0.6054968211270911,0.43670202642627287,0.8742064856396571,69.22852472091336,Competitive
0.861203620769123,0.3410684593484507,0.1931797730773038,0.3555425144798681,0.6343732894798069,0.6702779058864199,0.3064236675604961,0.7696889056842797,53.40536693143829,Developing
0.44052357886030313,0.6366101389505178,0.3197739138873052,0.2979814957233472,0.273385103483074,0.30938764257535134,0.6417903810857749,0.20043148290959434,42.647519772952876,Developing
0.5247684102886958,0.6476543773213383,0.46487605370320234,0.5886991117343588,0.19622701902241993,0.32311770161290915,0.5336113142569624,0.5103691422184579,54.97271843838047,Developing
0.49155837354101106,0.5501129446233082,0.48594010066573884,0.49047479382501874,0.4721910286075211,0.3778496248500166,0.8553725978127458,0.3303918008676647,50.855456882478734,Developing
0.6836192050694915,0.2801890119747754,0.3726483844424408,0.445771172132352,0.36370576194071397,0.45125866094342026,0.35362531983617296,0.5607318586477623,52.72636698096263,Developing
0.8430085615350048,0.346399723757852,0.3758525413299348,0.38629517781952377,0.46438813153892006,0.6383122807627524,0.3637056850288295,0.5633363909850864,57.79184135009186,Developing
0.5894101885015472,0.4706450734075829,0.22235480598350596,0.4386232106576279,0.4680513489768006,0.31782400706971875,0.4947994237650454,0.6689451987562667,46.89087552168295,Developing
0.6067742436986565,0.647024229070186,0.16290292351254598,0.27290468473652246,0.2759085185424679,0.39046660170432124,0.6615750336147478,0.37573584779629887,45.42485921923137,Developing
0.7809223172764431,0.8295470553516546,0.25616096059232263,0.46420615537753296,0.5702747953406574,0.5882643839016912,0.5626559501454446,0.7224717477874828,58.31689694779874,Developing
0.8260403908996387,0.21006297710258473,0.4912209799064579,0.3521639846363467,0.6087796652163305,0.44370450193843936,0.41181341640826125,0.7847865466126152,56.321757998542715,Developing
0.7777752954393047,0.47821607691605,0.38202848278380125,0.44101506602626944,0.27198019724258843,0.5569745420138139,0.6507077044773064,0.6719769068584203,60.7884817419552,Competitive
0.5241797600107265,0.3710543193449149,0.2237117480099026,0.3639727483614404,0.3812998110301368,0.22379705187619603,0.6008922336163364,0.45003614157936855,39.70417599167086,Not Ready
0.47705445285662096,0.5609772482733352,0.3117414708683983,0.7015177003466229,0.20513986389996963,0.3877443485948726,0.6250893790247793,0.3131785029417311,43.79463678838623,Developing
0.5571093480801209,0.45309095339491445,0.2666223364754941,0.614443838645798,0.3119313781001218,0.44981277876583314,0.7546707546283162,0.42877857495577454,52.853319762459975,Developing
0.735883116233336,0.6494705112990254,0.21046395728785916,0.465308610042234,0.2683795688015701,0.32073310732270255,0.5213918519465037,0.47507090322860646,48.40621292637621,Developing
0.6756235214319759,0.5546262293006597,0.3567795175025949,0.6162469713660076,0.540034372872977,0.4399045449633785,0.7623211570543087,0.5942434563486173,56.22344844025942,Developing
0.6888856884738854,0.5321732773275362,0.4468785736316413,0.08671679214117581,0.3706448902155536,0.39651558833981054,0.4718057726171674,0.5982402769041992,46.683749815035426,Developing
0.5143603660741218,0.6402876644469725,0.21859195257484695,0.45979637065384105,0.23992095435791919,0.4548807357979273,0.660663727769007,0.34310417003952265,45.858349278317675,Developing
0.8751291540195357,0.5066169221394806,0.451742938684141,0.041396340991652195,0.2869269735354854,0.43488614959493854,0.4414566243406923,0.7261154676627702,57.02017689513335,Developing
0.8478103590824178,0.4670628202550261,0.25491416083709406,0.34909919032653,0.42876624977593564,0.40046583327100793,0.42656054736370375,0.6891846903820943,56.93962400273806,Developing
0.6078814032295916,0.6764784923453396,0.37140130610618727,0.6644270024959946,0.1370484202761876,0.5524931176916651,0.750083588260409,0.4075420990890259,62.72776831939121,Competitive
0.47203129050502013,0.6096185282385337,0.2323501915790976,0.6640830628181773,0.3714084236682457,0.3662428283344438,0.6310901389956766,0.37660461800962947,42.305154454011024,Developing
0.9498053007837363,0.48074171114416925,0.5104250855735545,0.3683884178439357,0.06603518051284825,0.7565142774657213,0.44537905028136787,0.9910677787693045,63.27198364666245,Competitive
0.9550563934340226,0.5690108910052066,0.5155423294984959,0.495951322950278,0.28859061068182373,0.6995425335404424,0.5146485168438354,0.7132956324651424,66.47889222879579,Competitive
0.8503864994377435,0.3567226082236933,0.5072913285768172,0.37035634331877504,0.6839580220294054,0.7287642500615932,0.385991713614675,0.5244830555129846,65.19532945300486,Competitive
0.5350993144055807,0.7182171966723649,0.36043614101168314,0.3877473594030587,0.25832083603186684,0.22646302733126172,0.768150746035686,0.31100784559530237,45.771797170729485,Developing
0.590279868048654,0.3655507405491428,0.20391415952326908,0.5843914594608478,0.44033121781104817,0.2666476349060094,0.6850020951750797,0.4563889199923503,37.6944414865114,Not Ready
0.8073200224193017,0.3660499915416874,0.48186247104799634,0.21842171777410277,0.3488847746169963,0.6170407418097767,0.6659006231318494,0.6976344687787794,57.10336177352425,Developing
0.514522294660699,0.32847739932210746,0.7303893750650146,0.6584372725814437,0.36097757518597284,0.3145708897953479,0.824963322105245,0.31329945112561003,48.86563183957377,Developing
0.6993314075834726,0.6501730158651015,0.12284521844287404,0.28030371795239195,0.4110965740742239,0.5290983639624762,0.7287257466217796,0.5911490848150642,50.266650260762745,Developing
0.4391316986268697,0.6197905056261234,0.5734486648838146,0.6271921644391268,0.5130018771152909,0.3482584537885293,0.6410697910024115,0.30920481867114646,50.74025730335813,Developing
0.7763393867892657,0.2830368813049878,0.38154256321841706,0.6348268022411443,0.4498284062508452,0.689701255427176,0.6381752633504005,0.6017796397856952,61.82886252616002,Competitive
0.7005055663610286,0.5762481790739387,0.4521434988266863,0.6053044084957666,0.2969118013113815,0.5513341201893366,0.6020112021682488,0.3864189204793368,61.96664600065756,Competitive
0.6001340453376506,0.44695727471232266,0.27760999276971465,0.27097670358807285,0.11800971154013765,0.41727396468488526,0.7118677370373434,0.45163925591837106,39.59608882372641,Not Ready
0.4134977741282923,0.8029203680429826,0.3232909882469412,0.4945858467351448,0.2863693718881698,0.3721305973209517,0.6963553053307547,0.21578035222960484,49.57281953794421,Developing
0.6037860641916716,0.23211186174048232,0.35925356899788263,0.25694316586760263,0.45572019273549474,0.3274200506685819,0.6101227240268525,0.5002536643789371,46.53453203957654,Developing
0.3886942436886543,0.34551543892309655,0.38574304800269443,0.3536130062760592,0.37144502604017393,0.060140670163819715,0.912709093410986,0.3079656092055048,35.74160072852993,Not Ready
0.774298936549618,0.7548668034711671,0.42384339192066706,0.2318913708318137,0.45451917949053544,0.5400203443279888,0.4565699053330675,0.8283033351678919,62.93379600768617,Competitive
0.5915357122629441,0.6133999688396035,0.16834551200689532,0.3325936665466296,0.3424209082087549,0.6308267340456912,0.586633587991255,0.40929873758948154,46.77354970256504,Developing
0.7479619236798348,0.500047639021004,0.503067954436152,0.3271551727154432,0.18165870738850431,0.5898990317322083,0.6586166265627078,0.6937564114007125,51.314058914048815,Developing
0.2882105286517879,0.5577523139736303,0.2253040544245148,0.6388265073898445,0.1718742880092909,0.05579722500795478,0.725395907738877,0.23965928526943436,33.88848177871973,Not Ready
0.7803958217303248,0.5156030954233994,0.5914536504350573,0.5698304854114395,0.4301050491861514,0.5560530205049311,0.584401711080262,0.7387186525095316,63.54378172898967,Competitive
0.7046920959722324,0.25847816217667746,0.518079720847109,0.34795223555700916,0.1982478593141525,0.7187746536880025,0.6944546162044175,0.7688534353917581,49.80180521601886,Developing
0.6833160867098677,0.7816821980614632,0.2831641334327452,0.4854215439284682,0.48333321102013366,0.4708469826950041,0.5470831587309887,0.5290842687697167,58.60447502955339,Developing
0.45964993182116276,0.48799780205584065,0.1367503250328891,0.426131170093449,0.39631391388368287,0.29924734489558047,0.6321525493145858,0.32768125058761366,44.82656405749648,Developing
0.6320401970034036,0.09939363504158653,0.6497222474478347,0.43345888781670316,0.3110158091844342,0.33921642431228993,0.5327781555119112,0.511878740928264,49.57455959155633,Developing
0.6661914857627433,0.47954879353304414,0.10059161126117021,0.2741464258845699,0.3005960252750302,0.4422838968420079,0.7679885923383744,0.30758147045452944,46.61246944251733,Developing
0.7032938688139152,0.40456094407090865,0.2784760745129968,0.42227814585543955,0.168810495907476,0.35615867732135315,0.4741019876700211,0.572649394981457,52.56517696435944,Developing
0.555525119604631,0.6589766981367753,0.45772870914338976,0.651075912453723,0.19985419471565194,0.33678335147076305,0.4698481525333992,0.33947401972188407,56.473064697211456,Developing
0.4854170387991834,0.665084381965975,0.26465495856450116,0.4117382771966412,0.38869903829187746,0.549062690716885,0.8590357592051547,0.33455309662141375,43.955989537431996,Developing
0.3914723348042134,0.59527414481474,0.41760205364683184,0.48113437207589693,0.2665998928683251,0.1423419422672587,0.7187149258721549,0.26474813773643135,38.20005412448847,Not Ready
0.3506471834179174,0.45718811381286073,0.23819013677167225,0.5593763121849639,0.32907480952637075,0.2939885812824463,0.7911647910211564,0.3605918846936165,37.68677461491463,Not Ready
0.3509323874677043,0.5107261051154842,0.281247629992067,0.3471117242937832,0.4540236047599987,0.44677841503677895,0.7318283437055242,0.283447058708996,39.50471948120832,Not Ready
0.6407968993855853,0.8022040466201136,0.3467669199593455,0.25507274435634536,0.3840419577244671,0.4855807851294748,0.6727455214339453,0.46648723795427494,49.216977083328054,Developing
0.627906449460612,0.5625049358547559,0.37967114326536505,0.5820161615929331,0.18064789800721104,0.5572357993619157,0.6157105143865338,0.44386798098032865,56.20201508542681,Developing
0.4603357719500142,0.3957893186739657,0.4257450248032381,0.20666086948037865,0.4517409457283971,0.24718455773288894,0.7002492494453999,0.3221315849208591,38.88736814437897,Not Ready
0.6620307022417785,0.3056143269659274,0.4403819268251473,0.5343690209899294,0.254098223368821,0.3760082293463747,0.7038242632014067,0.6835543759901423,52.77836235324744,Developing
0.6852160796349035,0.47351862319313015,0.34632951497520864,0.418169166681515,0.10234655850195741,0.4889509365018207,0.4879259194024468,0.4917987820383487,49.519262661294675,Developing
0.7894451333455644,0.5531283523795674,0.496496454724977,0.5256632336100302,0.2293946561334505,0.4770966126839449,0.5895363232266373,0.7337661814455915,66.3195099658367,Competitive
0.31280134531242765,0.6496408091130518,0.41578586671204704,0.6459445339908255,0.5190205071039936,0.15908129814354335,0.7523309588874484,0.20033904038558803,40.663845027534315,Developing
0.630906457391069,0.36680010217254705,0.39922753616160656,0.5707658405703824,0.23611725846658094,0.4749703775140763,0.5620851549595546,0.17520052571292954,48.60536442656902,Developing
0.6912764053897367,0.7754706299624379,0.2700873394976081,0.37812217309579527,0.4047691262793926,0.618523894719438,0.5183295675883044,0.3180659479666944,57.68452170435888,Developing
0.6878115368675163,0.8012979767883716,0.5155682001766256,0.8486207210802784,0.38121977263330115,0.4683525075975795,0.679962250603471,0.47082651916276536,64.06529872636888,Competitive
0.47386286508466213,0.2693484411974571,0.6303126899176592,0.41606286334035897,0.3627187586881324,0.4048400991919728,0.5478586650358682,0.4763547671597982,43.8907780298553,Developing
0.3992404334197766,0.5390586232696177,0.37637561454696533,0.4418983143096327,0.48937569083596905,0.47018793070877307,0.9176823278116466,0.27733688760676994,49.31164600114225,Developing
0.41433915598694626,0.49417244571392466,0.5484810670348046,0.5106911021878535,0.1332420531547962,0.0650070653839952,0.864707677730798,0.22976989150700403,41.22375757642842,Developing
0.7491587168466651,0.3978878001636086,0.21501722876838442,0.5876570929543561,0.28451374513149397,0.5736926289024654,0.6592623927290332,0.5737552593535293,53.73692066375189,Developing
0.38963090845958587,0.6176402274433053,0.6005248268095005,0.5463996426190143,0.4471342456589533,0.09856915643381728,0.6079271798220391,0.3728590265684602,45.47949059052463,Developing
0.32895691200917987,0.6462031394012315,0.3062155400915126,0.45214930457859404,0.4958105213146378,0.1773951854152393,0.7063732108891069,0.16931946285233718,39.71883721074894,Not Ready
0.6016213886432156,0.4003208771370874,0.42683379486281087,0.4668560504541939,0.5018441681939005,0.5346975135876165,0.6624792062687486,0.48613470016955235,52.15916060593983,Developing
0.4067062753931801,0.34229790521632353,0.271786631991152,0.34616982496217624,0.1660049133516494,0.4223199208838331,0.6796583774849169,0.23934127765236002,31.350808031151672,Not Ready
0.8210744512485008,0.5167330776548086,0.35808007594543406,0.5727283366047827,0.6713316268899178,0.5097691542445055,0.4287777873319423,0.7832743208247699,65.53759712966338,Competitive
0.5195349642955828,0.46756707855107865,0.19203404142569308,0.5577437254822416,0.4826956413482347,0.280141861984129,0.7827370074592308,0.608974161600618,44.40690493936514,Developing
0.8293906251280063,0.6067778232917146,0.35923518425600615,0.37414323129451116,0.21488178476607472,0.5970190919216851,0.6215085169433126,0.7106034692019343,64.46022641380202,Competitive
0.5539181874216382,0.5529835418393338,0.48384886395878934,0.4575948948619525,0.19882290502489114,0.5815438066954459,0.5756915225692913,0.3474382451536423,52.00075638185836,Developing
0.6091329207201372,0.5943340198872449,0.38718231550561866,0.4181197130851337,0.15567841068525726,0.4742411719509935,0.7039271612309758,0.4230537029730034,52.109239941686454,Developing
0.6804854108955958,0.632919846423506,0.3605969352224487,0.30040067762736405,0.39099493803805574,0.5992290760230714,0.5293235989524496,0.52623519797492,50.26000783385711,Developing
0.8299447422283045,0.4608713895323156,0.5024364607211395,0.41608454755120305,0.2109382282259972,0.6220566614857598,0.6260593576628113,0.46773115666672604,57.73642990156028,Developing
0.5230025392272161,0.647247730405801,0.4157887977354827,0.5770148367858008,0.31082723713628885,0.2042017907602446,0.7602611329433138,0.5051975760768933,47.398606480747645,Developing
0.4338171903181963,0.6848255747926688,0.47346545352627883,0.4161234970361728,0.3775595561609387,0.3777737082112536,0.7518940268866949,0.1356363167644884,45.699281662345015,Developing
0.43970852430403623,0.3519971671851338,0.6172230648373979,0.3607181847292714,0.27842140534981824,0.24275046292565827,0.5168330220656495,0.16974218941086375,37.148429167952585,Not Ready
0.6769640648335565,0.6186136630108433,0.5993419874039264,0.6164573204243343,0.34541141516860524,0.4446490710101019,0.6453990066199724,0.45537836328021397,60.03041954171092,Competitive
0.7387088784270694,0.42424948460324335,0.5080585134485713,0.27280301449896416,0.3304779731676046,0.3611438002886689,0.5260268326178749,0.46387049303975836,58.56590033222026,Developing
0.7393562071982269,0.35338460609874267,0.5265573647540892,0.31582159559055367,0.4327811368592573,0.44442963427599824,0.5667475080828945,0.6833663913047944,52.170286440212706,Developing
0.8070243313260276,0.6762173744631508,0.5700467753543801,0.6928157495466422,0.2940021590152709,0.5516162294534079,0.6850101452011355,0.6441445425039042,71.94413403547294,Competitive
0.7950246194820089,0.2905160166563704,0.24991672311339538,0.2639560987462392,0.3879668562786696,0.4136279570529384,0.5221770134432162,0.6429154078238489,47.89270405348376,Developing
0.49970444197879665,0.7687457177279999,0.2104586973841082,0.5050396367992666,0.4049553234004438,0.1781197420654391,0.7017263580429267,0.4622990923246212,41.10520662255806,Developing
0.1386496147543313,0.4674788218509826,0.5008260813875133,0.555649075101387,0.23014236798597584,0.19998311660978674,0.8434373223764507,0.32423008246184293,29.67436969700692,Not Ready
0.564475996094168,0.6844133687987976,0.3155717534869584,0.574468096169933,0.35952427676455795,0.35771401581205103,0.8153965301045701,0.3663982937289004,49.606382290681346,Developing
0.7688862780360284,0.6452247055055959,0.33671978070201813,0.48141922435583107,0.5374311507349482,0.5232237296836652,0.5642007974913668,0.6074809443229459,56.73463162708554,Developing
0.4292562808123324,0.4351907839825584,0.30289188056333416,0.58324460910616,0.49973785187683867,0.3029946492499615,0.700917870563377,0.436886317855036,44.06676227384348,Developing
0.7407525885950844,0.4762151289528373,0.3743065342737231,0.37360531663269864,0.2522066768530481,0.43106022503211927,0.4832177672459616,0.46768754937239143,50.855412239813035,Developing
0.6163891293802638,0.5282931081954181,0.6264949621234115,0.48623763137686427,0.5650599652630659,0.598195189369306,0.4964461474197738,0.5579865347932558,62.487295382786925,Competitive
0.6089773887355067,0.317890399669465,0.2886913729989634,0.272569597312819,0.3350776547767665,0.5168803688422755,0.5778433643562361,0.37780962639151056,48.5652927138057,Developing
0.7482286507079385,0.45586367508703807,0.41995261435022174,0.304908416278533,0.5474592738571199,0.6346823149119398,0.6289244355342858,0.6139388576782194,57.93027648118278,Developing
0.5131745587829705,0.40412977450740234,0.4092315932473305,0.5811140077181524,0.40531436719884545,0.4468600825292971,0.6890024758446358,0.4151926934013224,48.78762934729994,Developing
0.8006375439740183,0.6171505766899741,0.2526138137720487,0.5890101356237074,0.25673528284168723,0.6695742120018946,0.5916028353867058,0.610822504702715,57.69676177489126,Developing
0.6972793472647302,0.40437628833710937,0.3761334435844252,0.4001528282920166,0.30153343352991413,0.5858496196621572,0.546017614713672,0.45484325634776085,52.20708845134967,Developing
0.8786832033702989,0.46066393800831396,0.4033815910144026,0.35865224782777677,0.13050809835542765,0.605973155572845,0.5455732849396328,0.7789360634670209,59.361217384221504,Developing
0.6143814432354465,0.45361789734502644,0.18469855810716607,0.5547219176596884,0.29027005149745255,0.3859459411391004,0.5361477814597377,0.5537506531603409,48.737599590007385,Developing
0.542895833035684,0.4485899344392153,0.5477873963147801,0.42137892384386866,0.3603123154755075,0.2765096031594621,0.735233137754904,0.3330643562093373,50.19375056588322,Developing
0.8034742346368935,0.542373368658167,0.504101779795408,0.21698492294820784,0.05235476185690501,0.49751398006200825,0.6016268631455215,0.7590909397988223,56.85715679446114,Developing
0.6314341088818525,0.5389952511192863,0.4949740534696251,0.316482012266366,0.22223343687088293,0.534077003102215,0.6232350711178587,0.5466702794716791,57.25460718224369,Developing
0.3198653511971697,0.6060445361437575,0.3525558579639456,0.3156977927579095,0.2212993742037805,0.12301191376065357,0.8239662955607314,0.3484923659966893,40.63349767106645,Developing
0.8790554002623837,0.7480200634615151,0.32226835582993174,0.5209947950723332,0.4487710010104275,0.6953334454584772,0.4693697658007855,0.5979109163916854,66.31519006773134,Competitive
0.6375879111819753,0.687692715711709,0.4285217959902985,0.6273154631323902,0.492935714382221,0.45937355689753767,0.7207315916363635,0.4502913034499151,65.99969719702709,Competitive
0.8362292745710576,0.8568515070742192,0.28334903859142524,0.7053350129672028,0.36793322185259364,0.5901516323727877,0.5904153015047572,0.5954150761018834,67.60937706471137,Competitive
0.6599109529879671,0.40508560031211116,0.5771239866606195,0.46414114652800725,0.08393606016549983,0.44498514983022924,0.7195039349692157,0.6550795170830942,55.297819559740766,Developing
0.4386448547356859,0.6067475085832748,0.15310405689475967,0.5637323450071334,0.17703965684904932,0.08859645350518747,0.6528047146253769,0.35304190624665294,40.364778473623964,Developing
0.6951422211431343,0.5336553570633745,0.39270397391815914,0.7837163459268683,0.33689270618414324,0.401613864305317,0.5663736682511478,0.46468478768072197,58.43725555016212,Developing
0.7488151446545888,0.5769191995787655,0.09540688588823677,0.26551397813441463,0.2056734101195092,0.5028548577692555,0.4248888516866681,0.5366576684435637,45.367179574055235,Developing
0.461398815108194,0.586387338640059,0.3169480198512975,0.5258898698602044,0.06891866662119493,0.3098724196735475,0.7506539141069171,0.21530674768579455,43.00564414653605,Developing
0.5611680258337594,0.37003088587995925,0.3583156659056136,0.3688922786880623,0.5702631929279876,0.4451167073337625,0.6221645658493377,0.5659274154015117,44.631086978059464,Developing
0.6281004599698643,0.49635730039550285,0.34689187036864116,0.6135350476110921,0.5737391831007922,0.4912922321103952,0.7351100667077003,0.6592890271731731,55.347048015382775,Developing
0.8404133394318916,0.2294857449021768,0.11574521251244593,0.43925273614915883,0.17752263841798216,0.4543744393291891,0.4633637921725674,0.5038212566923725,52.24799627122575,Developing
0.30946203806397543,0.6381921326223994,0.4317174009636641,0.7275623783740434,0.32056778571523664,0.07250601841115828,0.9124497210759662,0.22053957965553544,45.14920663353621,Developing
0.6342500032905644,0.32992307862978837,0.15025687571486532,0.4202378779804215,0.2742250814494012,0.5181911472759512,0.5938472664945551,0.4492128005153953,46.38143407100204,Developing
0.7466640703887605,0.3952153711361113,0.6236725407112614,0.33036534585357014,0.14003873185548935,0.44697844520243635,0.5237884289553949,0.4909662351286288,56.55889047894397,Developing
0.3786612620420813,0.42925463149066295,0.3659307975323768,0.4748014332527623,0.4420653685616697,0.38352589051802877,0.7652033212688278,0.32718664606969783,35.69784472620675,Not Ready
0.9750638286097228,0.5853942743009491,0.509006042199908,0.6534062253272234,0.20216670957079116,0.6658462051310446,0.5157710135991586,0.9566018027075133,70.97418996001467,Competitive
0.791217743472934,0.6350343066066163,0.5206799994016748,0.23016097402642877,0.29455017038570747,0.659760271913538,0.5032668968520683,0.6687295128074436,58.08793743029856,Developing
0.35460432471612563,0.29857714123785933,0.19243039126578967,0.7021405267676922,0.2014625489273713,0.21259009230770834,0.847076428964996,0.7169044592290587,33.17167860517758,Not Ready
0.5917899781133048,0.13455144591531876,0.5800800145745473,0.3197792137389272,0.34103931335301074,0.4027206509695582,0.5380330645818535,0.5176557287073782,44.85262683296669,Developing
0.47448464789309824,0.6297732871416242,0.0841407730783199,0.4399711045092675,0.14510784890370504,0.4134172737171799,0.6885545761147103,0.3813227550155931,44.71862699479704,Developing
0.5303734213881172,0.7268815317584173,0.28954268694486046,0.2106141286983068,0.3239367923469617,0.24522588796409367,0.7515343681167093,0.3455419222730267,45.82109377635684,Developing
0.6151433949661453,0.6657837588262031,0.6678716089401006,0.6840976652767815,0.2978728896484194,0.36623571606624933,0.6376026778001748,0.6253415579574008,55.85340558486043,Developing
0.2362815325755589,0.6715884699989881,0.2522951110272825,0.501083939867859,0.3534030866727859,0.3544906686840852,0.7299632071996165,0.1672321907688476,38.38606465652298,Not Ready
0.2302938634522692,0.4501677589768386,0.4001119693379823,0.3575847717128947,0.23406818170133753,0.1180262957464163,0.8419928933776488,0.2471447349909827,34.538036406235115,Not Ready
0.6218820884142794,0.263165554117014,0.3824031067916118,0.49029351144499783,0.5496113841035423,0.4201851200033438,0.5799391599861925,0.4796645665135799,54.22962109263189,Developing
0.6151723876655153,0.37982279243405553,0.39183433931988443,0.6414996214595351,0.2008137311593438,0.4320687367554189,0.7793628186120525,0.5590854883123088,44.396985446882155,Developing
0.6060536865492409,0.4502435972543288,0.32322863243362837,0.33200204175224285,0.47406419250901133,0.4893977096421038,0.5093773910371618,0.2899552704556003,45.63330016611559,Developing
0.6541821014293747,0.33835985393875945,0.185075154766763,0.6688066022999375,0.28647844182259274,0.528203508451625,0.72010035711312,0.6361905174416996,48.928976567288885,Developing
0.4573528267441342,0.32583406987617275,0.5261719690455703,0.5768433540887299,0.6347086689735477,0.28441555632394805,0.8230861882287487,0.43818452619368736,49.76547132373812,Developing
0.6843637275517264,0.38355491262504177,0.3878841176205959,0.5924670133150632,0.30590256651505576,0.5211901181914379,0.5775104483367044,0.46232222182363736,49.420063241679884,Developing
0.6757829467962037,0.5367071535580095,0.11443612657064463,0.3490844536575605,0.42253600197851054,0.39687452132447876,0.5583815308990238,0.5755705195808488,49.895369635947695,Developing
0.9252959153362245,0.4080885270549469,0.37760628661090834,0.30129633804387157,0.3741909993386209,0.6823385054701807,0.6130799739992913,0.7129603827012434,62.50001985937289,Competitive
0.5479860624586703,0.4014135059029316,0.3117061443994429,0.42500400557352364,0.482531201864196,0.3259880780383509,0.5830235199098361,0.22984139056922942,41.69436098498598,Developing
0.5318036508817112,0.45130655056822283,0.41610928122847063,0.6832077669819798,0.3171414920874897,0.5054658069451317,0.8138322376988594,0.2703988506273594,49.232092968400316,Developing
0.7108513140777063,0.5286251791668423,0.20825968414779125,0.4889211463950282,0.38539596354781014,0.6923575558150734,0.6614632427963625,0.5112082436767111,52.42336595431426,Developing
0.6622151644380972,0.49574295210757574,0.3298517465030008,0.64218526199723,0.29076841528711417,0.27805470607658134,0.444462109751582,0.4470830794590061,50.053557174497705,Developing
0.5383729356998735,0.6009969290971021,0.26109121909978106,0.5475372987473744,0.5443299196805884,0.5632044222294645,0.6210958832899235,0.4658984186247613,51.008462647585226,Developing
0.6424824508912624,0.42560598671506644,0.15503800824618422,0.5488813768121688,0.2271232856228403,0.429802839503015,0.6835032404298953,0.6257580959376725,46.47382570869221,Developing
0.7303077606729109,0.34093204222399776,0.5135925491956105,0.310901118480418,0.42641264714138577,0.6118464364211189,0.5656812391318818,0.5378152443975426,49.265882349298415,Developing
0.6460784132977508,0.2889129540612658,0.5514880465194165,0.27754328004826834,0.5161008965310381,0.5468531747260011,0.6709654652926127,0.4652685282011526,55.37192805357594,Developing
0.684543244203531,0.23986404986526103,0.18625762031818896,0.3139553010619114,0.27448035402581566,0.3104272448239074,0.5931256969578944,0.40525497432877255,43.44325411936938,Developing
0.4809834583423219,0.6289657364384119,0.3952858523263686,0.33211192078720553,0.33940603065793756,0.30870302213674483,0.7270294007888655,0.3891946525963596,47.559216424584804,Developing
0.7338225281044876,0.8900902580876479,0.1603937878478135,0.46795260700484576,0.32606871203778887,0.36809369047024953,0.515352258765348,0.6509784211865988,56.57526221762052,Developing
0.692137902452397,0.4663092936302398,0.7199867507996962,0.38587011151381,0.3206626047473675,0.3417391551512088,0.6287181901795565,0.47209661730116337,58.64974202862277,Developing
0.4111437086670238,0.29865993349824654,0.4557682284759807,0.1097942036877487,0.22326190297811796,0.4316168789684491,0.8090833725068419,0.36739762706721857,32.412783408972345,Not Ready
0.7069450509306268,0.8141557677491272,0.08177702715770994,0.6698450399674283,0.1818421372358392,0.5788979485671273,0.5447417904277733,0.64708172201567,57.024259559200026,Developing
0.506487933814511,0.6021942416064006,0.5583314996506227,0.18829120550793346,0.5663921159804501,0.18415396225351602,0.7933669716216705,0.18352948941384514,44.36164166592604,Developing
0.9571282462970315,0.5679136345145371,0.3080900854373223,0.27293957039906114,0.03925423055146113,0.5216451940833249,0.43196877077115325,0.8456243760611897,59.00342796907397,Developing
0.5694159057402607,0.21930485101871056,0.690441890798931,0.5042771186661862,0.5391075941763839,0.49809449029978187,0.7489832710139573,0.34640475966855383,54.73448748259308,Developing
0.4674023800387389,0.41345647183984274,0.6130808893702377,0.4837078422669608,0.41157076014463306,0.4260316987281027,0.8034604940853929,0.4485726788083059,44.64297590384478,Developing
0.5259149306489739,0.25305276825516965,0.10487371858945452,0.5791575831064522,0.7693069825746613,0.41092392190647375,0.6428269925584207,0.590287263774694,47.0163521643658,Developing
0.6509984657820509,0.6831106789426123,0.24240452524566394,0.7614271274542769,0.39439198877514514,0.45994528708937993,0.6461491465580781,0.3617627396006209,53.51644046561665,Developing
0.5402224826280377,0.4306795679650012,0.5869157537525261,0.4103368721716045,0.21553479271953618,0.30263144436321887,0.5319294109659611,0.4097009053594457,45.827561665835375,Developing
0.7007590882569648,0.5262507525193636,0.38068037050926307,0.41108538777932574,0.39357761629254706,0.4651810469411109,0.6791640851983911,0.586439322106442,55.42694432243782,Developing
0.48555041522210085,0.6473094173801707,0.3752668138415078,0.46546588785506526,0.19423146647784023,0.38168674853887735,0.623140261900262,0.5074473051573419,47.753696116045454,Developing
0.4567917001731698,0.5702138071383344,0.5445473945666911,0.5655594601655193,0.27838402057378503,0.3096794911804038,0.825017646894829,0.2720219632618297,50.393625008290655,Developing
0.625894090720895,0.5513929270938045,0.22752259919041365,0.47566251440899293,0.3841531592579257,0.4424523765786675,0.8896748281572809,0.4592034089810729,48.062291635946146,Developing
0.3572878893694798,0.35319510919066616,0.30159548966733657,0.48405431398368903,0.25181187068189487,0.48116120653195504,0.6900744130903272,0.17734353500468528,34.39500174574192,Not Ready
0.7717111128313405,0.5789272143995132,0.25057121739241306,0.42727667305634703,0.420722073839846,0.5044689451599228,0.604017251307886,0.6741491277765854,58.085006032774466,Developing
0.493628032320864,0.2108147957282856,0.20810879378686528,0.45315463451388505,0.2950506382859499,0.21504655583806967,0.6523445973262832,0.1306852088168875,34.033782938530855,Not Ready
0.6290338845257305,0.45725335115848526,0.3567025334043524,0.31798815370707884,0.3937332812159021,0.4563138938275297,0.724282402950456,0.5996149006131597,49.40898434273986,Developing
0.39724013585182755,0.25109015990307454,0.07193538359333715,0.19909135618024718,0.1985506177870324,0.2738772200278838,0.816957924314892,0.37866523399337815,26.317567133237343,Not Ready
0.32896355715439224,0.6301116552204676,0.38028445615935463,0.5106744515798545,0.3260530949498878,0.1914757078627281,0.761733472625974,0.19801499406226875,40.64658777240654,Developing
0.8221959488769297,0.4960164741078788,0.40682528421407416,0.24483934590383613,0.1573264869796265,0.5285571543434798,0.5715135354808273,0.6140196892560551,53.98242123200293,Developing
0.5179979993094612,0.6074543093294024,0.4782125595172541,0.32598639077207286,0.5657276581831447,0.2510459536342455,0.5553638221058035,0.4105477669688119,51.422333460579694,Developing
0.4269006975637298,0.61429042109667,0.3829457398530692,0.676407943025559,0.24291524268100478,0.3161915953456169,0.7128732825763479,0.1955424872682586,41.43884934551277,Developing
0.7593769173974378,0.3522394075278733,0.1581172275592151,0.2395033429591446,0.3225440396295792,0.6525864864318225,0.6065060153344276,0.6092173586763046,47.71931003948865,Developing
0.9173250213516096,0.3153634164856666,0.3315982021504519,0.38244942627204737,0.43362711117570646,0.6645184113818194,0.4667372083035267,0.7349322691566167,58.334855537814065,Developing
0.6051105975626547,0.7558007139856515,0.27093364550969556,0.5839047834470426,0.27945198893484063,0.38048887126465947,0.6995891423855439,0.3913306769533047,55.32567171590179,Developing
0.7169904145809378,0.7793765634721809,0.4739269706114369,0.1233718268161616,0.5357606358955865,0.44611736930848234,0.5276157742784534,0.7231514134745414,56.847959833883415,Developing
0.7845494975117993,0.8234652732196124,0.5446225642971012,0.35596201254228,0.30249823032254414,0.5431157122506848,0.4479039993806237,0.4584463440870624,57.54339382777961,Developing
0.7042601512177722,0.3156655104839331,0.6093024718921068,0.4860699731168526,0.5394244350900105,0.5522262044851102,0.47422331389686057,0.5050758413369401,57.787691840254425,Developing
0.5339636316538213,0.5432899068347432,0.08206861834503924,0.13047712268483166,0.3875712740772466,0.4078186513241261,0.6749622219612419,0.6288157247225756,42.848225881195184,Developing
0.8618023952159077,0.6328346564052586,0.10644134623350354,0.48160880660039795,0.22755599790768488,0.6255040844524019,0.5028766810274906,0.5517047051842271,56.45075383599688,Developing
0.5097446177726439,0.33507084669693454,0.4430874591738054,0.40509416452949304,0.2741396772186805,0.23880293902052663,0.5294600895841075,0.49802903552794636,44.620637497036746,Developing
0.8281133133780523,0.5208216226544856,0.33505096026872455,0.5858651931916259,0.43561368479224033,0.7227926183251959,0.45209536836811226,0.6207733121615091,66.64729993154441,Competitive
0.5554771378856737,0.46899247485597323,0.7181835268216059,0.4909355062636439,0.21643499880167472,0.36836534110092395,0.6338032997432619,0.5369331495274626,50.67621043778881,Developing
0.553262308394056,0.377125138816997,0.2617615971417811,0.7337217818067748,0.5475058248323714,0.5802012347361784,0.7024194183396942,0.4383620073154359,49.525215241932806,Developing
0.35339583272866176,0.1973720446152466,0.3651287739175192,0.29132953274550616,0.5944002611889437,0.3044868754986205,0.8288195263737071,0.35132739236880395,34.25130230657131,Not Ready
0.5813367329724698,0.6332359372741115,0.38365213905367074,0.2944511267308739,0.4910887385897061,0.20083546223526022,0.7292606775992321,0.4593531680804115,48.946950907399376,Developing
0.585765393428797,0.47392541566816543,0.15300674537583941,0.6490142975863329,0.3255637138368588,0.25361555027911675,0.5950532907160756,0.4740163997238453,47.58429186177368,Developing
0.7825286492688924,0.7646639832297406,0.22163813491804957,0.52384653672875,0.2700149564426488,0.5962636141927359,0.48356032545437955,0.6189250655022732,64.29819917995357,Competitive
0.7626517265043475,0.6460784613117861,0.24254344643479603,0.4829524791774193,0.13217867455223742,0.4464548912881021,0.6425562823936253,0.6262801153351317,55.240320800237605,Developing
0.6657591646273838,0.6176905310955227,0.3099273493104363,0.571980356154617,0.5990653845042039,0.42644936811092615,0.43997774849084076,0.5062491896879462,56.90119415143516,Developing
0.48724002339329914,0.44898690145931713,0.14211291499204642,0.5467447135743139,0.20410060345656458,0.2996155510900273,0.6854704620348262,0.40297985798470987,46.59951500011153,Developing
0.799731787187632,0.5848081541487483,0.5697314971775264,0.35534431195222277,0.5120555460256934,0.24561804770105655,0.42476779836731027,0.5414555054111404,59.63190028311841,Developing
0.39958607326030704,0.685377066533673,0.27643321209939037,0.5524651240016084,0.31208401972216687,0.30024475747589663,0.919576499849553,0.19759739558844192,39.56393374878861,Not Ready
0.4875393042354405,0.25483205501160117,0.7254506150652523,0.2653881983398044,0.19899326865848077,0.3733860657406296,0.7832742718653685,0.28950865592037023,41.70382922024216,Developing
0.5900234172073683,0.3375310522297124,0.414313512659552,0.24579896343786797,0.3378180083166907,0.6294343507618707,0.6409938611881537,0.5896944276505772,48.80774771303253,Developing
0.7022729183558004,0.6625853865504545,0.4830783418371721,0.6488717005828272,0.5325191554297576,0.45354101529049856,0.5901467514854705,0.556269677129777,68.73592004234682,Competitive
0.46923888959435134,0.6817652749800489,0.05056554965897953,0.2891931565461026,0.27954180671742845,0.3125672275669994,0.8192869769616443,0.3008969799761892,40.51811052029045,Developing
0.6976361304315141,0.7592968488753793,0.31794212506326985,0.5603802910931382,0.2577595915610998,0.4557982639203858,0.7200224121822931,0.6591833118839319,60.12976565675114,Competitive
0.308757930410035,0.42329418764321874,0.15649340161232322,0.36573796505355066,0.12046499365222564,0.47645138944844045,0.7906199092349533,0.17249691014345497,38.3770517253592,Not Ready
0.8868278139711703,0.2639835923389729,0.15555126186949048,0.5502968908424304,0.6643825381425056,0.6442400782004971,0.6115943558150478,0.5147050096517343,64.07322770809533,Competitive
0.5198207625700262,0.5505301932259923,0.4834310038171183,0.3911074558839553,0.28580853461039046,0.31447940852038087,0.6950224103902516,0.43098084366809625,53.07527896389772,Developing
0.7759280058006861,0.6971285419215262,0.47427448474574063,0.44523988650888174,0.3713560758286902,0.5453835171048576,0.7794540243834266,0.5735990823064406,65.08503631781446,Competitive
0.27352050092363417,0.31471588635431325,0.5730549069009785,0.3651097673593068,0.12173281609236078,0.16392785884858616,0.7519415439022041,0.11599552817723213,32.01261370023728,Not Ready
0.33948423421768054,0.6129132900555256,0.3329112110365919,0.47176500209343397,0.26980914818208135,0.20739332418955855,0.9076415396394912,0.3735980659622084,45.218946291900814,Developing
0.8557331977576361,0.15106937408797358,0.25316180256474097,0.288448587120554,0.3650290539806537,0.5327197385298126,0.521350728341819,0.7814729633301062,55.529825355867025,Developing
0.3686703753310249,0.673168196836541,0.3069632660996919,0.2643165288424624,0.17536598721024269,0.34197388139160756,0.8339800161516064,0.2951777698185795,36.657368235744734,Not Ready
0.7112910353125751,0.7675769639214614,0.21822936568620374,0.2817300680663185,0.25970253834427287,0.4534279468819123,0.5527062777366178,0.3876752784771666,53.060850148553484,Developing
0.7780503667834927,0.2167774645903429,0.23941670734638035,0.5913219186899356,0.4247192653258251,0.5116402814146536,0.6955655238156314,0.5693521855516399,53.12222731307975,Developing
0.45771425131527627,0.6090526507716804,0.3707986928880165,0.3564397053298136,0.42929597204385805,0.32179994217056285,0.7927594822472024,0.40884550239443906,41.98707734492429,Developing
0.8259153333340892,0.6140173556550027,0.4842617829326664,0.5844467023081772,0.4389749176278885,0.5853621150332213,0.5467242769585492,0.691162929089432,63.73771081761714,Competitive
0.6820316335579285,0.4977864126839394,0.20348953209294288,0.6890094076151415,0.40531233001699996,0.605099677090496,0.5861809217911639,0.6086997951111619,55.34275892035174,Developing
0.7724383197087946,0.5029880892107281,0.16316817443038673,0.6080159162591151,0.3323340703800032,0.5077821291784506,0.379719141592315,0.5923306188939397,53.567337686802475,Developing
0.5059996406469975,0.39243822099419834,0.3207518032220679,0.5622459379725094,0.2746829808492259,0.355056992241312,0.734102901457884,0.33876932676908567,46.09607715427564,Developing
0.44344393497028106,0.25182949602047666,0.20731310003591458,0.4814758980336043,0.4312309123649441,0.24333705404231215,0.720680539793913,0.3857063943016465,34.29683681197208,Not Ready
0.7052184960584154,0.597527577709927,0.3863904481859339,0.43497292968171164,0.14247791644441998,0.5092946317670592,0.6728832516299889,0.589417413591264,54.559022359503324,Developing
0.7852477362399846,0.5369519505435025,0.43936212008148223,0.5283055789278956,0.30662590087653435,0.5621316115390335,0.35961712297896165,0.6157701180857866,56.69482547785698,Developing
0.6362554500974,0.5228987387808267,0.4428399183484379,0.4151113667157665,0.4085444010543542,0.42170138673981267,0.7314897208969141,0.6754806981358203,49.42000602711981,Developing
0.8686923839255237,0.6279258782138848,0.564965194855532,0.39379974012839875,0.5227562922272515,0.5686388492784417,0.4440055593445339,0.685410980940779,64.68801748799211,Competitive
0.766696776659019,0.2320563859655159,0.5568987343042667,0.5052840582882246,0.4308942987593661,0.2899375438211348,0.42396496157284347,0.5173035567447444,51.15129731853512,Developing
0.8508371222899153,0.8256525175599838,0.20356073758764984,0.654682393989731,0.4236034325130066,0.48194714586913456,0.5618674921294585,0.524748964593813,66.50795254324107,Competitive
0.9018171040262976,0.8037969967645542,0.37688414958774047,0.19314232063759634,0.24944582870410298,0.5362189303271883,0.5686518361176486,0.6765889303793733,65.23348958683776,Competitive
0.8107108306127556,0.2814237820887529,0.0499544787418688,0.7044357848162687,0.525277368990156,0.6481663392856394,0.48209292752021526,0.4642281297854972,55.1979245172755,Developing
0.709926033410943,0.4196325078596308,0.10695936800096864,0.3050378994451833,0.3874581774798551,0.4416877412329233,0.5019973096154153,0.627644567133618,48.10879273138568,Developing
0.3823177595643264,0.8525522378079552,0.6846194628191886,0.694767072392703,0.36869422360141896,0.4158119282933479,0.875044007970671,0.212131075749595,52.70162258521192,Developing
0.9228651110228314,0.6045107043121128,0.45676552431663686,0.42293197607568783,0.4423532385025206,0.6449541775723422,0.4184854163145955,0.7790879900811756,63.20227830490496,Competitive
0.48009255537276213,0.6845480546770595,0.5688770766098313,0.31330518520809875,0.31582621524079163,0.37526946750426354,0.8403619671579933,0.4117316580253904,51.403007207885814,Developing
0.5694732778262545,0.5096301925878646,0.45988432328707146,0.4566062290300876,0.26239878350085405,0.439524859912698,0.773469769340466,0.612994385561965,45.602653134644136,Developing
0.4685642174015239,0.47827249942606537,0.12071140600743072,0.28715829310300706,0.483066937017463,0.2073814821193472,0.7895352586332228,0.3673029780394332,35.744469172511224,Not Ready
0.5969920106169578,0.527799347334934,0.408207139952706,0.1975260682798533,0.3570019065996042,0.4481747937650942,0.6717542237161662,0.6430627447185375,51.80930174164682,Developing
0.4814996595298054,0.376213005483336,0.23865205715299756,0.3548536979455663,0.3088810311650598,0.1932787840622339,1.0,0.2504867943924027,37.83713971641812,Not Ready
0.6779148379665739,0.477430604355383,0.4468230192960725,0.7777322562863744,0.60024276801248,0.570825787325746,0.6284316137968687,0.4807269391434098,62.67434265225621,Competitive
0.7842992564669605,0.6743343901802336,0.4195333701733764,0.11387130934551198,0.11705009714029864,0.4771471677416422,0.4922929976265606,0.6113633709408057,59.60305950012822,Developing
0.6606152935155767,0.3227138464070947,0.48992338175825806,0.550958517252465,0.2598584670728474,0.5267394018617276,0.5602834769665708,0.6264710542448197,52.909024141093106,Developing
0.5086619540768108,0.5173531724884904,0.3145296738236126,0.49197534242676205,0.43514689090287634,0.2882282689638037,0.568802347310625,0.6469174525027386,49.930343066584385,Developing
0.7922061596183441,0.48205464335938786,0.38472107521472443,0.24561357934275352,0.09149083967395179,0.578488064174829,0.7013278305046624,0.4167354678188234,51.384312768783744,Developing
0.8322981078126992,0.7165861033949535,0.44718266423204617,0.44821949038021053,0.41215309354624874,0.5212257976720278,0.534093853864987,0.9218814321940305,60.39371793620419,Competitive
0.362737306679501,0.29027247744679185,0.4394669293695598,0.3995634704750813,0.32942856346589167,0.35398123238008494,0.5783795463259134,0.34812393109479023,36.61727356293561,Not Ready
0.7096245389822321,0.7559079374906008,0.3672366496353419,0.4696466893521269,0.5425705657865871,0.49286946660718167,0.5354488260623819,0.5816244196864817,64.30252666876255,Competitive
0.8509017312738668,0.6493322954059373,0.7540982971534125,0.45870248958163384,0.2776232576956896,0.6413936589491926,0.5143505024951008,0.665478566980884,68.17712888743465,Competitive
0.542808798779811,0.5654859159530272,0.4065194772623723,0.4646253146082244,0.20981445805428228,0.3233706209037061,0.6529985332005016,0.33900915550251215,50.98655097101995,Developing
0.6692217364604328,0.7484054271415208,0.23002534980487954,0.41849977672922334,0.6192424024596381,0.43174710992540494,0.5665610140816268,0.4927307124808886,57.31615891264809,Developing
0.6803931768757369,0.2743276576894827,0.390096972197619,0.26632601063021427,0.1840854358613967,0.47318200706574465,0.26823652230718575,0.4990661387151327,49.13426997657956,Developing
0.5738248448737759,0.5312891091379442,0.18271928483916172,0.42002989250905703,0.29632205664725286,0.4166961608230954,0.7714854885996145,0.35191283529861517,44.05436107252656,Developing
0.6759886635898725,0.5693937768468588,0.5619764294591381,0.19606580211633304,0.5559520793021183,0.3496877024700523,0.6868781518469769,0.6116529651263857,58.09151987191649,Developing
0.7091663299964415,0.1764179913135656,0.4102779036891567,0.577300804827279,0.17594331585506517,0.6117485653881231,0.577260874562792,0.5160888020208141,44.8083100275789,Developing
0.8951962108193438,0.595537344335495,0.3531362652146729,0.8148936866195857,0.4751953346161591,0.6646308315623272,0.44648870063091506,0.7528368619694537,69.8298800238495,Competitive
0.6908776686256738,0.23871654911457024,0.37303771028472543,0.35483088342488384,0.16028587812920023,0.33771032098483844,0.4386235710239814,0.6182968246331214,48.28166895933241,Developing
0.9052635790987409,0.6579490901667111,0.050995292400454535,0.3750100824904821,0.4383038337073364,0.5891492666454025,0.5470193564580413,0.7948545331101379,60.847490899247674,Competitive
0.5303608449718454,0.20230129037549516,0.4730612962245261,0.3120125764740284,0.4961280713473361,0.1261663502931255,0.8329384917394499,0.41948240692488487,47.32318339137997,Developing
0.6648383553830698,0.4965742416414773,0.25729396930881987,0.5999297473506705,0.3785553791898575,0.36118399317095234,0.7609019412251372,0.4889222343465703,56.86786726664744,Developing
0.6520374594923734,0.5001081365845149,0.32686257585498474,0.47870357137508385,0.6006026560601232,0.5548356287447729,0.7686119736651055,0.6143121967714669,56.9018527632555,Developing
0.7450841178461433,0.6444953770896188,0.35330819418608317,0.658477388509075,0.2792258367663079,0.5345592717918656,0.6883082732837709,0.6704058512412484,58.02557553667194,Developing
0.536236502826628,0.562606198885542,0.4809512542461391,0.46484006878265804,0.17380286888913954,0.2555805816757879,0.5888675460822105,0.3941486309038761,44.83337932018721,Developing
0.8698689359705375,0.3780904853036054,0.5910459839258777,0.4708894232551095,0.3338159311967944,0.6431412632669866,0.46224495345970246,0.530731822579352,62.483162855808736,Competitive
0.6947095811124802,0.6099501427902406,0.4510859642936942,0.5409349398198398,0.27590285611838083,0.4115744249034265,0.495445908632895,0.3443225489781779,59.19368241642833,Developing
0.5351065665700316,0.6975490097437058,0.20785732471341598,0.5387801102327735,0.3363675349599964,0.23093739130508972,0.7542239721344134,0.5842298183666622,47.744388124962114,Developing
0.4484727113947917,0.3700819359610058,0.29473982058003045,0.2654332030729988,0.3444054130245473,0.3632671865055337,0.6519971726760403,0.37911566240079186,35.44780693876744,Not Ready
0.44215933228484355,0.5210851515919034,0.5077205524150652,0.4520485313171807,0.11311300248189168,0.22894335517585201,0.847866021588197,0.24428740661170864,46.6573124613594,Developing
0.4167561062742051,0.46648888695444446,0.39324810038010294,0.1329834887812012,0.3618141180894992,0.23251285326463286,0.8210942885017367,0.15029236004357693,43.77598479867195,Developing
0.4522020612713917,0.35115503624279604,0.20213653166139556,0.23857007040882566,0.12323136311038854,0.28430263022668356,0.6518159024761112,0.48368262940794804,30.283919361393135,Not Ready
0.7905862687999305,0.49033228233583265,0.5106749177219235,0.6010003701776161,0.12130996473924907,0.6229282538774945,0.8270575766001003,0.6141508378681056,60.960330527986386,Competitive
0.4124599318266244,0.868873658089084,0.15633011075092187,0.7007929786778365,0.4801498945479416,0.37002486549201463,0.6687305838568474,0.44917369384989325,51.85743150342939,Developing
0.6819186885205754,0.6240593592017525,0.39718799518609577,0.33606302141457733,0.3654346868521016,0.4557903271815973,0.6271675578810934,0.515817502567522,55.295799103342475,Developing
0.4518786800304085,0.6362343661123511,0.4550143560486945,0.4799492555990249,0.20410556747763708,0.2906649849906995,0.5716998945560693,0.5759688887503296,50.54444556704343,Developing
0.6082341281371096,0.36166007664859057,0.45608048575467575,0.23240912885847342,0.10138811811397064,0.4384032668258309,0.715429810627849,0.6018416016272211,45.1153597152942,Developing
0.602390326994152,0.31343365561177966,0.34387199844122174,0.5594696019069697,0.3180901974864747,0.31321510642434874,0.6702919093495547,0.35198405282605993,43.92464866676852,Developing
0.5366990864952171,0.5005082179554879,0.2798423330760084,0.2674272787985205,0.4558871349917419,0.37421827228685167,0.6467366507890336,0.58338621112153,45.39013415623813,Developing
0.605788310004472,0.7272152294508398,0.3457009355689643,0.2989096107044096,0.33343970210616275,0.40647913641465,0.7152769377738653,0.36647449602594107,50.0437980848404,Developing
0.6595004631499516,0.47403781119517935,0.4927224020848145,0.7721636544501648,0.37796529089342806,0.34962825377577056,0.5545725263361119,0.5668588230378893,55.80374505273643,Developing
0.6494147635140002,0.43856792509221393,0.5942949673812836,0.5718027496657413,0.28058418745187824,0.42229039125489964,0.5717822798930858,0.6046821525229124,54.48756412157302,Developing
0.7514303410166654,0.3307711989577005,0.19085232812275954,0.17019822756309935,0.2713529909973183,0.6152970085341687,0.39807516599433956,0.556795072334433,40.05421746874924,Developing
0.4533892241085034,0.32178340261992394,0.3658705232710019,0.1883370684907091,0.02597092729817573,0.21035550254795854,0.43031359947811454,0.23342586812701582,32.709722290743606,Not Ready
0.6842024325833672,0.6158712707209782,0.45443157892281694,0.5282743093472512,0.3207005418177788,0.5513880472422127,0.44903159086440253,0.38888920362238844,56.115048725274455,Developing
0.7071885504673163,0.5838784524481412,0.571434024549481,0.4467999744132437,0.5519489173594518,0.40164568809012424,0.6313614191692276,0.5370822743419342,60.465871207326956,Competitive
0.6924822263975375,0.5323533828659762,0.2847912774173094,0.3068390397743894,0.23814200439765623,0.46124837702622945,0.5966855211726337,0.6260132719093595,51.278094482954046,Developing
0.4506829208754049,0.42655096752455446,0.3221160265297782,0.4339572002564254,0.2889343735018229,0.3528234410938668,0.7693100818299524,0.40860557064224257,38.67612511676507,Not Ready
0.7767724560385966,0.5772544797481752,0.6299601075662505,0.1693277843738505,0.22225365224047608,0.45476770875592815,0.5295549035844198,0.6374282855496066,55.100839836747646,Developing
0.4837452357077649,0.7256995605124833,0.034854296405798874,0.4422974267411731,0.29904104095440626,0.2984446605008931,0.7290949106210247,0.3874189097625387,43.373495284994654,Developing
0.776347838794003,0.40974679191327795,0.1957443645946041,0.7441389143246367,0.1994027416154371,0.6029135702192085,0.5023835793753956,0.6268128289981755,52.916995054955876,Developing
0.6397331069222141,0.41193895703264255,0.26487294776025105,0.1395821576539082,0.4728356140334636,0.4854585750947392,0.5361891547579782,0.39227891704327533,38.953320455859334,Not Ready
0.6483429352343467,0.46745265186677853,0.6129128682790234,0.49746714188454305,0.433725079350657,0.5144223096200035,0.4134621011935993,0.7192370189059728,59.01590363139869,Developing
0.519443521671488,0.42332363566114484,0.6674220057438386,0.7740702086312241,0.41062296739014575,0.41411485817415716,0.843083525163667,0.4998240860900927,54.714414433366905,Developing
0.8264855854405843,0.4480996014355134,0.4178801476443053,0.5157916811956685,0.34429788712734494,0.6355204189500392,0.40128654296988797,0.7571603957310108,63.21772579903603,Competitive
0.4486412165714694,0.5958563651168097,0.5076997553130906,0.4755212952303716,0.15586024874675009,0.3407462070981003,0.5695525730618802,0.30288757794850824,46.12718349576348,Developing
0.7844633875765928,0.3952656715169723,0.587186427876233,0.7072365828954131,0.342432181969744,0.5463580435334102,0.562052830546915,0.6124915852963265,59.064480951386145,Developing
0.39706312986299985,0.5559893172401065,0.2728653226421904,0.5192583526932794,0.4671401732530174,0.46084013352264785,0.9141795956228211,0.28174076144488414,40.95565621988243,Developing
0.735077657947022,0.7100179591735681,0.6172826030290299,0.3072909839592579,0.08616475400509287,0.6561184968621951,0.6360318192277892,0.5977773918642622,64.71680681567071,Competitive
0.6882918535198796,0.28001079102461574,0.3977271140490383,0.45731160061043835,0.11519982555197063,0.7135217268788303,0.5895922275924257,0.662794477688692,55.32922237992088,Developing
0.5268920416403681,0.36255792728397607,0.48472245746604253,0.5310447841959681,0.5683263519062083,0.3540089926139333,0.7339523348403294,0.4709251973714316,47.85571303327499,Developing
0.25765400280009065,0.30817375725587887,0.03184115468936772,0.40733842624683114,0.461651604306551,0.1677286610909308,0.9549414242420696,0.02414029307564436,23.800742524823455,Not Ready
0.41723594708759393,0.5011636415704804,0.38134349306184484,0.3854603140608637,0.30118694503598237,0.14700915862797231,0.6487567047666871,0.41711563374618305,42.105127474222996,Developing
0.49325772178915067,0.6175334627331347,0.3980262984254898,0.2088045533635165,0.49575909850873173,0.16897885481788877,0.5656803759013977,0.1696319171552592,37.33641708970885,Not Ready
0.8820155599530206,0.395548682663601,0.25870581942947224,0.3660064903235296,0.5715220940786192,0.5824210942330357,0.5439454709491369,0.7112005982883067,58.2970804443247,Developing
0.6619017562144901,0.4425663170412922,0.5046012528123979,0.36414542314361537,0.10732406613309911,0.6233390146797839,0.6116067347121295,0.4964896775015947,57.06198073352355,Developing
0.5711718984946151,0.38778576861036707,0.3467713965348521,0.6129639584557134,0.43289204095263306,0.4976753735712153,0.6236748111071966,0.38658338603482467,49.03887400533887,Developing
0.8333692962065472,0.289490905851047,0.176635976034904,0.5998830770187705,0.6086029042355288,0.5494140084186123,0.4134106374513433,0.4528475565497074,53.53765027731314,Developing
0.7351613760118816,0.593459832305933,0.5595116262238423,0.36541476561188607,0.3359253736347603,0.5584305699992252,0.45012254405570923,0.571008534455198,56.724503623103864,Developing
0.5213012139149238,0.37574084216654124,0.5506077810807416,0.29230610125478906,0.04387686671313233,0.2631765532942467,0.6870324474665777,0.39471288205752436,43.43915915090168,Developing
0.5119398120494086,0.5787804241152705,0.3092522522526972,0.2349219257243353,0.49704342411565067,0.41915405203523604,0.6193382087487026,0.3106089565106823,48.446699860178896,Developing
0.5692308275436584,0.779763061602241,0.4180004545513235,0.25251801745016345,0.5317014913444512,0.4074171878560542,0.7740646635393115,0.4529280281948424,53.65572339066599,Developing
0.7040429718196882,0.4950842937223755,0.5228254119952833,0.48401334599267887,0.09399908328276976,0.623744121370231,0.5467773567957099,0.5099312184086483,58.58031691777499,Developing
0.33220912533386004,0.5867788882085871,0.2113504034213827,0.3887192923208456,0.5877057687922743,0.23980897520124483,0.7226474945760222,0.29393894001187776,40.230166029715356,Developing
0.8022433608091672,0.8425911933289084,0.8093914853660854,0.5205065166012547,0.2588502000455035,0.2375559863196391,0.6556443731223519,0.6618928769160545,72.72669644034913,Competitive
0.6986155146386691,0.5362527004479117,0.28680821090359027,0.39981421261204325,0.2179338275876319,0.4708157108435725,0.7618587801936076,0.5784371258779845,50.61003808472727,Developing
0.62289878642688,0.22861583556920306,0.8702684831478346,0.4758789195802547,0.19581445697633845,0.4193318181767538,0.4261874628844371,0.6160572550796775,56.179197575165595,Developing
0.5292705761737615,0.2986948405707171,0.22602047835069056,0.21014516007963704,0.07710780601232199,0.36049312906016584,0.7858344603080393,0.22882478509248624,40.596761909235596,Developing
0.61707134336312,0.6822725733838184,0.3324996183191515,0.3919600126593292,0.2433520428604682,0.2403598959141744,0.5484660742968609,0.44163576759139594,44.377504461824316,Developing
0.5656735554820975,0.5297560350948874,0.1863680171510788,0.3018485747018092,0.3441654636685265,0.6106507983653312,0.7529859852526457,0.3670443192730136,45.82925479552735,Developing
0.5172358662112347,0.7566307562303821,0.2795787685145557,0.32537174167761496,0.35568953092484934,0.37472902064894914,0.630686731341794,0.41530503230969096,49.19339782362302,Developing
0.3617841667660725,0.13831466962562342,0.3159750320012224,0.42773757008344987,0.41289661822345575,0.23402352101906287,0.8843815362277087,0.3974409523801653,34.37045441691383,Not Ready
0.8341012363881228,0.2682843683831367,0.2870851169464684,0.7022523006166188,0.27345295570597367,0.5321553716655884,0.5009238023305731,0.8103202323632775,59.51161071040199,Developing
0.7184377199253621,0.5448537753714529,0.4412397287599761,0.5416682813893949,0.7033310710750814,0.44769550254888746,0.4363617510418252,0.50285489645442,60.00884875143559,Competitive
0.6748298478079438,0.3020422999354208,0.6005720694036643,0.4073097230696142,0.40536000081491613,0.3270520566395373,0.5880009851062639,0.5552516297518991,51.957000666100356,Developing
0.781744713854397,0.4853859135600899,0.5748400103322436,0.4598305050899144,0.1314703172414112,0.6668462214263902,0.7361649476573514,0.7438414651994973,60.680083906099135,Competitive
0.6066858063541755,0.352770433728978,0.7249025785407583,0.6328869031163569,0.2390258704864999,0.4278085802104363,0.6554363138365084,0.3403747823785447,53.40180407184263,Developing
0.608845988946396,0.77415077273719,0.671838252281105,0.3035547307565616,0.23392205784727974,0.4371341585507005,0.6711696710192356,0.2717444119296769,52.60994774636194,Developing
0.3981454565099176,0.4522138316376545,0.7234405622451806,0.5293883629337558,0.4333228550658714,0.3918189485298696,0.8546645896916321,0.3638589432225915,44.756472143268724,Developing
0.491296197956966,0.7113060970977296,0.20244856496960617,0.4150421876095303,0.26077982321201626,0.29859202257286993,0.7368093138951471,0.4610668697708503,47.2448651659464,Developing
0.6860587565373072,0.3442149952476379,0.4204521532361775,0.6687298895890161,0.506633424722291,0.6149781896883268,0.4848526827844417,0.4895666127455196,58.402971135358605,Developing
0.7532688346597737,0.3163617075910739,0.3347248947137767,0.5281582898402664,0.4914975248081654,0.4833115495007088,0.2744907521315791,0.7005985329370822,49.98661054730602,Developing
0.4474673613050814,0.5892509619694871,0.24254316689166106,0.5852507915150154,0.22756940172084938,0.23731563051205823,0.6490783453769051,0.4922484774801172,44.62344894775843,Developing
0.9614708694546759,0.5459477022436218,0.21393004421398212,0.4476629866461376,0.3189827136500251,0.6410959619886594,0.5278423757259206,0.7760737732604001,64.82449489286802,Competitive
0.8706699596855886,0.7383380415757176,0.3962228125682145,0.5148167677663,0.2921014548135376,0.5972781772526449,0.6037276560487841,0.7174662656661699,62.24778399038431,Competitive
0.5213065451757788,0.500873635363798,0.3722301597025436,0.3430413136527624,0.2531712288869829,0.48307230447344085,0.8119636454637805,0.3248782284471129,52.3767905668705,Developing
0.7677642957453029,0.4893509717400061,0.4128994392082739,0.2875236683485654,0.4322347387303172,0.566461128729853,0.5337171297363743,0.7017258614259537,56.54871298356307,Developing
0.6658649086761603,0.7478986259676476,0.4675357081780786,0.3729742418724967,0.23095783812942366,0.5046528094611032,0.595731270985387,0.5602373179725726,58.44956696590059,Developing
0.4854604312925287,0.5436172354908848,0.22949121470913708,0.6146115544972601,0.3345842980146063,0.2184666991694602,0.6968573792003986,0.5443508007453155,45.762486009533546,Developing
0.48416097507934985,0.8721091964282272,0.2035482527540568,0.16434715622082205,0.5220613580793979,0.35732651969884577,0.7206292583836993,0.2775041558439447,46.074389249434866,Developing
0.7303240046755552,0.7041461399649689,0.4887935810111393,0.4832731635495226,0.3895361881213581,0.35048793643466236,0.659831753035564,0.6044346681914793,61.59646233879012,Competitive
0.7076556771045215,0.19055453569015854,0.3532242351135767,0.4353945963217354,0.07149477478063848,0.43049736998616767,0.6415466024681402,0.651909321022899,52.97620048259823,Developing
0.47502120302598216,0.5321253928018597,0.5754740178559926,0.3311748458215984,0.3124617408234928,0.33751000972310513,0.7362026335102273,0.5012855653612209,53.74097648505169,Developing
0.66826686047607,0.30362865793187976,0.2159346322728483,0.46975450426746024,0.13559126415915435,0.3401107990765396,0.46817073850674673,0.5035313387082854,45.48959615733549,Developing
0.7868805024061023,0.30994025586713253,0.4840977844342863,0.3094082050800373,0.3676991444493029,0.78260211218665,0.6023186874617891,0.5955973578773479,59.176602580062294,Developing
0.5832923121299652,0.7711400137923315,0.359119260879168,0.3528787381861071,0.4929716824257517,0.3596091850109729,0.6779396542516201,0.49883002644531416,58.838001122301485,Developing
0.6385582792318693,0.553464538716786,0.29751293613820495,0.525214972832519,0.3563057286290887,0.5672372269429998,0.4413957321243889,0.609387134087348,52.987681202011345,Developing
0.5768242427817653,0.5500148239807472,0.30865359349256305,0.22680367192272344,0.17438136435085957,0.49253304763931727,0.6035308834656429,0.4199681612798332,43.624719187988866,Developing
0.7293039352149655,0.3801704414135096,0.5128235069218943,0.5375871312847952,0.18488921654722337,0.5847912975833575,0.6050832060239668,0.5327133621535851,55.22191407335094,Developing
0.5735004065890162,0.4874374456010729,0.2542018371751559,0.2119925700163831,0.5427021299813405,0.45025761239542056,0.7875775953458065,0.5516949717363743,46.9116385124469,Developing
0.32250708309861653,0.5441215077304156,0.6579019179589576,0.5504786894491915,0.5027357215672166,0.1312646096904167,0.6764976224192185,0.2507321835944651,41.597597942932644,Developing
0.8739294988215585,0.7107137755036954,0.27856571720104006,0.37710383261443026,0.3358404894251992,0.6694147641293288,0.4558790216563577,0.5651020964333164,66.66759332033074,Competitive
0.43662221228312054,0.504292047885205,0.4909972385848935,0.2585635490712099,0.15481444873302766,0.29761744964785947,0.7149830825479296,0.3512996010076904,39.90933079472566,Not Ready
0.4143399055558758,0.5250748473907558,0.5634011243960826,0.48859197358917705,0.556444930456004,0.10594825273401803,0.6712138954032238,0.30470692053058857,40.5534057152256,Developing
0.7240248415591661,0.7159267632769577,0.36746121122685793,0.19074332551839754,0.4165183819297577,0.5711356920098225,0.5600288804717157,0.6919120781324872,57.59265119990175,Developing
0.4326385393721577,0.41422029147212874,0.19546739777478636,0.5957250605115445,0.15226440645173678,0.287790249488183,0.794419239846709,0.26957971980659445,41.5834610042357,Developing
0.8212863594604491,0.5536371479034768,0.16936716347044378,0.474595534759546,0.18009953058271133,0.4033704143570528,0.46589531329338013,0.6978521225724525,57.29735077200244,Developing
0.536184904894827,0.13309769429278145,0.254223756373332,0.32033764261929326,0.282448834297417,0.60755393026838,0.8069068728399399,0.44507282361880673,40.672623947657435,Developing
0.8424580155621674,0.7592933301889002,0.34205480709472236,0.3829903141520084,0.2370287482632128,0.7701379619590504,0.603021573622168,0.6841921414128781,64.89336381984081,Competitive
0.396495354829828,0.6975250212131003,0.2468585142974643,0.2485652626282074,0.33167713305577434,0.3196604663659288,0.7270316784051215,0.4775029210980152,41.47206115486457,Developing
0.6069542779865696,0.3835732769790989,0.7383465736956575,0.6189665885591425,0.35678637631849847,0.46273891663495165,0.45107633473828,0.6655553392958203,52.98328596282693,Developing
0.7720443351971878,0.6699173473532954,0.2595708185055982,0.43121001098048556,0.4078172905514666,0.5575743863140118,0.4462655255428547,0.6879046030595484,57.64345191439392,Developing
0.692126393415162,0.5651299810902967,0.712680712970732,0.5419619012743718,0.5911381619426948,0.263731754717231,0.6641343233181383,0.5385768046790571,57.08175930796003,Developing
0.44462741581263654,0.5482998899582686,0.3522192673731694,0.7277239155782476,0.2601762937370001,0.3633404984620556,0.6195405621566689,0.3815848729471517,41.89113613651905,Developing
0.7007787741539758,0.6735564241413438,0.6166411036681355,0.6404011955190535,0.29077053897797656,0.5266091573512486,0.519845968042048,0.6352276233600377,67.48031128306967,Competitive
0.7954894807096105,0.34441466223250966,0.26799695922606875,0.8202327694507083,0.5891210836215975,0.6021836655532943,0.45749503085751647,0.6603625691423389,57.970569034588834,Developing
0.5110850318823918,0.4223392853719404,0.29741248431417866,0.3457392387207028,0.32297556992520515,0.2935098803458404,0.5515216605178207,0.4495983840305135,42.224109334050844,Developing
0.5250587592850855,0.24530017210658034,0.4628039165079137,0.43829414899968105,0.5224675239309865,0.35140605770979705,0.7275858063694838,0.2723344072153434,45.27275203737591,Developing
0.45281304600749905,0.5402667408879894,0.25891255998645996,0.397245580032107,0.3630346194733681,0.3441291011226588,0.7749205047227912,0.4618715583226119,44.20982285075798,Developing
0.7155128777485055,0.421082501534204,0.3428225090274463,0.6521253092221857,0.5942804137118652,0.4858065263281787,0.5243452422182001,0.7597703847372381,59.96630835251291,Developing
0.6795957458659024,0.2799446080610462,0.3103075694797704,0.7206770125408914,0.6145640453476692,0.47538122918596826,0.5548494642958902,0.6042785783657878,50.99609707815774,Developing
0.6706360872227398,0.7711527948914582,0.199799238632469,0.7890494342086373,0.12437427974248283,0.5053799378895054,0.5653509313746539,0.5589844794146074,58.36257214208282,Developing
0.672070058623884,0.45051235823664293,0.42464765945331434,0.589193700493761,0.2786334295320265,0.5042648854036282,0.5966110608356303,0.8927900781626877,57.432340896097394,Developing
0.6207228974764284,0.830962189818672,0.31582007404456125,0.3835035299338936,0.19702193212739058,0.45716525312413464,0.5236846740768016,0.4037581098037852,54.337125719538555,Developing
0.5655076498145588,0.7962793429257955,0.2133204742158127,0.4145246647890893,0.41345643482890754,0.43657988182209456,0.7525148967438433,0.5804190983349475,51.982510531702225,Developing
0.6453313551712279,0.6991116380217639,0.4309836352808477,0.4190694089312641,0.20713512853159566,0.3482983283988339,0.49478110975125544,0.44990853324257424,53.93829908439876,Developing
0.49378929561322965,0.5152920016743013,0.17429335636415147,0.26356386569672086,0.3435408636253573,0.2934553370531111,0.6224631891326288,0.5398901120998387,42.53616125232788,Developing
0.7811712045238248,0.30204568092234135,0.11188950032512411,0.34734863102621455,0.30072080687829056,0.43075042875624747,0.6808131705638845,0.4637164822412934,50.141309054995055,Developing
0.808073769400806,0.2234383460073623,0.5982981702448423,0.909335741397755,0.4795969147571209,0.49666329232467554,0.5643276086552909,0.7928352097820845,64.30871803298146,Competitive
0.6820266648600504,0.13474040742962523,0.23213639502046796,0.5798256881764211,0.2756670188081081,0.46894120891440016,0.7164795315977273,0.5964524417029455,54.5713265145977,Developing
0.6271643429551873,0.26046377797749676,0.6061186827346932,0.3635723368324906,0.4354636935825817,0.3413275202908306,0.6622382589539391,0.44173480823549593,46.191779201248906,Developing
0.3567138634097442,0.5005337621669895,0.4430263152886353,0.4273381553062737,0.4834771714392171,0.4537939743541123,0.7525873774016453,0.1785457189035308,41.34947743167234,Developing
0.41712994676477005,0.6742183052489331,0.5049315993734811,0.45309676923680736,0.4895506656626213,0.4571086902399683,0.8200559720589893,0.44143256952905974,50.31349569133808,Developing
0.6520035752821783,0.6422078672943559,0.25026714253256194,0.344167057595098,0.18170408706376007,0.3248651561070527,0.602264096538317,0.7761894176640967,48.936131732609994,Developing
0.6076476399205534,0.6365481685330642,0.4374856495757841,0.40096940313145785,0.1822954978576734,0.42858461190545244,0.7468352161729949,0.5139807239015172,51.30075008860044,Developing
0.825199782907695,0.6087395053960384,0.23985824461746622,0.2928986780671419,0.6159966803008866,0.7461918503585008,0.35591500037821444,0.6299356287011099,56.022806149022244,Developing
0.7812529696958864,0.3699363026804481,0.540261683152018,0.5101391826786796,0.18856892180919502,0.4787718418986719,0.4654229634347915,0.7197040490581346,55.17428232732684,Developing
0.9188500672931085,0.4547997788819494,0.22759573360188168,0.5297519642910419,0.5170845458705541,0.7143123189768481,0.5149721517586295,0.4695879107797257,60.76664828441517,Competitive
0.8488824855406651,0.4886122718198968,0.36557953169472573,0.6835800360935332,0.237582605771655,0.7487879866452551,0.4302905740790259,0.8499170908914143,63.7814623660565,Competitive
0.6823585978096635,0.288055877291011,0.16465623537530064,0.36246139382952075,0.44283108099595303,0.516850683974986,0.5410783971348951,0.6086467224799125,47.49695983780815,Developing
0.713289786773073,0.7442972147825416,0.4042309809557991,0.44958652038594726,0.34320083591431566,0.610611314197962,0.7691491443767835,0.6825640302043476,58.14590403973198,Developing
0.5927872998918079,0.4032213770615674,0.2380585793073755,0.28608501787374274,0.2903310235361195,0.28349897470998286,0.6567376589729131,0.5467110851595915,40.747031058926204,Developing
0.8897878900584363,0.7485758425349628,0.29743538726617036,0.6240126588293673,0.6499374126285672,0.568889114641512,0.4263901388793063,0.7977272896980823,68.19570277078434,Competitive
0.6756530718118635,0.3521436523738373,0.334428075560309,0.5456901134036766,0.4178757212119871,0.4677340568539992,0.6134237729123008,0.5035816570855202,52.60051435007418,Developing
0.5397790860884094,0.29608703700631583,0.1457884384659453,0.23929718229593788,0.3207008352478654,0.364040809891518,0.5093080233369749,0.3407599301715825,37.5942134742155,Not Ready
0.8803556890970172,0.3940118959994632,0.40879497518248475,0.44648783220881677,0.4032995491824953,0.7208188331036014,0.38221204482251664,0.541992742498591,57.81207043247436,Developing
0.7305119296788706,0.42333556053481575,0.6666990486091315,0.4307983620560748,0.24708236337457193,0.5443311296467249,0.6248464756868906,0.6593851973109889,58.25368735747058,Developing
0.7894417085426084,0.21667456083620296,0.3006826852286237,0.6188083302402846,0.3064748226586034,0.5605306006666316,0.7105455454631996,0.5049219117581799,54.82178540140898,Developing
0.5029025251798966,0.6715632322649833,0.5793956045227686,0.6133021241868416,0.2519048687820052,0.15402179915135158,0.6487480799832321,0.48446140808085647,51.48858963114768,Developing
0.5502856165577262,0.666407432675319,0.4188590781320751,0.4759411498203171,0.49669713841099356,0.3679747468140332,0.8782192832362271,0.4470431898476842,54.582653264743314,Developing
0.7537746863557284,0.6582562351774653,0.4240413906186815,0.5551281652260838,0.31621723567307364,0.40789536163072215,0.5285886716271738,0.44556594753703754,57.680285918203985,Developing
0.2664379470456472,0.3228638859129818,0.30296858974127644,0.28692642798976453,0.49779710717123016,0.11269878899102272,0.8535790906527866,0.12459051284200766,29.496242517742747,Not Ready
0.5220379990229587,0.6777672709237269,0.43875554455762694,0.4405224588092171,0.20764981799221785,0.3203960538108592,0.8193001774804656,0.6207283342935098,50.16222480550547,Developing
0.6933707579154272,0.35157949361864443,0.48811458066773744,0.2416659432928828,0.3443853095709607,0.5493115185485803,0.7614583935562244,0.6325783863802209,54.35689051757992,Developing
0.4807971312443826,0.5410845777302767,0.5873650678299461,0.3437843602663719,0.40819614456151176,0.3351609870596361,0.7834798588703111,0.1934160332296897,48.02731631591272,Developing
0.7383455823011126,0.3004634212396491,0.5760263238920122,0.12570343416775756,0.5704714102093732,0.6675720229250667,0.6518299381098243,0.5793638319937255,53.72464385673372,Developing
0.7816595857925838,0.613299078263447,0.7238809871356667,0.52911479970431,0.13623996512521838,0.6239125128015757,0.500662143697626,0.6035269883949831,64.78936369870132,Competitive
0.738061491476545,0.5335705273440474,0.5740758494477629,0.5557769716383035,0.6417144292441668,0.4795944267263914,0.7015788290279533,0.5484650146289931,66.23131023931575,Competitive
0.7272525290434514,0.26038161019500944,0.22065883424248883,0.4107079679084698,0.14483335889085244,0.36545374564441724,0.3979731952058647,0.34354396679598787,46.73602270435282,Developing
0.6494667250731312,0.48359757726638775,0.6123747551385118,0.12822900280519942,0.3605410325297857,0.43555338506749064,0.8128687979646196,0.5802378086091227,46.42681285067588,Developing
0.7647000480789273,0.8063073750408114,0.4590487302357111,0.7547397488633402,0.21945154629932925,0.6384755261585209,0.4724848430955804,0.6853265258298483,68.31301126634526,Competitive
0.42676004916267046,0.25914418944786655,0.41097839275580333,0.293749418018499,0.16815544188445844,0.21264664820388085,0.6956214698969606,0.24944197403540808,34.688832325686455,Not Ready
0.6376631482368486,0.38010241391596905,0.22631999740571948,0.5521802087956417,0.6768277666315029,0.3980583861591036,0.523432858116502,0.18474508796926797,53.83678174077441,Developing
0.5331849523869097,0.7883954911270692,0.24234165397886,0.5468026630691163,0.4402926502660459,0.30105339922557145,0.9602268287589291,0.4282908304672523,54.99497084774905,Developing
0.42838432406786014,0.36502833883489333,0.4499832946012057,0.5282779337797352,0.3831316936924175,0.31364290125518435,0.8056638240675393,0.5329094557004249,45.26553760070355,Developing
0.29609559178604916,0.5306608787937341,0.6667208718031934,0.589834507861713,0.5231823358866882,0.15423977828407118,0.901291086571643,0.22539678093953291,46.06169606323711,Developing
0.43384808513436296,0.513082350819348,0.5252157812016938,0.5289289217159164,0.3233953780260746,0.248107824904019,0.7413424978549963,0.23780524548517312,50.513780430233595,Developing
0.3741857498737218,0.4319583718521588,0.48501808849035044,0.44053641238652835,0.4527398009367374,0.24997584190631017,0.7293004515685583,0.44697448160142794,42.72483230157584,Developing
0.6679901637286579,0.4615333523806495,0.24505064111193184,0.38416223609631156,0.2892035129771795,0.46574470262930107,0.6214564679059043,0.7103532752196651,46.10797169452308,Developing
0.5858048232450187,0.6198043218731341,0.5129419106367594,0.40284074490975635,0.42281357207001197,0.45914997626248316,0.6927775098630427,0.412459272014411,54.73310233482951,Developing
0.8044628620788038,0.3681066606909972,0.5398599256608164,0.4242710396886933,0.5307231125424784,0.5592303560119081,0.4801613560179555,0.712478235248913,61.08838195376037,Competitive
0.6428527382662553,0.39326918809703737,0.4388143942343146,0.6312940828775242,0.3732237143228627,0.5849476409260697,0.5148005362523043,0.5059434346594517,55.176110294286474,Developing
0.7689348868004874,0.6391659685079695,0.22177396407344846,0.4382585485726695,0.04208439433682681,0.5188319089471065,0.623933071783464,0.6281355869233965,53.66061081398837,Developing
0.5469111939383833,0.4378684239311211,0.146413994903764,0.6187216138235252,0.18893209284478937,0.2006704118386503,0.8015525636812911,0.4148640530511172,45.010328278767815,Developing
0.7492749335776325,0.6792172200351289,0.24403688832640413,0.5656339444101027,0.5730703522855155,0.48900885185636817,0.34493848036004193,0.492239229084272,59.33242339276765,Developing
0.6402283147285137,0.4451542077182662,0.2119682139561633,0.364724698973187,0.5814193739149066,0.38883635467042843,0.46995571949101644,0.39260636500211754,43.38354637338293,Developing
0.5329867015330806,0.5289110005679689,0.46561728664978436,0.4057304410559013,0.363563474096961,0.42277338414241783,0.6872876027644402,0.3237047809690963,46.966645055431115,Developing
0.7488327393004304,0.8212056003263967,0.23767085647152864,0.2654852588119351,0.3142830616111152,0.5646746945682668,0.4218236370016497,0.5853161960867709,57.193700880043124,Developing
0.563935512298099,0.23107989100813092,0.11712164225707462,0.6774305607776964,0.31860322386921025,0.4261134249041535,0.45139164510114627,0.527275549484478,42.3468179624955,Developing
0.7575594458708497,0.6777417007975649,0.19488614840870483,0.5785335555690044,0.37775886063467284,0.60292003582392,0.6981349157652755,0.7844542813692412,56.59073609196826,Developing
0.4834813514011296,0.7032724375081478,0.4842388142530689,0.550653577851883,0.1548695092672306,0.39797592636336243,0.8132087689035936,0.41232160261122314,51.41941317439016,Developing
0.6314576694215173,0.6914591592204699,0.3365267629179663,0.6033319280880581,0.24458962916584007,0.5522751794111979,0.5807844236974079,0.42301875434183683,54.863217908814924,Developing
0.49350841106018467,0.5498490988266069,0.46530262186637045,0.46570221615015794,0.24317912705738376,0.40828916394832604,0.6815914643953639,0.35060296556319337,45.31062915268275,Developing
0.9023450623408276,0.7383988942242952,0.5962671789361412,0.3270168071659891,0.18867364546999796,0.6394660727403773,0.4608641341034685,0.8528352463752766,67.6796711270026,Competitive
0.7153152576543593,0.17439220150042692,0.4657345928776962,0.7251966975093422,0.10418937370020537,0.6112735995800659,0.6159553291465011,0.7552179577489484,52.62522026338683,Developing
0.9130108217489223,0.27751707792381214,0.32599021784288923,0.34720948556152365,0.26735732583782035,0.6859421763318021,0.6222391182950249,0.6091147640909996,59.214462312100736,Developing
0.7463302107335513,0.2138989731677821,0.4009787100936187,0.2705628803947586,0.36644726085763296,0.5760059586567342,0.49957093110715534,0.5141672636270662,47.400413086864894,Developing
0.6221882665113931,0.3895727356521215,0.0616175037991949,0.7910520053314578,0.524439631655272,0.37340748627873654,0.7231051272518831,0.4985540444596149,49.139843578320615,Developing
0.7784108097633364,0.34914058046830115,0.4882763943308772,0.5863564421827137,0.15095578839657,0.4557125439736089,0.4619791053457266,0.8142612418748995,58.68894629681336,Developing
0.7940716735381205,0.20912090190943747,0.356457984029546,0.2231796742145153,0.351959920778059,0.5296034917142487,0.5433593672469705,0.7279065410606984,48.81230975633788,Developing
0.7478627177461027,0.3575601432868029,0.39158893640223436,0.6169365609518727,0.5225491831798652,0.6190036872749458,0.5554717048131864,0.5892226405396095,55.30052617702262,Developing
0.6227895812832622,0.4869937110052416,0.2553645896443283,0.4707130214510492,0.4073193290721702,0.4233672068059835,0.5848169222376903,0.5721980648203633,52.29601493041586,Developing
0.4806024942737872,0.4787370775908427,0.34435904586959853,0.5676235354937748,0.5731467331446635,0.28604050851310747,0.7549148475575905,0.48856319368591117,47.96848584695472,Developing
0.8243906211715188,0.7082630920297729,0.4158256287576745,0.22709248411156402,0.6782588991492806,0.5223242908176038,0.5980339182307561,0.5973769446422021,67.33074557081936,Competitive
0.7863953336046903,0.8091591307212547,0.361697758974568,0.5629104060603164,0.2445778177854615,0.6724972894439789,0.5220592415585316,0.5878205025095088,64.59579575829873,Competitive
0.5931075482973969,0.509141661586336,0.3987778689270368,0.4212113695530042,0.4240302905481282,0.26472001331138373,0.5136595890641014,0.5497663974015019,49.139920015572706,Developing
0.44599821997889555,0.5672244438868868,0.3806302395814433,0.3566739984033595,0.6112005258028071,0.19288859532672756,0.7952151103770275,0.2809948972584304,45.68742874308755,Developing
0.7736357658209922,0.7466008701490889,0.7359614563457118,0.3923585683474915,0.4001084134071934,0.4373905414460607,0.6384486721712558,0.6889829968704724,63.420751500378785,Competitive
0.5124184916339007,0.2845027103659382,0.2616550902756002,0.5363061862417667,0.3524789008698592,0.30061022177656965,0.7098271630259885,0.5149174118685704,41.81094918161462,Developing
0.5665684796369395,0.6620129256416143,0.4193826393988518,0.35088483752900446,0.42257573290499,0.45095489332459426,0.753576292800621,0.422244815452916,54.54522627431375,Developing
0.7825046936920128,0.4402714777436232,0.5442102609288972,0.651120987776086,0.3536370711656396,0.4903525699441718,0.5245993070182571,0.5908216558978412,62.26310828304567,Competitive
0.44403071972204705,0.5227093448255316,0.2655185600608581,0.4421985556367088,0.4372791522017013,0.16436373670343232,0.7556863137324157,0.3060641796989903,37.139170877487196,Not Ready
0.33787415111870633,0.3424621789308956,0.3363086525060739,0.18409914562351615,0.43525439293258156,0.3111584587072618,0.9639814099520758,0.36251824692802526,34.740486959414405,Not Ready
0.342955096932014,0.29843145004511884,0.4959345758142486,0.46052359684697713,0.14212009341602283,0.28610134166465356,0.719640197946999,0.40945932050582085,40.20701989808118,Developing
0.7639883463051591,0.486934080173623,0.2014237579247758,0.5354243575100136,0.20900816669575262,0.6708976507309187,0.6478613093067724,0.6353097984153159,57.61573675719644,Developing
0.7560712192596691,0.4575711708655995,0.4711652334678381,0.7414838848430365,0.6211120303823575,0.7633993517381241,0.6763324359282663,0.5229634404159114,66.32636865113754,Competitive
0.6307653061138151,0.3909105268677117,0.1945675421403311,0.47961276792144514,0.4762848630396241,0.39601355131618415,0.522273863470638,0.4491918639776292,39.97478247276574,Not Ready
0.784827433366736,0.3431566456013021,0.7419584446610852,0.16152955693495927,0.364828013482121,0.6564691534191031,0.7042424036092779,0.6623996692601188,63.09935153405564,Competitive
0.5548420401313368,0.47260911384557464,0.23565784881350285,0.2757102694192354,0.528339069821844,0.30141406605915066,0.7994331399044844,0.22535992423396572,41.38638529049458,Developing
0.5887831684933948,0.47441535170271326,0.25855833421386576,0.4632554971820538,0.08958396996615957,0.4451749808193334,0.6739896024665062,0.30141583534227834,44.97977114941038,Developing
0.5569585414084618,0.4454955703188924,0.27812515994912423,0.28023615313726385,0.5921498407688124,0.23630243896399056,0.6769496055304867,0.4000294402240572,40.71787194318668,Developing
0.2987958358953471,0.17627631697501822,0.6041735367694239,0.47462814722900665,0.22989414705811972,0.21719039644676114,0.6571503119057516,0.38513594337225626,33.63284677908554,Not Ready
0.5702494315685096,0.11958851968710657,0.5183414344086081,0.513220011790338,0.4800434742221726,0.5208085846951418,0.6997526976313504,0.3973783898853788,45.137739879380575,Developing
0.4685665761015313,0.5460815423888151,0.40845864676228627,0.8789963825087624,0.36499199595008075,0.5483543516368696,0.778036085911474,0.1900910335401052,53.175163943375935,Developing
0.45988967434025746,0.39291427296671033,0.22351143638150134,0.6136944687060575,0.47674072653877597,0.33290352769831255,0.602292738141865,0.4240831955989855,47.563580046898466,Developing
0.7497945355507192,0.21147545715810473,0.330305447295442,0.40399332963600126,0.4655292737020069,0.4226069197657335,0.7046703449530847,0.7589673952212069,57.30169773040244,Developing
0.2830967250293851,0.21058325950586307,0.6279597341963009,0.20653129675162832,0.25530330593935174,0.32360012937845883,0.9439338356556644,0.2308856088537377,31.464716002901348,Not Ready
0.5419945500980674,0.5417328688770104,0.2649867462624798,0.19050100647891466,0.4348308011787069,0.4678180758357881,0.6030518872022161,0.34458709843432667,43.79543713737003,Developing
0.5302496574946179,0.349991209852668,0.33363250275482076,0.2973880152118068,0.2110901757066759,0.4026057139645288,0.7755754409533624,0.36553362883317775,35.145807414168196,Not Ready
0.6616702882974663,0.722861696684902,0.24633219931745595,0.5268535927733179,0.41593561203008117,0.417009215735449,0.624253639719532,0.41945862969275116,55.38372753330751,Developing
0.4294710763453338,0.5292930442452238,0.3825904767714904,0.43338785373650873,0.1997355364878153,0.21274345864229904,0.6527285146344451,0.6202671630982051,41.12032770271978,Developing
0.6812957893114255,0.26346416185548316,0.1331708209767944,0.36106683317069777,0.39969840088536057,0.4929567549277952,0.600210191605342,0.4525954054653961,48.72364373474696,Developing
0.4744167013928406,0.7645149725387351,0.6801049154326242,0.3520799393287587,0.7294881065386792,0.37920770512009816,0.5346950625730503,0.40075844220572593,54.632894817284985,Developing
0.7574396029245897,0.45571159548253626,0.5889543252487202,0.4163076561870882,0.4681960449790082,0.5114863120394195,0.5420838009184431,0.5713892173793538,54.44540364627497,Developing
0.6591657147688033,0.6025768510616484,0.3498701251145352,0.4411429104533238,0.40545089681067337,0.49321932932182827,0.7132440107784719,0.6403622469496323,53.76600705467164,Developing
0.6734673772970754,0.5410028083332944,0.10406550161986859,0.39435126728361597,0.29274701394447783,0.48203532383194136,0.5085690915290921,0.5293195065455745,49.9385795311445,Developing
0.46771327940095836,0.30793331992077255,0.3317915823256229,0.36280215735591703,0.29487592139843,0.4971973023558521,0.839590977119934,0.30707594539715155,40.20944781851722,Developing
0.4237432666533108,0.68893188346718,0.1657467574580094,0.47740587606596885,0.6224645385446451,0.3814282850991801,0.5536998649582967,0.5352736912540671,46.3923709921675,Developing
0.5595850337895135,0.5149798425745379,0.24797484858910238,0.6660398548702705,0.3448661244931008,0.584663737132198,0.7193176765847088,0.36495459253852985,45.683155003046025,Developing
0.7717359931371569,0.5124763357392466,0.14498662988599556,0.24986916310023952,0.47426527168983024,0.4556254158544065,0.376539441162423,0.6640858463863077,50.05438003726118,Developing
0.5211467950933337,0.415554444059811,0.26290635147238345,0.3381009499549827,0.23719473110669204,0.4312483371269811,0.6988216246521984,0.3720626219297421,45.79344931243566,Developing
0.7811135753571243,0.5547107723991107,0.22891543948104606,0.4130068761325621,0.4575180557838998,0.54774737721046,0.6319520135185275,0.5646606613291035,53.63106171910541,Developing
0.7734097298026367,0.4961195676524963,0.22834921718309148,0.413354558933699,0.1655186727835888,0.5860239528777145,0.4540806677150661,0.49259708761879384,52.85443562335546,Developing
0.48292342578817216,0.3688526696987999,0.20059405245002435,0.3132873578889754,0.3524293098137245,0.2941866894257135,0.5160187885713283,0.3293190095629762,41.19480466563381,Developing
0.674534213093395,0.7487592728265564,0.37821280181701067,0.22963487164148377,0.33696158844403035,0.3805734281437506,0.49380637017592327,0.5597335445960283,52.66931230787662,Developing
0.851166124545709,0.5322436285021447,0.46347273126393257,0.4440138694412391,0.8052051979829357,0.49431270363511015,0.5709351743003379,0.5629312796220217,64.73052672878383,Competitive
0.5172786817744475,0.7537807176372543,0.4689998235834469,0.40732558156579635,0.09469947486294221,0.47333334214620537,0.6276897714950805,0.5036111152518048,54.01409527009554,Developing
0.7043236938369551,0.6236268777418982,0.5076335909157179,0.35430320278774213,0.09897412281697765,0.44731783547222564,0.8655569716095829,0.5815270225942987,53.035117417839515,Developing
0.3805594554765323,0.7954859036363315,0.6538310712103457,0.49169837483120415,0.37149601865435045,0.3007052961591754,0.6419038226818597,0.18531310431653802,48.5009148095129,Developing
0.6496627961672372,0.17988990878543193,0.30728930327745063,0.8195469319285449,0.14256986067519367,0.2665118134213318,0.582471011055039,0.537536889845753,51.32530511216633,Developing
0.5124056301512129,0.6538639672511951,0.673084244465927,0.568766779647905,0.16871267868601703,0.3003599157286949,0.861409420665886,0.4528722323793306,53.343832320052414,Developing
0.7086671850565162,0.2568784392291988,0.5259885295194054,0.4188043236755933,0.10438197511001279,0.5241098547789299,0.5588735220591007,0.6148810981004795,55.31655427429977,Developing
0.8211507300441989,0.5759919179372218,0.23635073956157687,0.5697981431796012,0.25848373153958576,0.5248125357630904,0.4830965198485875,0.6518761399612686,56.975246393755505,Developing
0.6087229448539858,0.7848602208599512,0.35916502422998187,0.27165347184319855,0.31981787466794065,0.3635234968177148,0.46714496910851855,0.5535951575987755,51.173425470565554,Developing
0.5801399211778983,0.6506160943678195,0.1707188827041559,0.2062964229612046,0.3620705552667627,0.47821073724911367,0.6096779867187508,0.41103999159111515,53.01059873703225,Developing
0.4326070230202668,0.2445447622465671,0.18198469010375107,0.3785923985323344,0.41086068864121006,0.28236972638800084,0.6718602837641238,0.2994578779531477,37.78286564199035,Not Ready
0.8466335835856978,0.6575978472290125,0.34427876691161186,0.6015559613650288,0.6952979858463506,0.6176059275852507,0.4031664597367106,0.6202060015928531,67.9223804433137,Competitive
0.9111582417337234,0.44164164936159256,0.350054820898218,0.4275097012558298,0.2889652115231441,0.6289826427817937,0.415775084827971,0.6334039144022655,62.850165851065995,Competitive
0.6484560014975069,0.5500313680930208,0.42383328962766886,0.7354204905847304,0.47024213935813775,0.5328061048043853,0.5620627866547845,0.5146570204018021,57.2865169473746,Developing
0.9025650277472518,0.38640147929968116,0.05803873114938153,0.46257427802884715,0.15744599802570125,0.5000138119692226,0.45090590693073196,0.8210742354035191,56.24310883090093,Developing
0.7511292586565613,0.6969782130157206,0.2040142745982617,0.6737869910584269,0.4311677459643715,0.638179257400489,0.4198277328596556,0.4790628105282024,58.26607066375303,Developing
0.2632960309295761,0.8019207802079071,0.4348637551143798,0.33723451534254884,0.4716351388079094,0.2458721373311383,1.0,0.44975199513663944,37.90075436552624,Not Ready
0.43712046646326413,0.6494767863395036,0.2838471070905043,0.4875208499499025,0.518754186098457,0.3543795481101681,0.7329288250273668,0.2103074556544947,46.31449904017386,Developing
0.5508845926202928,0.7997992901215478,0.09374331687540345,0.31283459228261273,0.4466345759321283,0.4487753114423846,0.47669619355201287,0.48169707627824665,55.4247883301521,Developing
0.6974638615668827,0.7543157138192401,0.6807400888970419,0.8742930560353317,0.33211404895233004,0.3903053792672188,0.5881269739164057,0.7063137548380802,61.60560366868366,Competitive
0.28625504362901416,0.3188641173982597,0.6000883092388472,0.4088236147306625,0.259136636136898,0.2285199784168798,0.93273372445911,0.475628027005065,34.27680889115399,Not Ready
0.7058296213782304,0.5642513786870444,0.3257394186143343,0.08877264968053811,0.5915889443724859,0.5347511999018675,0.6478271955632303,0.6382462259609123,50.715913479013146,Developing
0.8239454266404199,0.6141444971704109,0.27376241647328425,0.3772263777432919,0.17291332109356036,0.512160286968692,0.38538898967197766,0.7537897800763632,61.26871610555904,Competitive
0.6019644689795133,0.8614678821742929,0.5610620146759098,0.07803697973394925,0.1650687475046464,0.4915312108696775,0.5653446871975887,0.4586051219861196,53.434748369029116,Developing
0.6549470741418492,0.739222823699699,0.4858746344994444,0.4300135505778628,0.15067552930984585,0.46167429302893853,0.4674440304920876,0.6025556516792322,54.977447351217585,Developing
0.6902079288128525,0.4244920416228883,0.47937595400342414,0.41539604655093076,0.19843699214612737,0.6138663299402533,0.3950312022114003,0.5563236050774502,54.43811653656531,Developing
0.6572089320548438,0.4629519599311037,0.49163130397435173,0.20305409303235913,0.2794360039893798,0.5296641609845975,0.566166092977933,0.5040868553803841,51.086411559376245,Developing
0.5099087849156523,0.5747205573671087,0.4279735007785178,0.42384904964007225,0.5623951392599575,0.42509960601426877,0.6522683685518906,0.3930499302568185,50.93310573683737,Developing
0.7365809007862575,0.6826528810026118,0.3308897409656585,0.11370545133384281,0.3893189338888532,0.4654112251694946,0.7179443956683239,0.588835417115431,55.76554856118359,Developing
0.5645406603598985,0.5307074240016975,0.3060864748734919,0.6507091107469115,0.18516281215022748,0.5469286326254639,0.6695691619376509,0.48351187238555304,43.40014327520824,Developing
0.6792890417208745,0.634257318760747,0.2338423965863184,0.14018628063273927,0.359843683484381,0.4899149035153592,0.6735952482358236,0.38643781982958036,51.885972345598695,Developing
0.6025499503431281,0.5024818074670955,0.3681187235945074,0.4588096072945343,0.35154947490491995,0.40633255371450727,0.8230007215999573,0.5964853638909732,48.81124722377417,Developing
0.5104844934850968,0.3537143008373182,0.3525536595901672,0.2739579149219905,0.2497729017580455,0.44680722825142816,0.6587443134451073,0.4091267204519614,39.23226803728327,Not Ready
0.6665388273638947,0.4019849355659474,0.09809600398588242,0.8649289544053437,0.32712120950819806,0.4158875301899863,0.7104123486830307,0.4163808964017137,50.18679108495868,Developing
0.8179094620262973,0.4657943604771282,0.2566710847345894,0.4778579536754504,0.2922266042965529,0.7255933629770434,0.4636509411619809,0.7026338334836458,53.321229522911985,Developing
0.3711107230651898,0.4964413813493005,0.529226078906075,0.5517859697852746,0.5198865752491574,0.49707352039215047,0.8639605851460417,0.3966281792737391,48.456056263924964,Developing
0.6367572122026683,0.19726738828912171,0.4211214270926163,0.43795082197607305,0.5054760490359004,0.30283460137576546,0.4967811524946523,0.39768684479614613,47.44549896792061,Developing
0.3791645137765587,0.554826281291621,0.17746732273687685,0.40942564828275485,0.37156366744110075,0.4481034349093922,0.7494630055001946,0.37569318394963436,43.60220208897975,Developing
0.3627974009226906,0.6735564279413089,0.29032685594474433,0.7211919312885453,0.057292887981179194,0.2743348695389406,0.7004708583308445,0.23187351017643276,41.69528594214682,Developing
0.4339594727625698,0.37516181614390487,0.5569079716498052,0.6511239621337037,0.448273305156169,0.2111594822761428,0.7601748836497717,0.3504400087558469,42.886288920006855,Developing
0.8466295875167057,0.3079765533112853,0.19566193938565515,0.5394929250141707,0.3056462784660463,0.47098775374513063,0.4437099017287013,0.6880654431275985,51.081133090568706,Developing
0.6437842523047811,0.7589219751682752,0.5730455880282107,0.3195465962280155,0.1456997368249503,0.21715425769470148,0.620210832760085,0.49380907889551895,55.84611639830069,Developing
0.5461262721946574,0.5095488411834115,0.3457358227917039,0.4604716435330024,0.4026785936080014,0.2774523850080293,0.6641976309861229,0.39195934861397697,45.21532052152685,Developing
0.5495727726414464,0.5572463609232713,0.20689843107560416,0.3197365641246624,0.2605641830012586,0.41407014227948075,0.6179529618045113,0.4752971589549322,37.30804874854188,Not Ready
0.74452896470852,0.4520809349703686,0.2621966329858014,0.35243452552694915,0.3224953990408691,0.4415370368180358,0.6713659481265879,0.4635490325195458,50.81730179339238,Developing
0.6715412075418207,0.3045777074892375,0.5316728471096661,0.4418610014044521,0.33939467508296095,0.3725090757899271,0.5243817868674778,0.5023928519309703,54.330260764494376,Developing
0.5106440028570542,0.6291135598670484,0.773352612832378,0.41833163685104446,0.16418082876695408,0.27808389221713964,0.7884308574871344,0.21858989365832604,55.63005604678085,Developing
0.4191227448765246,0.3184731635119669,0.2931938254413748,0.36666708713143314,0.5473269467612198,0.26917055714416094,0.9106466388691559,0.2667285474155544,36.22387037965463,Not Ready
0.45079990057747804,0.7166129732156081,0.6101417659317245,0.6120940406906188,0.36854691403980594,0.267739806607169,0.5642480993610812,0.25305801932387434,48.2705659349428,Developing
0.858606795897285,0.1349910046559123,0.6113082263708896,0.5208502567638528,0.4465849963383107,0.5339523684716215,0.5538567849634675,0.6234394557201931,59.06379338792834,Developing
0.6722790135918073,0.8337209783532539,0.43315218319014664,0.40799110141743256,0.15484857615988162,0.5775152059057715,0.3357847289082983,0.5366302827645574,55.82688975595139,Developing
0.5700708611252895,0.18785023541704648,0.33341999601380135,0.30409990421127986,0.1409434541524812,0.5210924855516893,0.5895947069602018,0.5066339591600229,45.92686926473349,Developing
0.7149451305424904,0.5045011516378813,0.21159696932458688,0.6262264578082646,0.26307082899544976,0.2249490825411753,0.42876029264992266,0.7549804840728245,51.52411372561875,Developing
0.7478857105493919,0.3053947827765902,0.3333601839325491,0.6763641351966859,0.34551412900815387,0.5199102881274623,0.6161146275044516,0.6245008556680768,56.634159853955985,Developing
0.5433912058249172,0.7149844573717444,0.2537903802023347,0.6231349705211517,0.483747806557842,0.3810054337754799,0.8075451160419187,0.2762369834665049,48.678401436133974,Developing
0.5457472579631089,0.7032883360895421,0.4367517784143603,0.4982422860799322,0.2156451688591474,0.19354836515457602,0.7911417548885943,0.37033061295531877,49.11271718068075,Developing
0.603471263345272,0.24196910370971747,0.32596965070083284,0.5139294440585913,0.35984504392476974,0.3856066688770146,0.52550253825409,0.38633499957291284,40.228515532566114,Developing
0.39517142971474295,0.5304281659050549,0.4749164731947486,0.7586884542725935,0.19214603020679177,0.24633670903170443,0.7985129568646313,0.1844299292948532,45.919704138444764,Developing
0.6546184407812102,0.4998899531472294,0.49604496185123065,0.2777882098115317,0.17478908676296045,0.516287228046033,0.6305400331111721,0.6449299346373668,53.506361893507396,Developing
0.4369648342474536,0.18392677136738875,0.4044069515561373,0.5592493485544453,0.22853604556408755,0.2455656039725998,0.8868611975397063,0.37768117337528845,40.64616182504958,Developing
0.4058127319709912,0.4492903023513469,0.29977711540346413,0.23651570193345167,0.4919324980630243,0.16839155232997438,0.8220916331122055,0.3732665113339684,42.23982886646531,Developing
0.4506634952194475,0.7412382053035051,0.4609008661861946,0.5100485178357661,0.17601078285760738,0.46572080218208556,0.7501371568992693,0.2115753297311181,47.891022575099825,Developing
0.6462337155253877,0.5822994527614005,0.5138804287746837,0.41161148548508947,0.3600313067181188,0.4201971962491697,0.6150185090341531,0.5426548061360144,57.427961605937334,Developing
0.528084513743951,0.6506279293421003,0.8643737625406135,0.2806151662523471,0.36088770154029004,0.3271242206693048,0.6496641570623367,0.49353350579446925,54.59572561960434,Developing
0.5511015225987201,0.4500703125757366,0.6593306795110071,0.3075672695558589,0.463174272337055,0.22757046063496325,0.7210644461116237,0.4536630200091904,52.48019191149235,Developing
0.5789161081476205,0.5858708025516408,0.4769978762584014,0.48668237181102025,0.5187408869809047,0.3671681817302873,0.7264432209838453,0.424540774486046,51.620642785609355,Developing
0.44680794054003803,0.4134352712121034,0.641814464256864,0.6694857298057526,0.41749486103703126,0.34902712160766747,0.5750414703258996,0.4903387636746016,46.28197359658499,Developing
0.932784359253891,0.6114023418903344,0.8124614205042557,0.43404207389330685,0.39422140481643686,0.6378500248232117,0.5396530073230467,0.8600662759064861,69.91532868199378,Competitive
0.5587621192852817,0.5938052246951122,0.6592563029163447,0.17586133357218856,0.39114867350020865,0.28463668543377596,0.7585324179767533,0.43308219756984606,52.79697432652366,Developing
0.7249049253801675,0.613809084616981,0.2905794115523738,0.47894643544984355,0.4844760075488716,0.47242171084221746,0.49396040647847245,0.6086246335716524,54.91486074969851,Developing
0.5950587021728612,0.442938739505287,0.37260056482453074,0.3492398597123096,0.1536243254698627,0.38544643998523703,0.8513959241386004,0.46374136146312417,42.92410094239363,Developing
0.7818862460423661,0.6074309878157328,0.3629845249340331,0.31205554211277214,0.31783557550307023,0.5369520036521591,0.6016409090478773,0.4663715039886135,57.92919783563557,Developing
0.8329270339083127,0.45431698565707385,0.19094557669354426,0.16056914749430093,0.17795353796433566,0.7304106408156693,0.4175762603706923,0.5589873614688045,51.91433249346448,Developing
0.724564735875086,0.5348370847871826,0.15601592789118804,0.19095821198987797,0.3090048115778072,0.5851428449553222,0.35204818163903817,0.46295179849132206,43.66644777788419,Developing
0.280582174533186,0.727659330911427,0.4291006364008468,0.7578190034506767,0.1915732144710347,0.31199682601618617,0.9707501622345394,0.3035412133389563,39.38081026518594,Not Ready
0.8450064541264389,0.7187039207576459,0.4286765331596203,0.3126267386132806,0.40729801132770876,0.3736652433943359,0.5154575297843934,0.5595680033205809,62.8965948628886,Competitive
0.5714816170651613,0.6752307666129138,0.13734409563124264,0.6560336745841359,0.32293610435059744,0.37249515290008994,0.6889132131215197,0.4101965750299404,50.02799138549838,Developing
0.4392929906942217,0.27864773713811286,0.2054625226213146,0.6687745880442985,0.2930953713274928,0.3424903054281144,0.7955196329321116,0.37888999523934014,39.2012515408346,Not Ready
0.7736704221099586,0.5880675118065872,0.17437232402865635,0.5597663222359616,0.10360421374375109,0.49054978478025507,0.5199440178817856,0.5541776860085269,55.443905851935725,Developing
0.6148494519273038,0.5983035897212899,0.5763701174424103,0.46837094329239937,0.3436887833882836,0.3594972998611964,0.6979252385486676,0.5753112184385348,60.15806447581505,Competitive
0.6951207718656497,0.3644958760429303,0.44217326466445495,0.2699316646540031,0.1852166737756792,0.5273211813356307,0.6283759909397629,0.5433387799531106,56.13386557449901,Developing
0.513401919329717,0.5244768089713467,0.4234484543533548,0.5815833082897799,0.2978651877204577,0.32892336522879145,0.6111868848982391,0.30192476129184054,45.83069011221023,Developing
0.7459188444579838,0.1722708626683716,0.49914377202098587,0.35607495689809426,0.3325580776667791,0.5073254200751334,0.6446575022515969,0.7452634620041096,57.308458670069925,Developing
0.4565509574751504,0.7517696983571005,0.3895833790685436,0.2021382061047371,0.5752054810912101,0.38023840545705934,0.6929725459924744,0.4414924873112641,48.23957502208905,Developing
0.6404670814525246,0.47488830425053835,0.1930414240039662,0.5216483396168884,0.32474646587377937,0.7184447507083516,0.5414178647901817,0.5761613066473953,50.315681838860584,Developing
0.4354422201845077,0.6171201804063897,0.5678578578070753,0.5999905065302431,0.7104354625794925,0.2895512361534234,0.8507871055319358,0.36298365710723834,47.722182104780686,Developing
0.7892274743815857,0.4940720378962804,0.33238207075820453,0.4741328347064747,0.217668572405978,0.6232738414964648,0.3896966195855329,0.6497332294283291,57.47556856518926,Developing
0.8914251707009653,0.5086538088959025,0.7109323360457331,0.43852916561034966,0.21067456322444023,0.7183113097085637,0.3697215976010009,0.7229602273850526,69.20574296022492,Competitive
0.6999728980780544,0.38131605738118624,0.44760343439589717,0.6723174791695385,0.2903016630366781,0.6097844928472217,0.7219639998657255,0.4859310934528501,52.472247092139625,Developing
0.4298188530561392,0.5370348091541832,0.18613841487903854,0.2679357231921489,0.5253841803674036,0.2502392731726235,0.5511975526070277,0.28395041369649665,38.59921437920123,Not Ready
0.7390206671108105,0.24147591272784705,0.6633274375465483,0.32811798119495816,0.3989650660883817,0.5705236431131767,0.35644524003367206,0.590707379032317,51.31863321905334,Developing
0.6131135363003621,0.5738777695865921,0.37503560328607716,0.3687243255828134,0.4256016963589363,0.4638037651567691,0.6708194747432702,0.49514235477416374,51.89344496328135,Developing
0.4770115931251002,0.5693081279113078,0.3589667200921091,0.2663866606092277,0.39751233450072443,0.29529554988110407,0.7408002746540483,0.46827376883437277,46.0958719177731,Developing
0.5458552606073835,0.8569020687025154,0.448102417633238,0.49586942916950505,0.5970425466217174,0.35844772025091065,0.7125247946224771,0.36938594782459633,56.75858081324061,Developing
0.3370417624273552,0.3545779465654614,0.2469854795780823,0.5242297313790613,0.42768509591399406,0.24677760536274337,0.7934686493390797,0.494314432854669,35.802349882574305,Not Ready
0.8357653409933061,0.4731931393909113,0.09729077282951826,0.33835821426165325,0.39557658142677454,0.4894521828016136,0.6122965774783865,0.7377138530904125,55.765120449195244,Developing
0.5481736699214943,0.7528680725026246,0.4377260405025508,0.2681023411765863,0.4181494827101063,0.39876382450067427,0.7021658427694578,0.45432143608355885,45.564576262527005,Developing
0.732439139366923,0.44071602464931253,0.32865530130483883,0.2608840245680202,0.335158231624758,0.5266855785638672,0.5431993896301166,0.5434897136966599,54.93983459577549,Developing
0.8764526660555975,0.4917165048393408,0.20371192871646415,0.3500481131995566,0.36069540217322027,0.520727490708432,0.653283435249782,0.6224750430664772,61.150534519445294,Competitive
0.8276422176624258,0.6194443353270823,0.3743103819217588,0.6805295570963303,0.446186833444519,0.5458386418126991,0.39858642309117387,0.7036877496544987,62.01835525054892,Competitive
0.5136560240646604,0.3575438896872422,0.6519824656029755,0.494571841080307,0.13580509637738677,0.4399644174940418,0.8658355288514729,0.3934302341332354,53.03974658899762,Developing
0.6048066936705022,0.7075013429700859,0.4231857502645928,0.13078547122803755,0.5255411518735348,0.30959633905755674,0.6441372425570843,0.49379042732965567,50.6420706231366,Developing
0.5049569126685128,0.7470326295644907,0.4280526825871856,0.39740045871724783,0.3013605531698594,0.46646276423138155,0.7114788742308192,0.4278522413819909,54.33965815523941,Developing
0.786178182795472,0.6946723900794581,0.3417637240539506,0.3355568655184403,0.5712067828811515,0.6554407860636235,0.4179315643026773,0.5523405837416726,53.88141424092109,Developing
0.8047151917276598,0.372730984561659,0.526344303613545,0.41356687196793857,0.19761042244855107,0.5873048345646055,0.4738237902635075,0.6352795209735301,55.42873664301402,Developing
0.43014405459844557,0.5919061397221855,0.585947694518933,0.6970258133509407,0.25543464824229906,0.3708638699784411,0.7923425530665593,0.4093164001940323,45.76140627211934,Developing
0.846792379199829,0.42461686511610364,0.3350613880941427,0.12353363668958195,0.5746679657369781,0.6167702575852011,0.5018190017375305,0.7270155526803594,54.03332488726952,Developing
0.4619143491650125,0.4861839035638455,0.34501164191671985,0.47758872596551427,0.147647144366137,0.2260350085369805,0.5577307567489085,0.30115114642445956,43.62815159504484,Developing
0.685171720189555,0.4664808159590469,0.2625986823895773,0.7143485267842937,0.55882082383118,0.4126950847283914,0.5180459234372289,0.5859882192778799,53.57415373903935,Developing
0.33844850101299023,0.33516840160086253,0.24409694646398222,0.3508134659468738,0.388046105502943,0.21791541270808107,0.643077765943403,0.27793005311541075,31.462118447867546,Not Ready
0.6779783160719076,0.3766248118026086,0.23510308771070262,0.28570600188372697,0.4080556444953253,0.5574421120119124,0.5233423689052732,0.5814714151017744,45.971201032405624,Developing
0.43153728564577387,0.3022715042103894,0.4410404068454662,0.6415703233924189,0.09473561994271944,0.20368869029605813,0.6267499771196076,0.29271909085898,41.329751658336946,Developing
0.4862295149090137,0.338308523828638,0.23558531719585415,0.7170231179103945,0.16355594600866027,0.4690044215036832,0.5276976598238512,0.4272117021192146,41.13439294586682,Developing
0.6911056677934626,0.30937798403225886,0.3903146761540549,0.6288645837674323,0.433926508686241,0.34932513334619386,0.426496926638233,0.5307278571107247,49.82681393752314,Developing
0.3325016071316558,0.7785231005140834,0.20979029050137213,0.5051881864560404,0.13737517783519865,0.2509424455168289,0.8068289385347088,0.24407474222267228,37.33187881488385,Not Ready
0.7123863387512617,0.5478731389186267,0.489693920371988,0.39249247795379405,0.221258597287807,0.5809645796679803,0.6080113238151019,0.7150592120246361,63.054408095424094,Competitive
0.23663464051231325,0.4283357921956673,0.3324192071424989,0.1935360602333956,0.30734926552431835,0.15227381005967416,1.0,0.19941138382651333,30.623785500994845,Not Ready
0.4981299965490234,0.6798808578805836,0.2866281713339675,0.3759576721295148,0.6133582656385667,0.3873589154975788,0.6959120829100061,0.373514335504516,48.09594021204851,Developing
0.6940867919964757,0.2976256415771485,0.30532692928268473,0.5538002082979735,0.27053268915247203,0.26059521090725335,0.7177561991619755,0.6968572409856737,51.091131271456824,Developing
0.7745380926855919,0.3151324821365398,0.2684259219193493,0.500510098438758,0.21547975293323623,0.5719845161318712,0.6762588836399804,0.6015057862615405,49.37386099899623,Developing
0.5131530295511356,0.67044266542159,0.44336163649377813,0.5866339090620952,0.31118456209865025,0.26432425933998593,0.6482131334415071,0.49776676813229404,47.69675259873838,Developing
0.41501477972749296,0.4344613242342154,0.38124491829354845,0.48483916862195164,0.4595904185646179,0.10394266772013164,0.7637194317829592,0.41655904147205014,40.80196549761087,Developing
0.6139769449856008,0.4720889272937524,0.3584128621946596,0.3948078066774459,0.20957195522647148,0.35616427674223505,0.8021978445718457,0.4671030045120569,53.24479797917031,Developing
0.7411469957216704,0.40262843619543454,0.6746555540504862,0.6236177537553957,0.510860902107358,0.7117742043415541,0.47509063936026813,0.468496431342527,64.68273411051644,Competitive
0.6358672235015171,0.6754991073265043,0.23073124470226974,0.4122132316566237,0.06903578052565838,0.5221965424626606,0.5352680874087343,0.6571644129726066,49.62880730724917,Developing
0.6089184750518007,0.4939720688027047,0.19307501496222085,0.2173583655570082,0.13158459738553868,0.5326995970882253,0.6814973788617948,0.47152667943734655,43.23469432299623,Developing
0.8483890015349241,0.667873737745333,0.3221769406936561,0.511957880759868,0.0954969422457296,0.6966245088423855,0.39315235579227487,0.7814391222353388,67.66166937441527,Competitive
0.5564853126797182,0.7054857592546605,0.22291091485251494,0.445528587038827,0.08121706301800986,0.3307930920653069,0.6266176183428736,0.4186600285845153,43.61106730590437,Developing
0.6201935369965516,0.21632675496268194,0.4228274505276786,0.5554788737641307,0.34308539754358064,0.4967992320727841,0.5596601836789535,0.4955249325921552,44.71753924394017,Developing
0.5833244773748991,0.3381207525648339,0.2676808460393949,0.3182932065128509,0.3292478522008447,0.5452623932355442,0.626373757079741,0.378475262459446,44.908472129938446,Developing
0.7336496096407313,0.6348554067900206,0.6212613078036108,0.695165122229948,0.41838042996677066,0.5162544675621917,0.4477934687023378,0.45150348262257245,63.1835866207164,Competitive
0.5867764087871495,0.24195541564528691,0.43658980245216467,0.49829877613308005,0.0845248830570786,0.2739793174833147,0.6799064032380153,0.6786561397398437,42.59667885833753,Developing
0.8809988769485152,0.5693992790802502,0.27530182910306095,0.3375841012948918,0.43066758736168925,0.5790291686561049,0.4195741381456269,0.8535888706196013,60.90257351182297,Competitive
0.8330262633362517,0.614778917249093,0.5184817496250228,0.3676087618001583,0.3209670861334874,0.5794093773957156,0.599302677486556,0.6922536862380013,64.3976908702104,Competitive
0.6164620466245394,0.3027670139998751,0.08268346684964333,0.41452208087726683,0.5499131092855245,0.542958074218649,0.5892585541955342,0.6522694291620432,46.836699043664474,Developing
0.3334792354801882,0.5297527579263682,0.2891204771049439,0.34607166075814044,0.18705633438153316,0.045244233774770465,1.0,0.12698369008422436,33.4453083161341,Not Ready
0.8119065044215458,0.7000943113287585,0.48392218036707285,0.5741154239167209,0.2956715633525712,0.5727814645929908,0.4684674955805328,0.8581363965970349,63.99614919095159,Competitive
0.7382508714489225,0.39036238153875324,0.2716273411429463,0.4300085586372404,0.42581794496617603,0.49022032854672315,0.3941499141285461,0.4676283487020193,50.45227023833269,Developing
0.36385421141896823,0.4315257353063355,0.3791219051011018,0.3142785545301485,0.2027990818484283,0.2935587735843965,0.7291780313712167,0.29677211939367815,33.80997839253222,Not Ready
0.7679670043617369,0.12764326649940777,0.33151772518092426,0.591878169709492,0.342336899026869,0.5405357500467641,0.5508151476645607,0.7929772282788947,51.87737534227083,Developing
0.27952009454133525,0.5007512664295053,0.6383465953121713,0.31522036992689895,0.4601678755555466,0.23471808018573365,0.8426415942159717,0.19129180374574822,40.21214400791061,Developing
0.3863731078954192,0.21073946196322843,0.37739073847096244,0.29728412044815855,0.25682730544337606,0.2647142421178312,0.6078593211092173,0.23381754684251854,34.38957266544757,Not Ready
0.5502995637202859,0.11292388506519295,0.14219710124562376,0.09880746472587588,0.3769149114607145,0.3164644230366631,0.6141284781239618,0.47078711306400967,33.138819756593804,Not Ready
0.9636174723243955,0.5439920544298145,0.34416080981136576,0.7851947240816292,0.2975555110296143,0.6296586507150504,0.45048663103050646,0.9044558270231856,70.30641373907117,Competitive
0.5343863486056264,0.5941259881020372,0.16484137827397738,0.40652074910882113,0.21627611585895623,0.38163878231724596,0.6162937949237379,0.47144557980820856,45.21857103761058,Developing
0.8140955981841034,0.31687889569291294,0.3844526179305663,0.40927758435692785,0.509339305457461,0.45389664843554406,0.5120455428171803,0.6805365221810564,62.286749503934786,Competitive
0.8764073555558838,0.5387105525909867,0.3777682504575975,0.5019402711879827,0.20533009902984492,0.6848267876661929,0.40068870407984714,0.5037308089812724,65.33476681241761,Competitive
0.47604423018541325,0.7378423481362696,0.3792877479793093,0.17404421486353516,0.6574633275142056,0.37388323349579133,0.7660030983589107,0.29849429416268236,37.676855779740606,Not Ready
0.7250179145212424,0.40302764999574975,0.5796547742768212,0.5080711587976143,0.3648718272513178,0.416986177401792,0.6061219487620204,0.5474239222011544,54.843409522998286,Developing
0.8168902043328936,0.7466135419211644,0.1695473569404319,0.3076857526014923,0.1386427283947155,0.5962912497161584,0.5725136252027079,0.5982825706944002,58.576609057068666,Developing
0.7534242052878917,0.8413650966784249,0.34577930947704677,0.3163257421822715,0.5093421988642217,0.5506857323553931,0.5833356993720994,0.4983450077042004,59.54980477500766,Developing
0.39856112870768534,0.5111956491152648,0.25924341392341166,0.6344929930833006,0.6156158822387136,0.2998803612058198,0.8340150414115541,0.29659660398034976,51.375118971119,Developing
0.36075159059203804,0.6046107190015296,0.34405842450620455,0.5105531475542494,0.6692658122627291,0.04857054032492725,0.623133081200897,0.27468033979268186,42.773632360891796,Developing
0.21971618532241774,0.5863752770812809,0.36351600630129377,0.6185458598526359,0.23288510180055197,0.30133104359116275,0.7587663803691101,0.07742849253340242,30.200320951927523,Not Ready
0.6485408573623248,0.4460888141360676,0.30067416991743584,0.16727043410743792,0.22803614168376812,0.6267964314475167,0.7734449176518402,0.622141464579973,47.10459406469614,Developing
0.780355841978356,0.3671294074960069,0.260021280956877,0.6051136789680801,0.32223817519287634,0.44727315005176066,0.7332533738773105,0.5862422861114401,54.371510637014914,Developing
0.4191191509903602,0.7131982875596137,0.40543664754016606,0.8158182877929004,0.10526775901712061,0.23252390979344828,0.7433172354970194,0.36848409244170166,51.73444328083961,Developing
0.6800272132099396,0.567489929818159,0.3625067504964748,0.6590332595469139,0.44712518363410353,0.5948058357402427,0.6780319091548734,0.5185271037188858,60.838369263298624,Competitive
0.912635478077396,0.33115726574796167,0.5496534028036757,0.49613222378778715,0.2756056507697183,0.7933466336158562,0.5650378326796462,0.7710893403148047,65.17475659380744,Competitive
0.5868528217883933,0.5765068043182295,0.28166411509214995,0.41362664384445297,0.482371560545613,0.34477350451503136,0.4183174442266041,0.2941779182504868,47.02871350296063,Developing
0.5221195602383334,0.46438626045937464,0.5972354379188014,0.3990867471999225,0.04729952583614066,0.41760666753392156,0.7326098185857978,0.36348184063233263,48.45908561272178,Developing
0.6724738861283879,0.38721348069643713,0.5294455498725738,0.29265233248395967,0.3855798748465542,0.4947374431556009,0.7124118557340665,0.38636838935895723,51.849186147080054,Developing
0.7120623945845199,0.6191845641411249,0.25193226174099825,0.26138735868354807,0.44312343402422455,0.4292346632098817,0.7042504576343998,0.5054518957235009,54.997622823622144,Developing
0.4259512090506314,0.3144937874319665,0.33761000646094236,0.46453656795522863,0.1744964403044015,0.42721115032013124,0.5555568459435755,0.2083268568977974,38.2634398833213,Not Ready
0.42259215307421744,0.6031021137367341,0.24612583687948048,0.31396034342180196,0.387044494826589,0.22300072486181466,0.7860119238748339,0.3790954083690077,42.04879454092588,Developing
0.8003843022900736,0.5704564435277907,0.5931729125857128,0.2712221669499722,0.5573255232692716,0.5527945835876054,0.4714515167397274,0.7171889892995759,62.61693311530498,Competitive
0.4157582168146915,0.43830862306147517,0.21561321753222676,0.6702454405868257,0.45551897478310366,0.1415429809011579,0.7092410592989153,0.422455760607245,38.60141017566231,Not Ready
0.6495100595056249,0.45539464625306986,0.23891115254932915,0.6632556747731998,0.310510540022926,0.40283127209854414,0.6377321102291111,0.4777162140792253,45.671225864430305,Developing
0.8506001421789687,0.6548931181581447,0.4753788508230386,0.5597307356879772,0.23233471926421778,0.6455990053276931,0.2780099508380933,0.6901412878803226,68.75462378664704,Competitive
0.4678460853941194,0.506248551766575,0.5325077767723635,0.39563932269451496,0.3049049652174386,0.4970635653951033,0.763623678165194,0.3531525192902382,52.50933970087115,Developing
0.5775074820383189,0.4748805165458386,0.27676435918664144,0.41741520754539596,0.3942527112031156,0.4214107948294993,0.7982109670500221,0.31889745025371885,47.43425779060512,Developing
0.518187900231583,0.743150674936832,0.2416750764966145,0.5628410605449735,0.23653020371390315,0.42530818502770545,0.833335695981807,0.5587759853872839,50.47218259493572,Developing
0.5275942460877282,0.6305289280163884,0.3981757276596118,0.24220315250975352,0.29000745842391223,0.4324525777462169,0.6692826471717348,0.24385512417653554,42.362940865898416,Developing
0.6372340584566066,0.3869821717488897,0.6068588423647041,0.5414919758915258,0.3918847371715306,0.5021731419676684,0.48875186183062563,0.3809249805034218,53.088565866907565,Developing
0.475946081807609,0.5201738332113112,0.6504979370184384,0.5761543783308335,0.3569140259469462,0.28635756894762693,0.698063125267751,0.25387946445366766,51.961259975289884,Developing
0.7347272463491541,0.5773441759122387,0.6531252842487874,0.46313232073541233,0.5392558181466335,0.4580731157428057,0.6960977647602197,0.6560725168289714,64.94685691929817,Competitive
0.7158533151007074,0.36315154430917274,0.33102383897233184,0.30192489758854735,0.5713987876216435,0.17362209043011428,0.593648603097521,0.41823721947839554,43.93055683285746,Developing
0.5583377814952069,0.41335851903569715,0.398236859090086,0.4756354522640951,0.512439514080041,0.4076268886821322,0.7827626351851614,0.42719980885753467,54.39761318881548,Developing
0.44336335389682147,0.3551747345788,0.4482286137281992,0.4898189285710743,0.2328979546203472,0.30329975007072923,0.7961647583035065,0.446661860324142,40.09976923496012,Developing
0.786709779647145,0.446653550823164,0.5460291241589688,0.17299815826893328,0.3101225697238265,0.6102887951684477,0.6167798404555185,0.592505687167858,56.6447419996317,Developing
0.6810262845082663,0.3965268680643039,0.3913815762190777,0.5352601659567344,0.15574957167525125,0.6017426886898662,0.6928125432340705,0.42511927024482915,57.184616564672055,Developing
0.34548543605446896,0.38173509181611265,0.4743195234037487,0.762429142100696,0.4828017922111659,0.21088185389410488,0.8665917342175035,0.2166186911532768,44.42579936552188,Developing
0.3978654666868713,0.24819265524373943,0.3337039844899778,0.4359397191692504,0.24379194530078127,0.3715634173561745,0.8305747020070628,0.17416454044034294,36.045057961034175,Not Ready
0.6347963979500925,0.7064688389447424,0.3962140212205659,0.17250520070147798,0.38707290522399906,0.3801908499413806,0.6665985072554548,0.4012570735617377,48.739374003779126,Developing
0.48284777663895584,0.5031147614538375,0.3681108672282991,0.41970183480657647,0.22183226471934736,0.28346759003898814,0.7691041392231079,0.480756858199894,49.361902478734,Developing
0.46393501278027793,0.7112874193358293,0.3247543915031528,0.38199963155015976,0.10495801011449074,0.17835343493504488,0.597478352479166,0.37301651890156207,40.961783576342654,Developing
0.5634966783075571,0.6277037792266921,0.5380150223405329,0.48048806045776155,0.5439324830676128,0.3887527521557924,0.7786657806963564,0.5325559659980673,54.51787244858987,Developing
0.44716711512579455,0.26873918748388037,0.3258097701521929,0.31722059065879177,0.3374411644996235,0.39963764584378636,0.897368632111088,0.40356824049478324,38.842109999993156,Not Ready
0.6715353789060926,0.4927873652445029,0.31999873835620696,0.43831575767055886,0.44291864029520334,0.4519981166063795,0.5675243025379471,0.6761833775246133,53.96992966445534,Developing
0.5504816258314708,0.5884930764857316,0.43339049284459186,0.5731235156277266,0.3477149134120151,0.4491958072523132,0.6718623988820162,0.34767291499518854,51.950897412771354,Developing
0.6812762342690665,0.49758871090342327,0.39369284338044114,0.4124847845700178,0.10470829210125125,0.4928092219792708,0.7251775219209322,0.4495037528412251,55.12905557043376,Developing
0.6441652429766962,0.5145840578241044,0.12196373297424792,0.1758520787567368,0.3304620425335435,0.42595099032497796,0.43254309325398826,0.4195496800013464,46.77990468503294,Developing
0.7346717266424868,0.6964029515262066,0.5694188904304154,0.40785615331646635,0.22023709649178252,0.5968882806142295,0.5434411301576663,0.5935225256444673,59.406299069016086,Developing
0.7066952358184898,0.7111690066862917,0.21032168791581485,0.4417439351775455,0.11774210686393988,0.41098875558268283,0.4504403557095723,0.7399785061043354,50.273763375512395,Developing
0.6747971602419475,0.4115137671460969,0.1402398461296051,0.7127687607940858,0.17912073417222585,0.5115607457332337,0.5928106325960922,0.42308175702073464,53.06033442363422,Developing
0.619298929661523,0.39711366761702765,0.46571572204625855,0.33128140353711194,0.3127655172255096,0.43980162721615174,0.4980221109173044,0.5182826819948919,46.40221363003714,Developing
0.6733961644365676,0.6053929594350008,0.38097015263438677,0.40085996067719154,0.3556011709430627,0.5633535275516891,0.413349166617681,0.5464820189797973,54.36948949372391,Developing
0.7204230532288988,0.5500611133737933,0.5829032772465438,0.6869503294629693,0.49459487055869555,0.48702570449706006,0.7052386321659765,0.515557666380442,61.29939244325688,Competitive
0.6865029079017118,0.32640858857991517,0.7119799763206635,0.2878475625400853,0.07074126506879384,0.40965915442688183,0.704948484236829,0.4647315554279185,51.2057165561871,Developing
0.9201629494951361,0.6000487238616148,0.5519423593279921,0.32731546939454753,0.21141229228928402,0.6888253019950096,0.4821146531075217,0.6523425851511826,67.58224700026592,Competitive
0.5561550916201174,0.4824109985328479,0.3734855597544195,0.47119662990175093,0.20537082835419077,0.4791173728518947,0.6634804071390024,0.12361553268421654,46.9012601312239,Developing
0.2872915890066188,0.3812107367121319,0.399292596442329,0.24073887192475346,0.11956582028276207,0.33965293288820914,0.7385777037030873,0.18601814382473725,34.200864788128605,Not Ready
0.51670078017535,0.8065540461804237,0.6677362517338994,0.7896066062674872,0.25927451696683906,0.35805919127669933,0.6706228840948615,0.5267383393572281,60.22083426507188,Competitive
0.6622246221033464,0.7080883630403066,0.4648477266986695,0.33137740301621105,0.43327148655247694,0.5040030011915684,0.5909295786754386,0.47835892117861034,54.940489918449494,Developing
0.6629252981868157,0.7114204100834012,0.17026698606463306,0.47874598217933034,0.21807721224781104,0.640802009403556,0.5919046175753956,0.4183106977881006,60.09875042844027,Competitive
0.5609130108065215,0.5874495871776546,0.5210638692320639,0.41688758813457766,0.31028176898172766,0.43940983422799795,0.555833946128979,0.23171639580775238,46.92173226112278,Developing
0.38130434364748816,0.4238191552998014,0.3347012726751295,0.5531065124342154,0.4217129757162592,0.42357231333792134,0.8084029585902021,0.44795936460922003,42.50494049344037,Developing
0.6715628276282551,0.5009310633000911,0.3166530935049217,0.29413852547392594,0.16267329850727583,0.6167361835898839,0.4762910198040686,0.6225407892530372,57.466695018872194,Developing
0.3963264930991343,0.3450446353817464,0.28795113813737927,0.4197509631609137,0.3253645309587056,0.42953895701414524,0.7345830660410833,0.35386133840484646,39.27363821435049,Not Ready
0.8224026280715898,0.2490289073232882,0.47002437083177256,0.6699779542624619,0.3352354839451998,0.5486167602701255,0.5085790799212839,0.4287080937655263,56.41070898007004,Developing
0.5454451376642474,0.751304009562003,0.13011475336500314,0.5600433456668146,0.1957128007737218,0.3121962845542952,0.7888626706266665,0.541626185507131,51.5177949819304,Developing
0.7048183401114086,0.7749768937210942,0.2693893204703486,0.2991892956194296,0.6261793258813666,0.5418546424152272,0.5414881436851241,0.5644609821789788,61.9895358207348,Competitive
0.5685392092779304,0.477191117091573,0.379894652053697,0.5733529262733315,0.6332580892359392,0.2342047035117913,0.6973563342723232,0.3424163120209784,46.52273680978615,Developing
0.2880720545807401,0.7507010501635141,0.17440640638087485,0.3516978978897197,0.19852812657315835,0.2609419850881267,0.8200169641694418,0.0,37.600035007870936,Not Ready
0.44685588040154756,0.37368761079500523,0.25370547877133964,0.35987051426265054,0.29330011855220145,0.1735823114630198,0.7876285637296507,0.540366868010038,40.37182923541493,Developing
0.5921891017799444,0.302206086407902,0.43705531247252827,0.6122476462963271,0.18467592574639216,0.44369614444077743,0.5474713317684192,0.5575907786482734,47.95687078049191,Developing
0.344597979652769,0.7179081864870189,0.6208937785718683,0.29075199421476816,0.39035675762233696,0.21223725400892512,0.6727726184323066,0.24728569860735783,46.72059169353707,Developing
0.8572152337330758,0.4648650527969964,0.18949629019259237,0.3871367887015922,0.2623369696064758,0.5658486351632683,0.5584384229830731,0.4639626039259766,57.19032693894221,Developing
0.6151987633722888,0.5498623923265682,0.43612316505177484,0.45567618897512974,0.5228090108114133,0.34614860685917015,0.6239329752769744,0.4103240233422936,51.906077949288026,Developing
0.6497818030128136,0.3497413039380582,0.5614445330849472,0.3269728163562202,0.3307126356037977,0.4686484657291095,0.706814486385751,0.41306587217559976,53.58256864089189,Developing
0.7883565041579568,0.6727628092717352,0.3133321334296365,0.44943204163548206,0.304096436165818,0.7319299685896896,0.6064953175097136,0.6310963538432749,56.751626845573185,Developing
0.5909012486622046,0.729120195144604,0.44117280519200114,0.4297289690052924,0.18544486747361685,0.42951400474629814,0.6713693672207792,0.49991047142937295,55.7861227324088,Developing
0.7154268378564167,0.568196999961733,0.3411296025740146,0.35822876220823363,0.17469196574936557,0.656105784063911,0.47882146330693726,0.6054785540091031,54.61476646534647,Developing
0.3353304341056253,0.4748834652985046,0.34419263114570103,0.506730790033943,0.5153085382372792,0.2580352275882587,0.9433214515313364,0.33534335602450616,44.33293399758478,Developing
0.7654029794317728,0.4882725432750827,0.5247214008886814,0.7845006447542452,0.34198197250292944,0.44658252981778707,0.6234970628572307,0.647888704554773,63.89712201394112,Competitive
0.38991950926546665,0.4152377509318476,0.36829676054579,0.6749433334601127,0.4582492518108448,0.2772550941316083,0.7299313777849414,0.4772142573712712,48.335729227246446,Developing
0.5532651199089511,0.6939067204108434,0.43229884789828416,0.39027913732211983,0.11710905216807799,0.2656024824131362,0.7935879404698771,0.4810173737675949,46.122177468942446,Developing
0.6662465779523206,0.5858012008428715,0.10855756301776903,0.24420267578494037,0.464465680556327,0.5858074600644719,0.48289215554810516,0.6129883725721692,50.165238378853296,Developing
0.7725341932041688,0.42357486561828134,0.523405679945556,0.3131435710666041,0.25480082491385964,0.5603880794838332,0.44562165357859906,0.814918099157037,55.883795257290046,Developing
0.6884685049193326,0.4263614745419366,0.2806842454765347,0.21506982800258875,0.10831403786177758,0.4827198263708415,0.5281041706472503,0.6064029085867411,49.5175350235939,Developing
0.7092640431061936,0.3118475652091215,0.24884919060745953,0.6633771245793796,0.08791647698922388,0.5771280123216139,0.5691985028362814,0.5071314642714047,48.46909250871663,Developing
0.588987299336364,0.40108059385446554,0.11999391808980037,0.7630271966588446,0.40978635947959113,0.35570959733174035,0.7515259474014773,0.525598649846096,46.04854877660208,Developing
0.7245515715882392,0.2664105306959222,0.6120025208362097,0.6315235203520152,0.3614109482488995,0.5893639760718221,0.6920809673238432,0.5084034436788851,60.5456351398899,Competitive
0.6853639892334795,0.47174177712221876,0.2747772285056039,0.31609607755322516,0.25176819225432995,0.49246540068203937,0.6952707003799408,0.4702708901646645,48.65506688338825,Developing
0.4467720987714988,0.5590776223583287,0.09493136677944122,0.26802083177270025,0.1541006605597228,0.338323958505142,0.6868149700055227,0.4401852305307694,37.763282184940586,Not Ready
0.7037602036664123,0.7246972717138609,0.15613067867121463,0.6585594615488047,0.24420856973355526,0.5416375605147308,0.666593865376996,0.3705953016918792,54.073321670672726,Developing
0.4467157661342643,0.8020100257869165,0.4926096538331746,0.4534838096202194,0.339264336821513,0.3365118489805632,0.7265968924490359,0.3360639275252687,51.67489937064319,Developing
0.637772680776172,0.23350133669397202,0.3736733959579883,0.7887193686922397,0.11946424709240204,0.4361229320288613,0.8100787648848169,0.5458424307716592,51.41788559079442,Developing
0.8404156856422598,0.6544514971961358,0.24354818671148196,0.4771527382125796,0.2828788591409454,0.5824361472229241,0.49195958969695636,0.7127979609625309,64.86708173563723,Competitive
0.7107965757686194,0.38802663275439403,0.3477191163554108,0.10173540896011099,0.5633440999745166,0.543589768450113,0.5911492879022333,0.5731706580144855,53.94293975792007,Developing
0.658903959376115,0.4629196872453633,0.4732414118429511,0.4202341572494399,0.2876398403294094,0.46258176018466335,0.6490082197198854,0.4539762750334075,46.44004949621919,Developing
0.6316479799252146,0.43672991038684944,0.09240666017520696,0.1967511577771474,0.38841329243065786,0.3488526222501904,0.6030514464951595,0.687455004489688,46.128126724177434,Developing
0.5757852896235154,0.5994664888428493,0.34358534008497027,0.2875873173894358,0.41351472778892,0.40039550145426495,0.473727913756839,0.4387438109990788,51.851767828881314,Developing
0.271413299868315,0.30685056400718586,0.6208421801519531,0.5345874655597871,0.4633724766617745,0.08454470004126338,0.8097081946040323,0.1642916126154325,33.87741549013067,Not Ready
0.6420331886570102,0.6251729770452639,0.32097709294956783,0.41918693241683685,0.6254411600758223,0.6695653348676528,0.6687877292903526,0.6300693340172872,61.547934534879474,Competitive
0.7113194874183355,0.4102122756122819,0.6631815518479535,0.24426899678872166,0.08457906663533239,0.6379343343978873,0.6847912922348554,0.44947136915673336,52.55756189061968,Developing
0.38162367673731856,0.43154456398730784,0.3960989268587466,0.502108620449765,0.2644770963905918,0.4488744901811893,0.8455390616904747,0.30265799058598253,48.70394355932589,Developing
0.6762541108070161,0.3493533129334625,0.39470536366091,0.4371769094006126,0.3854394824022249,0.43692932564531445,0.6070572016273469,0.41161614661432266,55.9822907302215,Developing
0.7249884371502633,0.35735933668070813,0.32566615536543864,0.5596057417206763,0.5422696921803992,0.537933658313378,0.5346468505440503,0.47593480996609117,51.22101100791622,Developing
0.3603432440072979,0.8046247790314263,0.5296853359501009,0.4947372492621224,0.4094963762607498,0.2037833548436314,0.8211776465289946,0.25922137287192426,45.237721077284064,Developing
0.7661965670266367,0.4454623152235866,0.48493335260568077,0.632411252876899,0.47792493128618146,0.6991565863409052,0.6437748843838338,0.639993828382476,66.58976263977944,Competitive
0.3805581274154508,0.8873431600838081,0.5701810624817061,0.22839461235577377,0.11906412576893642,0.22673356442958248,0.9209460920869904,0.3910840950109548,47.62986400370345,Developing
0.4768387404703588,0.38775044339154996,0.6048930117744478,0.6118731209306998,0.2946338176851104,0.3508612533685487,0.727207727794143,0.28326081998522656,49.5857055687715,Developing
0.5002006494861546,0.2628973207507784,0.38378463585062034,0.2703004792152619,0.4481173857825836,0.3816140832768268,0.7736772450195694,0.5628677273261449,44.75236392849877,Developing
0.6129313870887216,0.39836121174970973,0.6186265582675362,0.5302283411646157,0.2171464975293249,0.5803510457081276,0.6092944568904417,0.4858800575453647,55.95632844603174,Developing
0.5933205131291857,0.4625036097957164,0.3863524001185604,0.6308676431107718,0.2558739676848087,0.49946614634110736,0.6977533714870763,0.43235407288131095,48.890310901383174,Developing
0.7322041298671493,0.7410099702292879,0.11140386401380276,0.6544673809990162,0.15288495463351612,0.5139723096904708,0.690036554728063,0.6800481817505841,55.564319662189455,Developing
0.7014538311677586,0.7061890174391422,0.1740585987610032,0.7230710619546736,0.5399817517762107,0.6622755411338073,0.6785965660279007,0.6091285237332038,57.338263713380556,Developing
0.8614549973952469,0.32574860857032184,0.502066936222807,0.5760062096538342,0.18140344170255138,0.6229150513974481,0.34842015666117804,0.638714494526831,57.78306238828835,Developing
0.5193270033782386,0.3428784515647419,0.29276246244213816,0.2672523626210952,0.6257694327429358,0.4860220503684169,0.5821728011193025,0.4502135836905457,46.69240613890487,Developing
0.5238005160711459,0.5644138643876558,0.1539953943731378,0.44905015538009135,0.14876538481077853,0.25798207650492144,0.5654306974405677,0.4124437944038137,46.260210971726345,Developing
0.20681292982992294,0.4821313881418196,0.5076752978273703,0.5840674098762906,0.3053841702240922,0.33320205847411677,0.8180973582915896,0.1399255022240485,40.77322301941586,Developing
0.3922653284808723,0.23899155526746407,0.4398673804267403,0.5896720653314248,0.29394995001263685,0.27667089492633107,0.7140233818347045,0.15377171144847598,37.88810736577381,Not Ready
0.7172851944691232,0.5671590845233273,0.11226715835862497,0.1678477115763284,0.20749358691767927,0.5647676094723422,0.55390192348669,0.5282035713496088,45.14748809688842,Developing
0.8235465556023411,0.4291116245962613,0.665774110020801,0.22150073292989722,0.15095082837634038,0.509909096435514,0.40790295215174577,0.7345504939850186,51.9886499264116,Developing
0.6338330457839032,0.3689628206124659,0.5007755697041437,0.3574034205004179,0.41487021199940516,0.3384859445766488,0.6028444163148335,0.5593885489698868,51.66697704430465,Developing
0.8640310141927425,0.8177435344377285,0.25570389167584445,0.4265064835771305,0.2747908173506111,0.6249904027812899,0.36681907083271825,0.7483949825093309,67.40716888576702,Competitive
0.43105409829163116,0.4984289585451476,0.5141877491224874,0.5948183325615045,0.4474265972806454,0.354445972377047,0.6114357670756273,0.330954447312724,51.879304635072195,Developing
0.5425222822972197,0.8395754844281066,0.29249062217991856,0.6759982697191996,0.1632947415787186,0.281268455559994,0.7117901706088001,0.5611486239901792,54.83352544348165,Developing
0.4918234809706633,0.4630501897022555,0.3273830924652359,0.440451066563924,0.42483112299587317,0.35203352203696403,0.6203385392320739,0.38787668459655417,45.00401258543529,Developing
0.7216515547442529,0.431493266010929,0.38411870812720433,0.3475546972099089,0.2838727727813507,0.29330633042521337,0.619394543008151,0.5114118556825316,51.910179568663104,Developing
0.7008384104032005,0.2766630483177664,0.3098877110037802,0.4658134541240171,0.32038892942114117,0.41687586341856653,0.5917627393718914,0.6295079935866295,48.816547931130124,Developing
0.49913567962238237,0.428642352917902,0.0822289730705698,0.6765570927577721,0.1606112347308449,0.3091861242804764,0.7779511216941413,0.44270631271044847,44.69097893360615,Developing
0.9252632940899445,0.3525400702447912,0.6022157735198461,0.7265008040971634,0.31438660319777373,0.45148379778381964,0.3566317232393949,0.7467214037167824,66.3291756162711,Competitive
0.6740696275834178,0.6583517969495034,0.5867220815936864,0.4863346857240551,0.12281433205117377,0.5280862969987443,0.5747485014288748,0.7496096575643995,63.12691531596191,Competitive
0.3699665083533203,0.3483255801974262,0.36197636836286334,0.5786536061404189,0.2381384964321976,0.47408227606910053,0.7232680680067972,0.5455997694335544,38.7822712770707,Not Ready
0.4251157102460053,0.8084476864002843,0.6475429534906052,0.4996994995987015,0.1117981571325535,0.3957767482806518,0.6433279359742656,0.404101728620444,52.95511000349747,Developing
0.6858875417603435,0.25305543530107943,0.40112717232294187,0.6775959082429386,0.2985159401274227,0.3843170390977565,0.6418830632062122,0.5676609977234854,48.288530268199295,Developing
0.20606692258534698,0.5659491658832845,0.19774152995490013,0.3256441022632628,0.3612689401637287,0.14383539567318834,0.9162722604925536,0.12123144693895199,35.445499464854734,Not Ready
0.894095185049738,0.3500900470916976,0.3394704117052889,0.3736785332343857,0.18810041738748343,0.6418989370930224,0.42611907403017324,0.7046888610228268,56.144507450251325,Developing
0.6745393221646826,0.6508844306440804,0.5075110484310067,0.3858463931464355,0.37563867287697766,0.4914192360284795,0.6211468529516461,0.6278928243298975,56.584069837944334,Developing
0.6600775058697325,0.4640519319329937,0.6912292808648944,0.4825828256694398,0.3860789754464137,0.46879527188662107,0.6017430437403576,0.44154489057541574,63.40792863474935,Competitive
0.5123650159577829,0.5711939704664549,0.21941033199445784,0.391970325480434,0.4221379863644036,0.3400528749070268,0.5623893015960397,0.367666736580532,48.746922353817865,Developing
0.6034059820336094,0.2948293285652708,0.1704664012200192,0.4139394092393577,0.44548965514137245,0.3650929376146749,0.7423801742749933,0.4720946179080268,48.39443773842464,Developing
0.570644460932938,0.6486990124634657,0.1457028576365323,0.6428454907236709,0.5571614068787788,0.46810801855422224,0.7415954890885396,0.3664922780972944,49.450037894106295,Developing
0.817957513317701,0.3869131896049135,0.38594242250846117,0.5172557969357587,0.16857635489253076,0.7156677835845464,0.5482084767152997,0.4796390465544398,58.02344885159525,Developing
0.5045387604826372,0.31850634791839266,0.13774602509093864,0.234116542930208,0.3940630126554179,0.2962860029878538,0.6464940948429284,0.14312132148766255,34.71309587807308,Not Ready
0.37407038056610314,0.8283993899279836,0.24487511954985572,0.6405439305154,0.4374472973749718,0.1445972297595667,0.7670496989713124,0.26604357270791495,43.74518901564488,Developing
0.5016201544118706,0.7978625282902788,0.16133144716767406,0.38331053017940125,0.4480266621614086,0.46200890127998323,0.6212263822590687,0.3488808394946615,54.58171972622962,Developing
0.6693370368221084,0.6985272226760934,0.4636700880432529,0.5725974362558355,0.26333525269738267,0.47287945638215445,0.6146012718711892,0.5679190065856067,53.01515800574296,Developing
0.525903040090893,0.28859662699162886,0.09046634960739727,0.5851376871037004,0.3612073033401777,0.2261634168161219,0.6568166287699242,0.26835231413997174,40.22640563711141,Developing
0.43006752133308546,0.4164036175292092,0.15200931278419372,0.4184697118635141,0.2821435385177816,0.24218714833109933,0.675433557478954,0.18640549454381805,38.50911970212883,Not Ready
0.38812165707996726,0.2059290057507384,0.4216238047103792,0.5093447032368191,0.5632280830741575,0.4286618214492288,0.7467451628831003,0.3847022148350635,45.29121719041419,Developing
0.604392387909238,0.4192384943577921,0.5879653792391858,0.6310321403951521,0.1478102073097662,0.41605168694685274,0.694283795919319,0.43369894571043077,58.54326398207129,Developing
0.571791841605291,0.6037373156465242,0.5811025255800776,0.7176260275702018,0.6520432037614908,0.4815988578284493,0.49866697962533746,0.4598050035877271,60.65724890625713,Competitive
0.4885903069333063,0.6108310302251386,0.26506157246196327,0.49897759744197545,0.4394105412093322,0.1800563892716331,0.5298241296225323,0.5256971093796601,44.30003570395142,Developing
0.7286032459840235,0.4696168172220922,0.5118850763377257,0.4839715642205211,0.4150775517947202,0.43315172828296866,0.4419723825292998,0.43399230536565553,51.62659017878792,Developing
0.41372985951048075,0.32502095645573886,0.30755699787786706,0.7687023963500861,0.19052390217728105,0.42461938587901144,0.8297022072215342,0.38233547615338637,44.58267949253318,Developing
0.7002209361068406,0.48395676777149027,0.19315961835159107,0.4414222809997147,0.3661013530742898,0.4823493526025284,0.5454191913836224,0.5184014716470491,48.75740275219504,Developing
0.775310947797655,0.37619768263933223,0.5645643062401474,0.38602892661278837,0.5734876014194247,0.6253772665681057,0.4593384176285189,0.5316502425927125,63.39535975975467,Competitive
0.5979269445710143,0.7438346141369213,0.5218804375161823,0.445481328366005,0.3683672464665634,0.5199891516404493,0.6016142529534151,0.51105378822747,62.86260717588983,Competitive
0.3457242143951632,0.536157460527376,0.22999721392062397,0.6128667192353282,0.2845841366431806,0.23895160190440468,0.8415842927485329,0.29961302936401846,41.88650521782316,Developing
0.5701288184149048,0.47926618486368444,0.4504942934044246,0.6071211213919321,0.6298913730023261,0.4146029385445931,0.617994879436301,0.545549304820455,56.742994888903866,Developing
0.626222404496232,0.6982302441408492,0.09001068062022921,0.4387518544518927,0.3413278663377381,0.37591542460398786,0.6700084588536986,0.4822774947702392,46.11695387685246,Developing
0.7018979359847078,0.6177711886616829,0.5383809643777085,0.6486463612227538,0.3620298879963521,0.284702969294506,0.7408563893687615,0.4749673883462425,56.56800069502027,Developing
0.37547250141529515,0.322132263781607,0.2960662510175108,0.614402733193372,0.4307177326458899,0.38847358836307233,0.6636991202388225,0.15119740631860445,34.85349097848568,Not Ready
0.7684458640708668,0.4746695309391493,0.7781648268477053,0.39564819957842123,0.23327576072173953,0.7175656252588781,0.412719262816857,0.5040087963193427,64.45230454561285,Competitive
0.8543379111829675,0.5544234613711253,0.48185362329244574,0.6920477306845195,0.3465609305987193,0.5332801773430327,0.4614118798606145,0.6054424459204795,60.95834262067597,Competitive
0.37164401638670197,0.41675740663266064,0.5306036326034161,0.6277906202924968,0.40766338971673505,0.44992613534432957,1.0,0.12937169890656847,42.09975877884885,Developing
0.43145749312303255,0.5464337562871692,0.5460485078152749,0.5727855043521971,0.6397687286889356,0.3863052478242954,0.588196653982777,0.243019113751484,48.32814995278691,Developing
0.5314238956057405,0.6465586487780156,0.433831679321003,0.4356455459834508,0.6550842722051542,0.16495973498113087,0.7381001210740875,0.4401691682911177,49.3925365599679,Developing
0.4282722363900222,0.42189306963314843,0.3953233966087676,0.5472044408226338,0.19065336562412866,0.1727287598875238,0.8652116309129041,0.19390081595425504,41.10613611110034,Developing
0.41711308140744363,0.36110918149622473,0.6034565349823419,0.27499789801959146,0.47066341636441644,0.02679072802012994,0.8512235826953479,0.4601525454809896,43.46495922017471,Developing
0.7460460069112405,0.19939904696691907,0.3737135639459625,0.36055364151469566,0.16536940693715996,0.5911104579537827,0.5471608011486055,0.6785885523209475,43.011225329533694,Developing
0.3704108940796543,0.5679372557825119,0.4244649557590478,0.19019834152597612,0.38040046669750754,0.21102218114599966,0.7196479856316973,0.3001915085100831,38.387844187555,Not Ready
0.8265382265414353,0.3667497935743245,0.6551597572262929,0.41397241580689587,0.5533494184596605,0.5539546159579618,0.47281376518673773,0.8083505321692939,64.63518222874023,Competitive
0.4330466482935212,0.04964601881864417,0.24286152888800788,0.34637257018393613,0.47244617161957236,0.26326664667298094,0.7470769413591144,0.21182451912693379,34.63649404801271,Not Ready
0.7327014792340563,0.5109939871714408,0.4811953404765441,0.29663827908737594,0.30014892449342245,0.5162080668274334,0.4132534457174165,0.5087298638267297,60.582121384850495,Competitive
0.2888714654960024,0.5236534425975063,0.5251905925972885,0.415026015422325,0.5046384484286673,0.26380180247230467,0.8286758647223919,0.05927854952100317,39.24682683996257,Not Ready
0.6204109296850753,0.422387324006872,0.6428063225938476,0.7065090250319294,0.27479312917419285,0.5520405807083936,0.6501875650322096,0.4283288695340013,57.32124398346783,Developing
0.8422091508464675,0.8301151782851783,0.40351017633421515,0.35238457720372973,0.5142677330508542,0.5250767186067268,0.45858286491836414,0.646031938580021,66.30680903506078,Competitive
0.5822954994193641,0.412897035550817,0.5948632174606494,0.4932638324747829,0.46106987261317073,0.298608607501464,0.7067274807274644,0.46862560571520584,54.72587366823721,Developing
0.37619606498719643,0.5752189540671182,0.2287447419356769,0.3800214734693757,0.12230866838599433,0.31216980162195085,0.9361409891204486,0.47067137756325683,40.71133169013544,Developing
0.38077405336123327,0.7386745419011264,0.5934387706959086,0.18592470267915587,0.3659786919182826,0.2440774136897157,0.7634000489719162,0.28597825652624725,43.22422670510449,Developing
0.4357468188465932,0.2548722751370511,0.49728311843418965,0.6272246335295288,0.1929663982372463,0.32116859934796993,0.6917681709306323,0.4143514095275158,40.74359414967133,Developing
0.8800068114288826,0.36988940773524537,0.4440764640754214,0.3311126917682492,0.2930407582899208,0.7131465631550227,0.4949774815092708,0.6649589265490828,60.014584357866184,Competitive
0.9111256585629214,0.47714291682292487,0.585587822017092,0.618930048870855,0.37714017895753316,0.5769200642949539,0.41963776286884785,0.7809062537879878,63.86945218966019,Competitive
0.5194202974602578,0.5921633282200545,0.3005224489011364,0.3132269349646148,0.17077097093533822,0.14713075435042308,0.7109587065120934,0.35846609475103886,41.669015387824615,Developing
0.4947935640076256,0.436646095930526,0.4457111251363436,0.4198836080465928,0.12753490749204252,0.3156228412276525,0.7558999246409176,0.3316621613655302,42.91232712002683,Developing
0.48155139015286974,0.4063446519742026,0.7665886146174059,0.5483371506644309,0.48590548772570985,0.617589367077869,0.7591859181515925,0.531930008931848,51.85715635761612,Developing
0.6252879084113494,0.4296250622519092,0.42779468718545177,0.3372889455693494,0.5741561228767906,0.431588796437551,0.6824296462068019,0.5765534447324302,47.84695973410627,Developing
0.7055500543726334,0.3247606036511472,0.5801267651336469,0.41361032777349904,0.3717297175327396,0.42202621520326805,0.7402306800817638,0.5735112837426225,53.40871728755861,Developing
0.9078679555430325,0.5550252690631492,0.7166777523819264,0.47362564642023414,0.1718679165254424,0.6189806758907257,0.4046354579828388,0.8808361298704668,65.64724547349454,Competitive
0.5458800341062687,0.6676702413456215,0.1906347593303813,0.6499465386319405,0.16112213978878964,0.4580424240410973,0.7992816249166022,0.40373652226823975,48.93775222032008,Developing
0.7476642721224875,0.633881206365691,0.33710704010413434,0.5533470881666959,0.6350833114926916,0.4340015003084982,0.31668300233395213,0.6385018846228491,58.50818262953529,Developing
0.5807066775452769,0.4795995009503473,0.36379542036106083,0.6170111489114771,0.47864184599430054,0.6898477787497885,0.843498594991665,0.4183496358652081,55.71409125358854,Developing
0.6648022178632096,0.2957307333886908,0.27956114537386123,0.46875373287542565,0.3383322107132704,0.37635263167832156,0.6479980486882811,0.4735755209956893,43.99298059898623,Developing
0.4597531200252491,0.3839563910112132,0.37830156784241337,0.4026814756941551,0.09966174948405017,0.24612847851448505,0.5211916621017909,0.3311266003838569,42.90080260202607,Developing
0.5990188814118917,0.47274023431712103,0.2219673671125003,0.5961284015871215,0.24738373834331637,0.609576001424537,0.6667300355107003,0.5336761733200042,49.453728934972425,Developing
0.7120934888863037,0.6414782571760791,0.24895735836069977,0.5427340305730043,0.31291517597849056,0.5586491901964439,0.6450871580659745,0.23845485290000623,54.549905131096054,Developing
0.7220294804265105,0.48083960222125,0.22396402642531382,0.5947494502768533,0.29666501157718705,0.7036860027738605,0.6994575361935492,0.5001225763070077,57.28915213417116,Developing
0.7361587345004319,0.5086443766213216,0.39892930909382024,0.17340969196839043,0.2320612179118814,0.6818784820913624,0.5509440487444067,0.8343710533801794,60.36421015797796,Competitive
0.7227651140835472,0.551168080412989,0.4403950680165646,0.11462244636028186,0.42345087242893686,0.5875038171530265,0.6726860031545621,0.7648270198653154,58.38011777961284,Developing
0.5989199900343495,0.7368322907114911,0.22509048598339826,0.5719460406101278,0.21942801744024434,0.25665766192943024,0.6426912115696681,0.37331933848760496,46.59213608145668,Developing
0.7390064618863581,0.29603933155007744,0.3841122631907963,0.7830684863069548,0.3706710018986063,0.46734173461052575,0.45582463016453406,0.5282601935421923,53.04341866179624,Developing
0.5420352694449541,0.3308350743101759,0.38752727309836793,0.7711260713989482,0.5881680231967599,0.27567660253261206,0.7186850196331986,0.5912018045932318,47.66737954968577,Developing
0.6639217494089135,0.4501332001116299,0.42854719348523973,0.2823455060794582,0.220804515143197,0.4224719684045512,0.524241682816187,0.48500329231641104,49.56750314257664,Developing
0.6096018932600017,0.4549454383831937,0.3271855439207025,0.4706061198516435,0.31776976049260675,0.3359856445001895,0.6530596830484973,0.5976777022756165,52.233676339944985,Developing
0.6624256159872247,0.5695020931759313,0.4974176059345938,0.3025260463022919,0.3435044770115355,0.3856021776294138,0.4476941559018111,0.6075547874822519,57.722054349094485,Developing
0.6642096919585582,0.24951131661902362,0.3077628000070241,0.6011614392395667,0.35208280633588246,0.6059940038474528,0.5067633639640473,0.5469331028844049,51.26019857562155,Developing
0.45185642326161,0.2511069953295487,0.20120513129213127,0.37551929222099634,0.24306298194497353,0.41087728195780293,0.5801302710019213,0.32203715430428875,31.37802684142612,Not Ready
0.6241859608657894,0.6073014527277159,0.2549185914606053,0.6658329727488781,0.4630694450937633,0.28700849150278707,0.5949047273323467,0.6265668336547494,52.34900978889649,Developing
0.6983920430265724,0.4288927974382639,0.7461894324687113,0.35942034799960554,0.3378737243283598,0.535609864990629,0.4318301414258836,0.46943086277485174,59.31912559685005,Developing
0.43372655409520117,0.6302087205885385,0.27626982151645635,0.5802502087931815,0.13881365004141902,0.14243916593744765,0.7950785490603854,0.34480891192605045,43.79183810550783,Developing
0.6614760271204477,0.21051777558022897,0.20031811568778113,0.36640701004950077,0.41664350272749534,0.4883424441997866,0.6222683761027322,0.5527425522076577,49.347027288571155,Developing
0.7915315097575369,0.48802761790016363,0.3859065596729154,0.4329660991602023,0.45833427249579384,0.45991709510306805,0.47142868968075113,0.6307238626028012,59.11374680208574,Developing
0.6817866828595505,0.43444978147496094,0.2883500539486226,0.5448281701431836,0.44581438044244737,0.43948323449442117,0.7120535714234091,0.6303012057216882,53.45000695249651,Developing
0.43740538424429554,0.7356005611666261,0.47682648256177496,0.6723012841759639,0.46309836482601435,0.1899561070638378,0.7708522637209229,0.36292657973110587,48.646427944906534,Developing
0.46676830937877795,0.4217915729758746,0.27994620405477316,0.35746405560757477,0.3661237193768618,0.39892936427648956,0.6869736731131418,0.3749157669191722,39.64676479798396,Not Ready
0.6249670459690202,0.3789866914137881,0.3133451112395085,0.39557428966892205,0.15913958077441692,0.3731650768925498,0.6754912680633375,0.5170732306499173,46.34210567689351,Developing
0.9355902121561953,0.6995924146233805,0.30129304029661846,0.3803784647092973,0.1983061527892633,0.6329846887093435,0.2769067330634235,0.6715574649236935,62.64500439430633,Competitive
0.6138864221958187,0.2872867507492202,0.7163259553629463,0.6459291475037757,0.30708555687452455,0.33276766340664743,0.5656495496845,0.49087927851417495,48.951739319554505,Developing
0.54559787822704,0.8057054995118506,0.44682655181945313,0.36034157536131844,0.1760150654128466,0.33944607126807924,0.6214388559710085,0.35813845159459967,47.730402221142825,Developing
0.6708604011278085,0.2366891359112242,0.14808721067209904,0.388153337391862,0.37329924999915093,0.499355196875893,0.6635622078153945,0.32733787949659143,49.63950612289407,Developing
0.5795764556209035,0.6122395279190426,0.4081901630653041,0.4390113605333688,0.09899289777119732,0.3574085949625486,0.5544625409079083,0.5593596796349962,52.40781197591821,Developing
0.5598636377372851,0.5765152413347044,0.6078086706797642,0.38965922596217417,0.08484149469726411,0.20201306105797928,0.8158698241633945,0.44833577102588346,53.58886980452452,Developing
0.554119556136637,0.46647745383929196,0.40230913423924397,0.46388532330964416,0.488290471914715,0.461857549805837,0.6323485809712258,0.4269796707609746,47.69894588698467,Developing
0.6089060112274138,0.6833453855006082,0.06639773412926868,0.5405165861786153,0.28635285464916665,0.49375288924096916,0.5287198111961199,0.5720367768652366,52.71961465924766,Developing
0.8587136797697308,0.36721662752334533,0.2556934410222354,0.44315938139717637,0.3128856437188633,0.557152234718107,0.48474454665838973,0.5626875004901892,51.31261350241726,Developing
0.6808016238557296,0.6005314110313746,0.4422753554394878,0.4335617773153954,0.46351861033286196,0.5572838066205748,0.7210653581304347,0.5704395432021249,56.45454069472077,Developing
0.37488074109562675,0.3918631964052154,0.579604492925005,0.5344879883073623,0.33643700445888025,0.2235743693133754,0.7404798720783189,0.42714598448173735,42.47408584518773,Developing
0.7077854998736477,0.19121426310565096,0.5206868896077461,0.4695793448741043,0.7545646684032139,0.37994676198267974,0.7369826633204409,0.7560624731447243,59.242861959522784,Developing
0.90095999699924,0.2448539080113893,0.19662690519073894,0.7606684579491511,0.655351481597127,0.6755058366581959,0.6055820038692223,0.6671996129349561,63.186545753721745,Competitive
0.8051904497274794,0.8290390665087645,0.616919625179549,0.5151546239692112,0.18606556194269425,0.687379133107033,0.3683029552938889,0.6269333204916016,68.1958395355655,Competitive
0.6235018528995777,0.3736748778605689,0.23332157373400741,0.4399285492950214,0.4582484686831218,0.4715345706346102,0.5310886026983632,0.5151926207644313,46.6452489388995,Developing
0.3551648069686846,0.32858010268330234,0.14350701585100173,0.6368922247913184,0.1574253516555616,0.3342695823796756,0.9685912583371024,0.1690418406753299,28.8724136463321,Not Ready
0.8040408427594262,0.5899138083926033,0.20450251307064687,0.262693004091583,0.20934537158269242,0.5250208291843442,0.6310759724714593,0.6942736883713921,56.0713058430353,Developing
0.7532876848464769,0.6344710924129643,0.5823522356726866,0.444232147861442,0.39235015760996605,0.5177869264140553,0.47446910467128806,0.6418075570755915,59.76563343370189,Developing
0.21825973440839844,0.47781968098306626,0.21906341646691452,0.3067428070846687,0.2934779269158843,0.2864028591148062,0.7557678008840482,0.18861978946739782,33.06813520322163,Not Ready
0.747016121141096,0.6304240288492479,0.6045587894571675,0.31138136549579337,0.2829389873823821,0.6144230632467631,0.5356132812145429,0.6959951147596465,56.77427392892054,Developing
0.44890891510380426,0.36004590293990774,0.49944164138345937,0.5932181443582674,0.13657519741318394,0.41009745645583734,0.780475799891512,0.28640773816591586,42.7029971044209,Developing
0.4133495553323405,0.6646238736628367,0.272276927179674,0.5181971122929372,0.3467142959165128,0.2461483012819758,0.7029864890798996,0.26665419279163277,41.76072096679356,Developing
0.5808173305447065,0.3136606675392483,0.39738033311473503,0.8186163665215338,0.08276568576298478,0.3931866631146316,0.52464364208556,0.6744343694304963,52.285525433253824,Developing
0.6539809620524879,0.5567981363267444,0.4466044127916182,0.3968102411263116,0.338468749101744,0.4871944654543542,0.6585573365431998,0.4388665902953772,52.29375307119083,Developing
0.5045387668674242,0.24815842269867755,0.16488756623321074,0.4652196243339417,0.496744554696109,0.2430955098018659,0.5920335652915365,0.40471640305111645,37.06499233345467,Not Ready
0.8242395260935178,0.5824555828155512,0.36559384866792133,0.301523036008579,0.22122367234178705,0.4046401931694612,0.5801831886671698,0.7732007495767071,56.689071790009145,Developing
0.6991153221400651,0.27630039446173466,0.232972170642726,0.23766042416303637,0.10621454265585031,0.5768720357144259,0.6679594775833068,0.664958570181547,45.78615228728214,Developing
0.4814552322450153,0.12039647345341184,0.3402004280169978,0.33884605659444056,0.2991011309832823,0.20447448193049025,0.6534522239211942,0.4969720771302207,38.66359073531101,Not Ready
0.7812262774285504,0.30961058593689883,0.4187714305351644,0.4900719171027244,0.270598720212139,0.5318234716892183,0.4453870736151492,0.6377157847285928,56.70192678875519,Developing
0.722074912060324,0.8067542106202492,0.6286541946619199,0.3960428090713349,0.2388864892920828,0.5902536857653047,0.5166261528165474,0.5622358064687658,57.23948138117479,Developing
0.5670340079616838,0.5782092491634262,0.35579842075393336,0.2696341828192162,0.37109260427438207,0.3484244909544958,0.6809728290092615,0.3885425812695316,51.001636018697816,Developing
0.571631021824374,0.725626595131768,0.6098445644950462,0.45846030871794424,0.15205447410924167,0.3492247330930142,0.6231935757156861,0.44704885609031975,53.33459203991861,Developing
0.7856797185796852,0.3168127582089128,0.23305298723698112,0.4306444353186397,0.3046532833075164,0.6461036932737488,0.5288957920614006,0.7147347377870061,59.24936374716913,Developing
0.5410309319906176,0.4626318172109379,0.23334374608197547,0.5442030502353684,0.48419823975850684,0.4697710110363319,0.6598428639993481,0.44750895356941245,49.27541389295428,Developing
0.8683460743185166,0.36554333235449343,0.4121342057452518,0.41326475424947434,0.23610025855495972,0.7680335057974801,0.3941088893535995,0.6469833818670285,58.9553070262184,Developing
0.538340639396585,0.41349662824391786,0.2812016975975178,0.4070847666084315,0.28599675477672304,0.3620591820855361,0.7720628771975675,0.4632288772951009,45.20145185975977,Developing
0.6211228604644821,0.6222035422637151,0.11488914124598504,0.4714626684905551,0.25133551445250957,0.24119480012844624,0.5467085505364513,0.40017883456799824,48.2745583153207,Developing
0.6470231520455306,0.5972915394911726,0.5476591224350724,0.5984835669652495,0.43410190177558355,0.46362177784928715,0.4614860233995728,0.5364872952142945,53.67336301178245,Developing
0.5708725228636317,0.6937940327827635,0.36222138415914934,0.5513261192881537,0.4415376441384233,0.4047269196679559,0.7397920790387031,0.3476003219286999,53.457631154972134,Developing
0.46760397419920646,0.49754672913888814,0.4902040730014306,0.41530109401635507,0.4643361770397148,0.2132122691439564,0.5910636556685457,0.4062347592163367,43.70797168874507,Developing
0.32299309887477123,0.8193651241241513,0.3814506082054325,0.39626895052784433,0.37961852053224177,0.2646658951939779,0.7855191983035906,0.28804988631479045,46.80773865094584,Developing
0.7075766766953684,0.5980383193059419,0.21956294081858152,0.48776276495396453,0.34491394671705267,0.3765301195694807,0.513483912226485,0.6428492344521713,55.29264733515083,Developing
0.7320764167615665,0.4570732207367863,0.26160067097124334,0.40450816392144917,0.2909719796313334,0.6898752976845977,0.6921328815846118,0.6728541768535614,51.790466650241804,Developing
0.87206098776254,0.2718158664627259,0.3174524071707738,0.2686575576483356,0.38043228015346814,0.5546955302098866,0.41160830108541757,0.6846887699768335,54.59859198608904,Developing
0.829050998038206,0.6001260974868116,0.30511389032964764,0.21368044333839176,0.3015952674274471,0.34577167362222166,0.7180443055948561,0.690421990107893,59.329177037621655,Developing
0.49158109780524245,0.29699236471722945,0.39023282242720964,0.6553364391731219,0.28284502090734776,0.40760522048798503,0.8231158672739333,0.3546488287278435,40.2865659160296,Developing
0.5830554117008319,0.411406399568781,0.5160503233514558,0.6803527677875255,0.23928640318320152,0.4866033625968723,0.7991772016710889,0.45667160821157776,50.90728476566221,Developing
0.5596372579182506,0.698892378755471,0.32767344427587064,0.36384354009376324,0.13583482638819075,0.30792411277613313,0.7664959026935902,0.4376290453842545,50.97009291475397,Developing
0.5964633111889599,0.39681283723328736,0.23616711906710597,0.17491724755831595,0.23538774183394942,0.2899457194349429,0.6972805349367313,0.46115764131523435,35.82735830767036,Not Ready
0.6573106418936348,0.5738812865890884,0.37495619380489037,0.3799580040752444,0.3574473261234155,0.6434220801742321,0.6039390287641893,0.636715793180062,53.230298388838094,Developing
0.804483292069447,0.5027031281910224,0.3660572447723538,0.5942843957522106,0.20281951752683358,0.8014249380933665,0.7165405297837644,0.7231619304355144,57.239148826791755,Developing
0.45527219432697164,0.38116494473133755,0.29797840730502995,0.5118869353168433,0.32431994999370106,0.411528104195656,0.6849512516914364,0.24112184777793141,40.60014378304226,Developing
0.2748086325712647,0.5208448502055854,0.21909616327305034,0.5959377173042018,0.480649228708673,0.1717101187639285,0.867574240241364,0.19506038896430852,35.96122007616705,Not Ready
0.7865351841892866,0.6592922995303948,0.28638923695320456,0.46035324015740225,0.3013914373524081,0.5005208510933684,0.4411530224728871,0.7354612022683211,55.020131851749724,Developing
0.7179396243493749,0.16599546915842694,0.7353711698316301,0.4838161147521426,0.3140336046814738,0.5381985804160427,0.5127001876208731,0.4743359841296292,56.91007929039329,Developing
0.48716238265597717,0.337500818002764,0.37606652033768073,0.47323934921864286,0.47281803234660796,0.3989333565471471,0.6192905153049706,0.2938852734284363,45.59928221112584,Developing
0.5306422667569266,0.6236686157336907,0.22671586462152632,0.2357129741221669,0.1465010854946121,0.34790808872248724,0.6873397452136984,0.5401820277020113,41.47859276090749,Developing
0.2948183372738897,0.3840072351004431,0.4273353717629369,0.7122563150398421,0.19802186007571082,0.1628936578646747,0.7763577449193704,0.3378582405333372,36.597262390028014,Not Ready
0.7456018707915857,0.19638101530731433,0.11557187957667445,0.43126581954286425,0.6567315413996199,0.4727219834399782,0.5395549033796692,0.6223336198980972,48.377113923952955,Developing
0.6651839152264051,0.5206161930276166,0.22972963166291366,0.462682226545653,0.4863039641686233,0.341620261756359,0.5603275301501217,0.42741505923153156,51.851705202536934,Developing
0.10815026931431065,0.5897070778476496,0.41440153487113857,0.7404827481523506,0.4153925842081197,0.08052775842526819,0.9557281914930837,0.04293666240454864,28.604514634936386,Not Ready
0.6064552693266824,0.3475278871380485,0.24640521240626237,0.6494698533383257,0.5026017707978975,0.4546998701441138,0.8757659469685856,0.3052526184998152,47.59277421710988,Developing
0.4432480212398931,0.31007097655497706,0.1660591019989048,0.725101993280885,0.23900639113135294,0.3538540086537019,0.6775354957613277,0.46693369353000314,39.065011716142756,Not Ready
0.8029504339925256,0.543353385321162,0.09795210850221218,0.6094062440644475,0.48881787358045475,0.5098266153489863,0.4844247822916362,0.6971291140927514,58.921945857228316,Developing
0.9093373272749913,0.5147134759732975,0.47570597969101824,0.4919541085267878,0.08408510474868279,0.7423582166265542,0.3928116485548907,0.7601910652052802,62.8422067011587,Competitive
0.8064743785184908,0.26736797513815724,0.44748536640831094,0.4278217415758835,0.10780610341900058,0.5897232670855553,0.5292022237185793,0.5604707936870156,57.53441968774027,Developing
0.6939937357736115,0.6575099348381247,0.42491961950266544,0.29801290219109,0.2726806950492071,0.5850838597076251,0.42769493322003876,0.5089718159227222,57.1610498663863,Developing
0.6906572995716033,0.49363357397870933,0.35381990656373297,0.19193574147005935,0.4391051866911808,0.4799823900950856,0.5980948712895007,0.6047953915101255,51.15784704459037,Developing
0.670811380562466,0.36991022046556726,0.24269949662530577,0.4648435199628843,0.229970748648272,0.46858190588248977,0.6093218852598962,0.47711113427805274,53.15713177009075,Developing
0.6244905820531652,0.6932357060335316,0.23953985091938693,0.44613268559639746,0.5867191612950813,0.5204678074578353,0.608121568993475,0.6579403262791208,57.57191267814795,Developing
0.41847434862994065,0.7060197835467072,0.22755140051641115,0.4946669542003432,0.18075493485214256,0.2548361245717578,0.6868590399365331,0.2408903304250584,38.291113148016066,Not Ready
0.5210026858754496,0.5363251786796746,0.2768922781460019,0.668787537527691,0.42221258969010866,0.3493913417249214,0.7894285620486824,0.4166593969016028,50.087777550168155,Developing
0.7124557369428536,0.25292646493931914,0.4660115164420433,0.7331357678293078,0.18145996060319278,0.4842336123081931,0.46349229794367347,0.6040150888519957,55.56745098166775,Developing
0.305197281901435,0.7306319672977865,0.1754335953226453,0.43196993488750074,0.10418292120773501,0.19577277845566163,0.7730065020330317,0.16898198988614863,41.844975885659714,Developing
0.6360757117374529,0.8013174705503122,0.6549505050029218,0.652154485934498,0.510628976824015,0.42209268488104806,0.44516891127689995,0.623857948790823,58.222171118666,Developing
0.3519287773278243,0.6323547923346877,0.6116325863846304,0.37148727550561994,0.31221904413257373,0.19825891641833915,0.7571604607146024,0.25194687428616447,46.65070304805617,Developing
0.8855167401445769,0.586410781108299,0.4538807676853897,0.6263232985268528,0.43036618188592596,0.8421471716279942,0.45134129790257516,0.773177008361819,69.86965157822942,Competitive
0.6160035475838868,0.3653533955621449,0.21109930393913642,0.41615701179402886,0.1881926133813618,0.5729928141018015,0.7566912908878911,0.5578960639104499,47.937387206472415,Developing
0.8558716900293059,0.47345079074340574,0.10946635805186178,0.4064967798917395,0.3739809360699792,0.5548667288268692,0.494640734300536,0.505577533749749,54.03451050094393,Developing
0.7936291075640122,0.24728718923888077,0.33295174010374357,0.40083990436475664,0.20591455419436108,0.5332152817274574,0.6360610780863681,0.6711802494332869,56.27151083185368,Developing
0.6408843937023075,0.5903405777186599,0.2404097902099224,0.3704061701908486,0.4233935080250002,0.61002787744987,0.8140988068233103,0.36036634031540726,56.99119202547473,Developing
0.5396960077438033,0.6255357071739345,0.40132103821120946,0.17651414752462416,0.44108159279579595,0.4900366072179093,0.8623737615122671,0.46815435574849124,48.430296422271645,Developing
0.5387501150702725,0.43072062005138545,0.6505536977069845,0.6062632970798787,0.4376201821427743,0.42108827684657507,0.7499488067678948,0.4337748331766895,52.38634474595392,Developing
0.5695105651946624,0.5403670166689575,0.4391697275138056,0.23697762411569293,0.2018837789728935,0.41902366589480505,0.7006955404813993,0.31651701779036157,39.17317311974205,Not Ready
0.7582353643420664,0.5564679993550778,0.7400525514989332,0.09721105646944289,0.131001291440438,0.5113607674248782,0.5671337239405394,0.5211687475636456,60.94677680374695,Competitive
0.6621965546320336,0.6188937123295994,0.3340073608858838,0.5434166590194169,0.5136356306737729,0.46638431779644185,0.5410158036595999,0.7439524737806237,56.39226482395853,Developing
0.9022547956100389,0.4043917012482178,0.45456727495509835,0.3968249502447669,0.08111790435576031,0.6186159426934663,0.612390466388972,0.7574954928793833,62.621770144861465,Competitive
0.6963537283122604,0.1463249803886572,0.4277229014492327,0.5966821654732546,0.2555633026744299,0.4325562136336219,0.7636500716486441,0.686961036013968,49.963206883745194,Developing
0.19492282897814495,0.5149869221640855,0.34965856836493403,0.2562297652284837,0.04527891589958947,0.31479137836817883,0.9089560397165295,0.10926999579309263,29.64877190062181,Not Ready
0.8815250441617702,0.5543188483571588,0.52207103824561,0.47516630735843185,0.3278612222496937,0.6902070337399632,0.5030113051136252,0.6848076720175328,61.419610940344555,Competitive
0.7616682031970669,0.5742553246382286,0.32833356776846817,0.2593729333672269,0.5111828049315477,0.5992497529377243,0.5431761394151654,0.5444471699754385,56.713394897437425,Developing
0.7587281888949294,0.2130064370683724,0.11437444488978711,0.6276054659092184,0.5736507483856752,0.39330352565273297,0.577000305552314,0.6068725716984396,50.024103860776044,Developing
0.7385823094556433,0.6908571450605459,0.3269530631337835,0.391120317746844,0.08738914730920884,0.6052883031515385,0.7011576301879383,0.4654820412698505,58.375198937740144,Developing
0.5428315371958478,0.6713407580902342,0.16504247325990193,0.13830675685378443,0.4358376419656012,0.17391131514273753,0.6469633420824099,0.5099928662182489,48.44144462376994,Developing
0.7478570491921176,0.4896196852642309,0.5974815466785587,0.5127598698096822,0.16316209708575533,0.40580977616616387,0.3765969755032109,0.651650470516419,58.869305993733654,Developing
0.5096795590364146,0.3961697176427168,0.4902597077482619,0.3985461668963897,0.12658071925175335,0.4369199413542018,0.7646075811516205,0.3875373101675314,48.75373678745313,Developing
0.2795323151222072,0.5632183734456183,0.2718528049880681,0.46864009338951845,0.4892864184579335,0.2724306873185222,0.9069887040938055,0.19997128788574728,39.432339064907985,Not Ready
0.5948267589558076,0.554524275642487,0.37695707211512275,0.2661193207310723,0.47204818294710676,0.2115837759586151,0.7785390504746261,0.46718934384345445,50.53123874872583,Developing
0.582240299540822,0.09549329022954611,0.5064458113361171,0.6892484637939186,0.3128904745403252,0.48858657306145176,0.574262692526755,0.4499190834665446,49.59389983003056,Developing
0.632743358797239,0.6006190727216595,0.5127910583398353,0.42602525093715277,0.4682667867427348,0.5840491710810197,0.45927076487020757,0.5957650648393856,57.60620886628075,Developing
0.6991930430248945,0.2815925891662692,0.2140565894580677,0.43710566292971764,0.5813509255127808,0.3993655520733285,0.46989405136794415,0.740258447889307,54.084957014941075,Developing
0.48957114586871264,0.47524818180778483,0.5595573758526255,0.20004532745660417,0.25141328243214617,0.4203671521713236,0.7044019649036665,0.3288824279039672,48.35446610734769,Developing
0.5972709663967972,0.5663414665654339,0.04373514035152515,0.3102453891871138,0.3656486055005073,0.4268011720289323,0.6369469670617477,0.6297465151105104,47.58520491362431,Developing
0.45985014344285313,0.708770086238441,0.3878329888180478,0.43642661385869436,0.16943944583095744,0.347402288299802,0.8013730690035062,0.35062328285487293,47.15034196068046,Developing
0.7343056478061499,0.2918428884908691,0.2925369529249443,0.38474657327658934,0.4907761274381596,0.5402194769455152,0.666068660100857,0.4050256674178121,47.923792140636664,Developing
0.7410269393163679,0.3837060825555397,0.7852151845890897,0.715986084428382,0.587522409840806,0.49490092391611806,0.4602183197138451,0.6604222592242609,66.97690501320567,Competitive
0.7557393738932202,0.442908633453705,0.38297223703579447,0.45147416050106465,0.7116404414825652,0.7155069304788787,0.5478040132121459,0.5339591637690628,58.14021417780464,Developing
0.5128808499007483,0.5995319492997713,0.4363763332236739,0.39360793276862044,0.2728314257356086,0.4842532041360577,0.8773422770084334,0.434077258406109,53.01934521995875,Developing
0.421024829825266,0.7221886752920496,0.0911091552823564,0.35531559239002547,0.2831027106505876,0.4685061802473744,0.8355259280796723,0.12327396294057699,40.771500702058084,Developing
0.48562368206048473,0.2721398915139287,0.36101326684578494,0.39711305153913184,0.508932818532392,0.34982506481742265,0.8927858334904446,0.3779767842562224,43.533902674393666,Developing
0.6888902644132664,0.5883028325504656,0.10147210557947954,0.3183035697667383,0.10272757740701736,0.47054452939207125,0.6844544136485129,0.7182376076049193,50.20332486692011,Developing
0.6217282710485734,0.23094364643512263,0.24323810729071804,0.2996115350048892,0.19376314321204438,0.47802062780163757,0.480009971914783,0.4038504118159709,37.91936272074075,Not Ready
0.4800769112508671,0.4718350016011124,0.16416221170384357,0.30862503872741587,0.21223830960898615,0.44623785508000097,0.6374237229990402,0.4068837813280769,41.61739567630409,Developing
0.37274943633723273,0.47558997066835135,0.15465296249105298,0.6978780882217306,0.4510120395143427,0.2860738054321068,0.7753670990421331,0.34387550573555814,39.76756195871068,Not Ready
0.6948892301691663,0.5125217438965943,0.4067288049664984,0.31659633454829106,0.3919944766283376,0.4947788132520461,0.5266360933775637,0.5216433273868266,53.15011136884118,Developing
0.6738238573644301,0.398573697374782,0.0981682342906481,0.5863615320812614,0.3683727876824055,0.4814767510498994,0.5305491869343706,0.6134396446096027,54.79498531128117,Developing
0.6687073291663447,0.3593165562136145,0.24701840070105507,0.38677382936378524,0.49933588982854543,0.5386371275905669,0.6086183259305218,0.5807135344708446,48.09552629061252,Developing
0.9342309267764228,0.1839572688303147,0.6275163926263407,0.18398544492749758,0.05187892725817862,0.6637947842093915,0.33144793521553106,0.6651818061495774,56.322293502957386,Developing
0.5295242404120555,0.4388349725599104,0.5080757662736517,0.6301900061114932,0.21928025037048443,0.32454523737570773,0.7379347175205002,0.29223380116497844,47.64164330803046,Developing
0.5532583252370692,0.3004013790351626,0.3883126769489841,0.28056935730143734,0.36602929736858386,0.3359845698670771,0.654795529898676,0.35718032265816324,46.763403482593155,Developing
0.7782270507187221,0.4537401468997624,0.09041743651663628,0.3210676007187653,0.40230008629809216,0.4980355177048118,0.5235604824180751,0.5149122893931493,48.67930314862334,Developing
0.6104483656127492,0.4932910615802486,0.554343050427531,0.3930583344912606,0.4611238836891088,0.29185679218505994,0.6305400128651992,0.5163146057059661,56.19408804325276,Developing
0.515759224021085,0.5931289906181062,0.5367875031128293,0.6515822565877387,0.26066602374847553,0.2757214993175118,0.5729622226896839,0.5118766809476125,59.5807415363929,Developing
0.5279853755636895,0.6128534098836245,0.5373328574361889,0.20520497193653886,0.647275085017389,0.5497812835357945,0.6556007528005633,0.44704140179925816,57.58807505728373,Developing
0.4060269399084655,0.6595691391333096,0.46652382059450814,0.24593200420603176,0.4031342763105226,0.3390867314139442,0.8338478291684124,0.3355747693678217,40.918190664691515,Developing
0.6265458188403495,0.5195757154128579,0.5158329881974977,0.37520893921798965,0.06216655433137665,0.49974199562252974,0.5374891928757589,0.6983697058566882,49.29520217891046,Developing
0.6443728197780255,0.7056917696104217,0.46532340195587907,0.33210673191438705,0.054025731108014854,0.4156974188704524,0.44671057796307934,0.3150423464396467,52.77237353617292,Developing
0.7056941599607841,0.5003099753218949,0.5184845557397124,0.6113443809441624,0.2131499171027843,0.29017400612783156,0.5098565619830427,0.5497328941261785,54.80411197869198,Developing
0.6571182167150502,0.5321868038179025,0.2254836212796907,0.3886938690995576,0.10414787575032114,0.5173293897401878,0.5070799601718549,0.6281711084371119,48.93476009257636,Developing
0.8513327435560074,0.344592081572156,0.3129240018533867,0.4007811216215477,0.30440935851651746,0.6382846174821999,0.6475526392881403,0.6742190124592288,56.82717865746637,Developing
0.4833546970996769,0.5342134067671889,0.3137481670290499,0.32486368159840207,0.3272066025328758,0.3913769665588875,0.6828193972616441,0.39175415095199007,43.1819895688327,Developing
0.5627650474823801,0.4392587893866661,0.2218497289084063,0.649843262693224,0.37977161520127467,0.41685310857216407,0.6958166635243336,0.38505411926524935,49.427281955718925,Developing
0.650318522474092,0.7192156046328153,0.5603960890535606,0.5988997005880464,0.08859493658159681,0.3208217017323248,0.7219180940048798,0.6130722736249066,57.10105032113175,Developing
0.6782303257164987,0.7711212097908096,0.5758298874829265,0.3198447790257534,0.1519192909408407,0.6462628602916094,0.7016772120671879,0.4964714407942348,59.24687643921686,Developing
0.8894183490436922,0.41625522009187205,0.3683279486889084,0.15782314048183926,0.2891099646397768,0.7638264854398233,0.37922307726750476,0.8114158265405743,64.52747878206789,Competitive
0.5938770242695255,0.4981511401239598,0.24106550688428738,0.41237342612642774,0.4280830236586583,0.5708608678816228,0.5733753153026501,0.6277273232554239,47.703421519837924,Developing
0.7544311309964404,0.4843155372719168,0.4520988227440257,0.5630569485774856,0.2036093164612102,0.3436249466559016,0.6356987539544092,0.5656218004623901,52.458934694674674,Developing
0.5291662713677874,0.46245079649262505,0.21514458232342934,0.536353625296982,0.42014091456139824,0.4203559989910481,0.5610531928493626,0.35935400604548123,48.26081311048444,Developing
0.7013484042787235,0.4854039062188821,0.16987132501916774,0.5048135156151417,0.45000113617548304,0.5977848803902182,0.5622028528435825,0.47505384903832304,48.128356577831006,Developing
0.6784207406034463,0.5233572089071757,0.18284415078393376,0.5781449175549083,0.34622541809490587,0.53431229429294,0.5178429529928227,0.6077845453085525,51.418961886134326,Developing
0.8535268045534508,0.3737815763323882,0.6872307655480411,0.7831300524090044,0.4629699988298145,0.5971506642198335,0.6259866843929127,0.7424347565062176,64.91008788761557,Competitive
0.7206991477154986,0.7120081104620236,0.11270408873058728,0.418951882128626,0.07052105142437973,0.5631125650753112,0.6941007957211883,0.6062194751522764,53.106224737692585,Developing
0.609331198314461,0.3787229108383725,0.39755593010736057,0.26720304873380996,0.37579519216363944,0.5016470150252645,0.7661027888060318,0.4513754020469876,46.83525346657903,Developing
0.6683271102050612,0.31935830907484325,0.2518108439539356,0.4401384528964162,0.5474304698909831,0.5305948776525431,0.4899603800439567,0.6005510008895705,54.02889512431661,Developing
0.6624116277452763,0.606608409403421,0.6754960160463875,0.6473048142776157,0.35860967853078457,0.35792487218237096,0.6510003437453016,0.6488864543678161,64.5924597319198,Competitive
0.533675094253863,0.7923053805722063,0.5908514490198895,0.3297605877096388,0.48856819538641816,0.5256839870503084,0.6067942522230391,0.17493751090949045,49.87422214903252,Developing
0.5303323649964448,0.5982193779634537,0.748364081566073,0.3625604656284716,0.27225464117487674,0.5184999269176546,0.4102473102508284,0.6011340698347957,52.28090257759489,Developing
0.6461912338474854,0.3384350179897446,0.20049639568400712,0.2585767664833245,0.143277945893817,0.518194206588996,0.7695709464232082,0.3941802784328341,40.35256354939504,Developing
0.6623286716206764,0.6041400514091171,0.29358567630990645,0.37183632910789544,0.34550987258660937,0.5348889713668079,0.6013310638233638,0.5807366879309757,53.632746922534736,Developing
0.7301820313539835,0.5282244522894249,0.4323597799271301,0.6137082415088224,0.25809200082053513,0.39007152756152635,0.6326711933495018,0.6710829301659219,57.82491057075186,Developing
0.3472468972196274,0.4823954489800447,0.3719367152163036,0.6421292336255503,0.4877674568041489,0.230810819801779,0.6876947117912469,0.2970023675297288,36.11977669989975,Not Ready
0.8639187563026497,0.11905751140471384,0.14676308985642614,0.7242234287981909,0.48078411168776086,0.4734840078188801,0.5024812219917429,0.6791616612718347,61.21355481407364,Competitive
0.7304801278399247,0.3556351120366452,0.5678073626611083,0.11383703054835617,0.7186961791996613,0.7896480779843236,0.4521259122400781,0.5069469574142864,54.93584808319868,Developing
0.48517146861204186,0.3118618404408036,0.3745579878472676,0.5062036513789627,0.16296347592347632,0.38114267583158845,0.702105374177896,0.42956804571340534,38.76869365866446,Not Ready
0.6609266675660475,0.5407291154293592,0.32627556207491726,0.503347818160246,0.36079508544172195,0.5454194325071349,0.7472164569387734,0.5957346898435522,54.604440802470016,Developing
0.6088208163041933,0.6239394462178057,0.2378866674931803,0.38098824510636814,0.1872379195241669,0.41818685075808326,0.6740764182774849,0.506745887370982,53.38455260894439,Developing
0.8782341209186618,0.3299440503980008,0.40652918461267984,0.16579163161881177,0.20346385418063037,0.32603219333830413,0.42157593774834135,0.5275342016058373,49.16949031246802,Developing
0.43081497624138515,0.4445710738080995,0.5039995468149254,0.579215821524853,0.2873481479753465,0.20467099839879888,0.7418197066243832,0.41252861725339496,48.051557817786154,Developing
0.7152769530579417,0.6057563369756156,0.5849145965549378,0.7103671487825318,0.6241133873156717,0.37852683493555395,0.6684144203962437,0.5578595972038343,63.46124359093467,Competitive
0.7308771840522662,0.7968880922214475,0.20879687549658513,0.24779310589475953,0.37607482965789857,0.5329371455525355,0.5475351691730986,0.5762370048473161,51.755345742145906,Developing
0.7855728159155987,0.46214219436688864,0.24386180911956262,0.40178438699403685,0.5459155624318427,0.4952220799051663,0.7256850442527099,0.6426534386108368,54.20479669163483,Developing
0.25385737837721184,0.660657186256328,0.13346685569188899,0.2806487872940044,0.1578541730541336,0.299156128043091,1.0,0.19457945937812315,32.445819870065385,Not Ready
0.7894934551214553,0.4170445108780463,0.21795235052421344,0.8237956837446364,0.16455451108793462,0.48752110369628787,0.4351173637546364,0.4837949942964052,52.72627787087572,Developing
0.679973158182482,0.1196927418326842,0.568750361712759,0.34511357082433425,0.4020519681227441,0.49816908229693707,0.4762126253792149,0.4998749936283983,44.120713187203314,Developing
0.49255971226857714,0.4391353393125751,0.19114419587285444,0.4913283952430879,0.5557322891598212,0.27124852653339127,0.5504423699448907,0.41229994580370777,40.32593503180807,Developing
0.4779833028184733,0.7029781260783092,0.23366223831993138,0.35136892320114493,0.4538180260658205,0.45151569581529744,0.5818316406109607,0.30694122263133283,50.30519458861097,Developing
0.6900137107955515,0.4724715660770341,0.3751432850360112,0.5515371612557938,0.4847853678054337,0.5531157931291905,0.6519644719100198,0.6532547639446431,57.52066673851507,Developing
0.625372959020821,0.5218576443522803,0.12168215812350568,0.4907849956478566,0.32324005302003933,0.3449006616227088,0.5723415715177421,0.6363483136119392,49.60052544144046,Developing
0.6455956723748725,0.5511311636615873,0.25227970806495986,0.11669711603894972,0.08118909471301278,0.4495658538809813,0.6086483232757808,0.6775484767068362,46.48850988029296,Developing
0.7499460967364079,0.8328034048065189,0.4146016576614006,0.3978271105459201,0.2929683844796722,0.4508234810766361,0.5083344537818558,0.7396980665272224,61.97716421255136,Competitive
0.7230520139983395,0.542893786806909,0.6783705725940793,0.373077825854215,0.34590530631837646,0.6482434530434793,0.5078845187312226,0.42922395667330415,57.61194212955286,Developing
0.8344061698321567,0.4405390366924617,0.21679234329646171,0.21631385182617635,0.1376675592371981,0.5152429394429672,0.33570778142115065,0.6742797954378983,55.7611678695949,Developing
0.6239616496991705,0.34428022204268044,0.24663517305258856,0.537005192016263,0.514373049492944,0.5178511571896895,0.6025272445985507,0.5894246584211221,52.84610807354052,Developing
0.8043257620846049,0.4377768981550846,0.32455176959114623,0.33812442346151805,0.5143507748586457,0.5918037700532022,0.4180186320256003,0.6680468079942188,53.07133141387931,Developing
0.47856738489385536,0.19834008071640474,0.7249264082020124,0.26231015940691016,0.3734467479041659,0.275591154979229,0.7076817081891249,0.548089037561592,46.12737239839036,Developing
0.44554784183669105,0.5559945923392042,0.3838711465628598,0.2608015326517833,0.07165752753044018,0.47160218054441677,0.8279345478460026,0.1638397834339476,40.63770795695007,Developing
0.49171975763265563,0.38010672140654767,0.25139440984296013,0.5077865937435121,0.22041578851513724,0.32319411423721467,0.7348509177301085,0.4617051685851637,39.45853392286489,Not Ready
0.810721802247079,0.6042841578135171,0.41808349261342914,0.4909127614441338,0.5847342876156343,0.43495552763026785,0.5370747701245707,0.5319717977662536,66.32463321619997,Competitive
0.5071789865218611,0.25547456648459105,0.43360824677291687,0.7226714221174294,0.3702433250468877,0.3608599183315452,0.8231649008205513,0.4377223251547502,44.467223192941134,Developing
0.5470358579198613,0.4233292285559198,0.6229254489837057,0.5919775530684028,0.2265409915226012,0.3204754738991373,0.8054696648834723,0.173452698628143,54.046135616160434,Developing
0.3366824049277437,0.3178357726113323,0.11543883077412494,0.4217870133823535,0.47139206865671907,0.42737799176200925,0.7064987306527547,0.3282802090647813,29.134299144466873,Not Ready
0.5907104550089134,0.5098061755923112,0.3115845062507922,0.5987595427700905,0.45800708455794337,0.4952177335609501,0.5944834797627169,0.6809806788272452,52.948021818293,Developing
0.621786824682568,0.7910601001762109,0.2840442406332937,0.3184056134604564,0.34789355677734213,0.5564829386387656,0.577187011097759,0.5442487870261884,49.37360382193216,Developing
0.2495677819547965,0.22299657620694704,0.310391419007964,0.41947658820544803,0.405790273997498,0.032954861843185024,0.7426839389531972,0.2536454074281339,24.980765148964746,Not Ready
0.7438254840022188,0.4035582122437121,0.19886208032258418,0.47825812193838585,0.3307576959537902,0.6827348772722743,0.4747569511939191,0.556119025761143,49.148450795601256,Developing
0.7155145019984855,0.402413582889807,0.20860129832609817,0.3735773696445485,0.39795678060889944,0.47657300554424054,0.4222664101521868,0.6710020439404336,50.27516555445205,Developing
0.5812509045256286,0.4544921448323697,0.21692246954328437,0.6250624674172239,0.36631044181433164,0.3188983259124689,0.6985318996910747,0.5258883224603005,49.550897103545665,Developing
0.3635370876656785,0.4081132280438205,0.470249442485054,0.31232892378321286,0.5371542911852802,0.3169955724095432,0.6808939015649951,0.2780491661985886,38.10789727224913,Not Ready
0.6880874244292576,0.39246321091301295,0.457223930064934,0.5724647180165001,0.294571275202451,0.4472361914061857,0.6583285376479173,0.5270623270674768,52.1851075849039,Developing
0.6714259298896211,0.43055993540585025,0.43177488732999547,0.200058227981712,0.2964000513575454,0.4188908972888918,0.6586147682095485,0.622073755057602,47.12905518970253,Developing
0.6949469273269272,0.6590069398192112,0.6347399619691085,0.7264947711527638,0.21694017228092888,0.6088122800071509,0.7235888928206213,0.5341278735687217,70.80847495692916,Competitive
0.7525628078705311,0.21055331077274977,0.7683472201169156,0.4322991443705648,0.2272370121991575,0.3747458320420339,0.493081366318708,0.7422902824387466,56.0802102845731,Developing
0.5280885725085589,0.6052869546258323,0.11867577790462802,0.6843496650200879,0.5795735064926701,0.3088402708327258,0.5993648152157147,0.38880257342867675,43.108297264286634,Developing
0.6219658574033561,0.23270302949037056,0.14133681508823162,0.6646425456199875,0.04798436198626369,0.4768529691794088,0.6527479038040201,0.49264729391914563,44.773379452145804,Developing
0.7146756904869488,0.214015707065716,0.6025012485596005,0.4814444030109612,0.13166712413894144,0.5558280876179797,0.669086404315334,0.6299838429479543,60.992935093395474,Competitive
0.7005806745755883,0.6881998146135089,0.5613286351450102,0.23836924062896814,0.16166262317582755,0.34047874414783486,0.4476132562632713,0.6160228905605526,52.501857272606564,Developing
0.6091490651256123,0.49259365984660747,0.6664225506739233,0.6674768426399537,0.37838010811009215,0.49509712532002836,0.6202923239407666,0.49299500459169576,56.2535923954341,Developing
0.7716827137437907,0.5559030336473408,0.20317945718433142,0.5757678675413965,0.5108045490819662,0.5954893902083636,0.5518881892571283,0.6105377968732294,56.384643040035854,Developing
0.2508596781471967,0.6482841204856241,0.25329116508939636,0.3456473702537538,0.18872592820524053,0.0775836850401681,0.7511308420578053,0.339772506767507,28.629280542524942,Not Ready
0.9110393023402966,0.17042548519703488,0.5259487243983194,0.413684322412826,0.4525016579360249,0.42617671914034594,0.25241403067978907,0.5803891172798111,57.62420798101468,Developing
0.8733913601051575,0.19912662207380308,0.28073211438597,0.48894571325202074,0.37970159376947904,0.4941595431631527,0.45550378582780465,0.8292989172030675,56.39139274807669,Developing
0.7809495783738167,0.2693142119213362,0.5195414077681023,0.33105595594962584,0.4228082812879073,0.6406518571534919,0.4720738602845286,0.4313415654200201,52.90498940952377,Developing
0.7230453375602052,0.6007502043816962,0.3564362492951881,0.3347949039972827,0.2877036044116032,0.49497747185583474,0.47296938831346186,0.6314932463803593,59.708936795599165,Developing
0.7157981241174199,0.3657467641456752,0.4319774955872986,0.5595970314994436,0.30926948317322506,0.41905785659408074,0.6696173078655677,0.5430940917479874,57.182680114234145,Developing
0.45272633228486653,0.5063762848459998,0.6736219966812499,0.31089847640076407,0.32676825367991386,0.4055748333231402,0.9411099685961243,0.29572808206412776,47.070267321357136,Developing
0.7847098931479195,0.5559501476823399,0.13899706720256713,0.6091917591507752,0.3691444863674719,0.49385636106613273,0.490169332929504,0.8547861603004214,59.36458899284917,Developing
0.5802439869555057,0.4815311547675602,0.47531599253298235,0.416692533973538,0.27512757614719563,0.5061452166479288,0.6074435109470389,0.36839626650840984,51.61257950511823,Developing
0.7595091589016314,0.7596148515201459,0.1916162601038048,0.19139807469483802,0.16688349113428944,0.5377542733709977,0.5339513840173515,0.5026115941720989,56.07104539036641,Developing
0.5036772437806688,0.62968171240432,0.23907241113644304,0.46338019912972545,0.36612509593142933,0.18828904065569865,0.6402638947379786,0.3264142471150379,46.1471041392975,Developing
0.6473482877125325,0.6528604959857331,0.3473359037661099,0.6657232628076847,0.33100147077086944,0.5252601672356992,0.536260899861695,0.6845505669482573,59.048155221330255,Developing
0.8008420276560596,0.5255089643065206,0.3835571022734068,0.36324806778306046,0.4282201893074692,0.5790097387868147,0.5571873801610696,0.6662869950793612,60.90355109151159,Competitive
0.7053496969982697,0.7097046361491481,0.13371518372988456,0.4854784937056936,0.3732554499328608,0.5450496228557912,0.5677506057870784,0.5676824009151732,61.39930910394789,Competitive
0.527405282126144,0.674579364428525,0.5300403507199353,0.6997975862648294,0.4046957564450632,0.33087248539168934,0.8210257723303032,0.3385886317517927,53.680644222447306,Developing
0.6356890301975123,0.7355766838331251,0.2933559051108798,0.5867269419289164,0.09677526120839285,0.3595149631830313,0.5196320683729525,0.339098943883297,51.474657487349745,Developing
0.5998255167569709,0.7856858423104416,0.21795861495979943,0.2926713916586029,0.28044501992138837,0.5176411951164455,0.5726510761228079,0.418636336866466,50.07998969306966,Developing
0.695355354374187,0.3069677581452314,0.2993896408616224,0.5454381013320677,0.32673927687091003,0.5330391414365208,0.6821111339738724,0.5296563080455097,49.219064022286254,Developing
0.9505355742203787,0.5671879648625751,0.571563225624101,0.4086372658981834,0.4255639128725754,0.641805731530413,0.47918098513737056,0.7318859599859242,69.47813637596064,Competitive
0.47948409775563355,0.628758422547947,0.574554750852183,0.4573751157959641,0.4300190050354653,0.35449804319544026,0.7176598142434394,0.39038712161957634,50.602684296157875,Developing
0.3824081119186389,0.471757191333436,0.4121720531333551,0.7422664741308207,0.16200909442127628,0.19872471278097215,0.7568015953923166,0.34402002682379484,44.77069844818378,Developing
0.5478877962429165,0.6376756330147866,0.3018083747589675,0.36186208661904795,0.5316160128480639,0.41536965351133004,0.7421120859830462,0.3404094687764314,47.04831784098531,Developing
0.5619479017236749,0.571640458956427,0.08376980152263969,0.5540490442328403,0.5062128618695508,0.4935030358376327,0.6301881954372058,0.47149461218638317,43.67724658479371,Developing
0.6464523905801473,0.5502716552743723,0.1294184604339716,0.40386667587703723,0.2493539351232817,0.7208198352940298,0.4975565105271627,0.4490609016030791,53.402297688800665,Developing
0.8011090160111303,0.34516444974181343,0.23262598647733784,0.5313895256147342,0.3288855276632051,0.5697799099739775,0.6312731394598328,0.618113756096692,55.56260114304838,Developing
0.7598400036425096,0.22923135457738622,0.2892606984732061,0.5012185961763517,0.40170611332616324,0.628057756390065,0.7464797957435457,0.7585651354920055,53.3521779353876,Developing
0.2836780351753922,0.6086070208117932,0.6488021736339531,0.6722443751303041,0.2982078614051174,0.26874560086079957,0.7430124028187084,0.08845498319319628,49.172900655853674,Developing
0.4952168435843543,0.5746225339986543,0.270851635688603,0.5004762918552793,0.0901255541261765,0.38839206816744654,0.7247482193084515,0.5273544850414106,49.783082794967484,Developing
0.3175120527137094,0.4125436068868274,0.32813464203504233,0.47396203142126575,0.14391853194362483,0.18671660683586716,0.8453882197620449,0.36401709035463653,38.82696419364129,Not Ready
0.8329114593923838,0.4198543295088576,0.31300302152197446,0.2879472104890054,0.1852800055677455,0.5061851274322411,0.605566150808258,0.5054688530737022,51.627816043000756,Developing
0.4495834760735662,0.5143568111008345,0.0834307925631482,0.4806372999367895,0.6333509463873095,0.27011972920892197,0.6519909412777696,0.28255590032458466,36.58952427007904,Not Ready
0.7385849452675021,0.7096419125019298,0.4160323813254385,0.41815546084139565,0.5448234231312654,0.5063544774778963,0.7250710413266503,0.5407445847443224,64.26733936635561,Competitive
0.8465298712008743,0.7397349919432983,0.09992935497525869,0.6251730661967464,0.15626384084782727,0.5498822416015633,0.47448103167294614,0.5596608117495316,62.6126652052868,Competitive
0.4518591017673313,0.3354685796188089,0.5532951403565608,0.18412128062839042,0.16589189794617268,0.19314682489271323,0.5344826950116668,0.401047028189925,40.98003481482925,Developing
0.5600209569285515,0.6836800892928901,0.34353638666393144,0.5297632771081346,0.37259338353199284,0.4552845842138247,0.6143108306304297,0.3833787300212321,50.928622487084965,Developing
0.5581981070294476,0.5751183654132631,0.5742145053731658,0.38569589757898165,0.2733894729974605,0.29619418871298053,0.5454861685973602,0.2650563916270353,52.58660378077488,Developing
0.8180199342055201,0.3128248012194063,0.17912990825706748,0.6079779237176467,0.4012540940207012,0.6693901435276264,0.4155780413548364,0.6427690832530227,58.851668670177105,Developing
0.3964949369023314,0.4594343105073393,0.3598753214559667,0.33238608697390043,0.23414430669566927,0.23668781681330334,0.698268953447256,0.29162984265041275,41.83646522479817,Developing
0.8104118380064298,0.3657003847143683,0.230304645144715,0.6798355702756812,0.16805904674549238,0.4430487669272377,0.6279472441701958,0.6109117599668169,54.77010679448316,Developing
0.5674807022618626,0.22800062324456574,0.2922894480440009,0.5937891412194148,0.14583699305445882,0.28862367994450333,0.5462378592265227,0.3078449860024145,42.194374322254475,Developing
0.664826592258313,0.47502596994641805,0.38859437862540236,0.5760077775203121,0.34439364208358947,0.474371247679846,0.7999360444231691,0.5899264126240593,54.385206006204335,Developing
0.9014556428827629,0.47191233687643674,0.7335241292301211,0.2505368098483065,0.47210341059855365,0.6316530147678273,0.45234287988097166,0.6360827260783037,70.65688322889346,Competitive
0.6656640705981038,0.5841111402187241,0.2813267018176471,0.47780188800299705,0.3499148102418572,0.351251424877464,0.7092506875032232,0.5376193907409286,51.0919145343004,Developing
0.503349852130357,0.6966761550029082,0.492654095844619,0.3686768946196325,0.22752082001681084,0.2955877291165933,0.7343923023480857,0.5011276780154813,46.066630846970014,Developing
0.6572049412167423,0.8380772730873653,0.1699389368942879,0.6173666273682803,0.2283388268100157,0.5241819353098321,0.7684073377546307,0.4707399833284726,57.10862119186044,Developing
0.5752536575024969,0.5372996513280902,0.6677770445965588,0.4245773717109087,0.3336009611967436,0.4345750849456117,0.652674311547358,0.6150696182869275,56.03691168763243,Developing
0.593459197032353,0.21725688531002732,0.3068371144069743,0.5376902592776021,0.1305151617004389,0.37513573387501636,0.732747039792211,0.3841663253668778,41.82854904986064,Developing
0.7733545040931441,0.624625861665759,0.30872807327719015,0.30974234794318145,0.51341378066496,0.67600602604697,0.5367852353162731,0.8505275612282492,55.841883818653024,Developing
0.7230052066919213,0.3197038466876545,0.4482824681279392,0.5185349469759445,0.43549275019681666,0.2860674554554121,0.6185224451997612,0.4981385096074074,48.460695658035604,Developing
0.7054572111550154,0.7203117581770733,0.3368843009540719,0.24458976680228559,0.4012426990878141,0.3893600688867018,0.5681875880662088,0.5194002759562404,56.42596830459409,Developing
0.4196962274959305,0.4650472493102567,0.39864545596271095,0.5367826108067427,0.32828120974532365,0.2043895833750088,0.9235406852746205,0.40171211019005054,47.05211650222604,Developing
0.8587399070006799,0.49077289156194454,0.5426651735663066,0.6788917567871664,0.23384724296509707,0.7178208871995351,0.6793708700604011,0.6509172472345641,67.64282938108437,Competitive
0.6402207009160323,0.5946679606826705,0.14271658348886881,0.5692000111696685,0.47117198821438394,0.5225353265118776,0.5717079043157687,0.5724036950269291,53.47696145367147,Developing
0.7415384571917105,0.7198033275911708,0.19290862456334584,0.6768903280847713,0.14502985764637183,0.7649415814723624,0.6328740553257354,0.5614410005166705,65.73070153939904,Competitive
0.4539650425624749,0.6077566111346359,0.16777589215328229,0.6109144302297134,0.2552324128376038,0.37306072744756247,0.7471547457584676,0.37901517131895024,42.73795250832185,Developing
0.8808732382648412,0.16707305107121495,0.5703336309623254,0.7353857770723452,0.40135407389689065,0.6138232624944813,0.36762306847205356,0.6896391164090626,64.66543546305184,Competitive
0.6151493271597802,0.3752754068983456,0.5174603069920138,0.3066751979851776,0.12735821318871623,0.6472743544677297,0.7593057659220114,0.579816882763053,50.76185707556911,Developing
0.799232370168331,0.8350586957655288,0.30046111105113604,0.16970562423867172,0.5978276050599313,0.4652361531846022,0.49496304423240756,0.5106124454142725,61.89380777760431,Competitive
0.6449515150541647,0.3055915277526948,0.7407771982245914,0.37745063532168294,0.29474261519048073,0.37596810210924236,0.4765967246445939,0.49415054638259964,50.15411370352615,Developing
0.42251874159138214,0.40370784382434116,0.6369817828966162,0.47377817652487136,0.6821936814542454,0.16054922100165808,0.5854766326161729,0.3510220486104434,41.63872503743675,Developing
0.7396130541148596,0.8366384950512605,0.5781052053129024,0.5530012179780303,0.39093436609483734,0.5926826397750482,0.6530419767912271,0.6790988285880994,67.88412511019413,Competitive
0.3994255544173918,0.6137762514140404,0.6530093694647933,0.21807891616746763,0.3319007695968138,0.2925156583878963,0.7375814778459142,0.1760425395166694,45.510245229657336,Developing
0.6678355517714244,0.44430289528392675,0.4085598534934706,0.7723145767781835,0.3854739729494254,0.45508498008318526,0.5620183210345298,0.6258398115575752,56.12258513366523,Developing
0.7887805126793197,0.5171004131573103,0.5017039266929447,0.38999120647767604,0.4174124284782906,0.5626516897109973,0.612610621078601,0.6548097059564418,56.38246058927504,Developing
0.3836956973722232,0.46137824311671083,0.28430982331571586,0.18252279511010008,0.04517019948575761,0.2730735479501272,0.7503868704704306,0.19241275536684072,31.852123203861005,Not Ready
0.5200969814450959,0.9038036664509067,0.2811944662359249,0.5312937672379138,0.20761974759826266,0.20645454258251286,0.760746150330927,0.4739095185652676,47.81546198633091,Developing
0.8747206312829366,0.5829423230690108,0.2839439991431052,0.5085481697310579,0.36347488500184366,0.7580387142715911,0.6594316625272632,0.651844042417068,65.28080355244386,Competitive
0.5856319490772306,0.6793319648966364,0.5880271051883976,0.21892265092594868,0.32635407404006506,0.3480272256082461,0.6582573654694408,0.679947448270475,51.82824368164379,Developing
0.7788040206467817,0.6899961975981713,0.22220547125475032,0.28828643051897074,0.5029173271170028,0.5919078697971386,0.47501799675228007,0.6039367542398562,63.76561224639053,Competitive
0.7749688489456709,0.33572645985820593,0.12931304998031107,0.7634720621101713,0.3233268667929615,0.4727358537486279,0.5748446500014224,0.7560743954907326,55.962379099778154,Developing
0.8739956363560889,0.39281575204924846,0.3219941300885526,0.5828900008928454,0.3804769490623665,0.5665315963403873,0.28237099015411404,0.8558237442750115,63.29565063237089,Competitive
0.6631126465683075,0.4659582726210573,0.2339758706035467,0.48119897595962724,0.39524010609593335,0.43177797076958035,0.702450411756145,0.45408921467486113,49.58865856965395,Developing
0.6953529000588023,0.7170312502278711,0.46764046546942684,0.5475802995519591,0.29966147118950026,0.4958416040644338,0.5381045359892414,0.5872403573506503,61.35945170111452,Competitive
0.4691036862501129,0.6239193487109136,0.49014747573102646,0.5228953240377828,0.31035055764168656,0.42448434866765866,0.9072206059119103,0.5653637826670832,51.63215676498864,Developing
0.8092763131802932,0.42778685160220115,0.4740012268897149,0.628655768407769,0.14600735986953628,0.5162955504902255,0.5745388342559656,0.8396294138755396,61.62749377256615,Competitive
0.7797922544525553,0.42240037193343005,0.18693248089663222,0.3299511334731277,0.539743693251991,0.5049856894288952,0.42191062106570054,0.5496026772073371,56.08163413615428,Developing
0.6098641608266545,0.7062118537784491,0.16309980776100166,0.26277683109255645,0.19392706311102,0.37938970847442666,0.7511067247632718,0.6053742018124101,53.664579148708846,Developing
0.7974972258245518,0.5009484852520185,0.5327177755929763,0.22180217579026418,0.534354181063081,0.4875497602513857,0.7323514379574394,0.6586927394804774,62.24871479657497,Competitive
0.8188949151552989,0.5032503284297702,0.1461596282913846,0.23739288987442972,0.39810875205973684,0.6117345265555723,0.6706998919668801,0.5672635068706138,55.16346312165133,Developing
0.6595086909861169,0.5401203616511807,0.13136939460093092,0.5321071229150472,0.38808388480924877,0.5948198466186871,0.522408171906291,0.43990081305908096,48.670460845730815,Developing
0.6919779047169721,0.8296325293325244,0.590025578016265,0.37312685131287526,0.2214528702995121,0.5281477035544592,0.40091625594616553,0.6608197787954246,62.54504650360223,Competitive
0.5874139769200432,0.6262760183111173,0.3728609546394007,0.3271823645627536,0.11981310595597071,0.39347316719815095,0.8561029349608473,0.6069735267514937,47.78022044555247,Developing
0.6738255610907167,0.4805222345935697,0.26182719245262864,0.35369097388874865,0.6211586343607657,0.6479835087694795,0.5154779323754919,0.6894913935134819,55.08973287069679,Developing
0.3424592136603663,0.21198722140011103,0.5439965480701225,0.4134154211729602,0.12063113734385984,0.17163701402887913,0.8529563877452252,0.28814249575451506,33.99292146977802,Not Ready
0.6294761404255222,0.23695122031707716,0.3979461510209358,0.39615734729466384,0.34136631538179674,0.45357402072304653,0.538845931617769,0.4937185243590588,43.55485364364273,Developing
0.2817907699301525,0.3703476683852642,0.09814469521349915,0.40257006957831387,0.49553685161140765,0.3500303709605358,0.8869966195100287,0.26473703583667363,33.66757733090299,Not Ready
0.4835136907205423,0.22574624524603298,0.453306684970077,0.22700835113050047,0.3359428210154228,0.21257937058311563,0.6069486402276767,0.2559763602376125,34.449402796262625,Not Ready
0.8986512375336317,0.419101790300356,0.3392635981646447,0.20427641392321247,0.08879168781438186,0.6099206411706852,0.48638443770361434,0.7214334594476595,56.404097522044914,Developing
0.5633660892448217,0.46827415266831285,0.28994969432808626,0.23048887742088506,0.30792874380992147,0.4372975794845394,0.8080173042038047,0.612331711273709,45.514206174840275,Developing
0.7254487860508559,0.46802537992361826,0.5753941549268674,0.32264513272927403,0.18109581189312215,0.5379772038106352,0.6523655408041302,0.5916717300182728,57.437731367042765,Developing
0.6041335235790722,0.5550611925528207,0.10809775348868214,0.4565688229840649,0.2501441188467254,0.38411373556108946,0.7154822854428765,0.5842733395430622,53.054866358671376,Developing
0.7568607146141897,0.4136495502598136,0.5362609698649488,0.4130011188476363,0.2686229012625511,0.697406894392633,0.6495556395794341,0.66393383694016,64.7241872105156,Competitive
0.7351878991412806,0.33490550386720197,0.23786671633506914,0.607560465190248,0.18707070212265467,0.4693560225370873,0.49590359845925486,0.4495554350143852,48.981869694283894,Developing
0.792355537813986,0.5774294928816733,0.148494143839594,0.4089522934304226,0.7265328576951877,0.48359494934051767,0.6004252968170323,0.7040975626007182,55.34508194228915,Developing
0.3142574833117618,0.19827101403013594,0.426236694435346,0.2982962203739921,0.3171059307236138,0.20459702763337756,0.8165145461212341,0.31436660503503666,33.55411664866606,Not Ready
0.5558951872898394,0.729947078178863,0.18596966142521495,0.21600156068363266,0.2883514672965075,0.2811792554083649,0.6426984931847506,0.47275576840772676,45.83901084143304,Developing
0.7820767827677568,0.2495692311563269,0.18138149787836053,0.4911098360030461,0.29421507034639655,0.3840178892771553,0.4142167312395858,0.6442628074635143,47.27915291205444,Developing
0.42499570573521767,0.5750767484639399,0.4923036427792035,0.506634848817019,0.15548490747083576,0.3770038298595008,0.8862703517682358,0.3776905328983803,41.187358584636215,Developing
0.6125130372405261,0.6298957521320487,0.23634337496778274,0.4554887428887927,0.4752653464498801,0.43469094915268636,0.6915965694853065,0.4189422165306607,49.420842822207646,Developing
0.4330037724598626,0.6458865901903164,0.30899700174011074,0.3912384155151691,0.19792273246997036,0.25701115161390625,0.7492931949145771,0.27691918277006033,42.768961401825266,Developing
0.7564038665952161,0.4643414571454349,0.1298799806766431,0.526378874950288,0.30886362263570405,0.6349675822775368,0.43510446303786343,0.49095602596748006,50.53253763582527,Developing
0.5503079212483032,0.46023451298816903,0.4942417457039624,0.6313930567916546,0.40405612452809025,0.40248414224530005,0.7274002707012193,0.3903502124400183,52.122611800636975,Developing
0.11439617234443221,0.40552839808607877,0.32529442413522,0.5171565670280032,0.4966629864936452,0.05386473495860493,0.9418681856554033,0.017148689224457364,26.186744484044493,Not Ready
0.7853365431317499,0.16806802702157062,0.5285236007695719,0.4944865176094695,0.5119665896031372,0.46870388241727046,0.5475761198684459,0.557550317516317,56.820876557815566,Developing
0.8654742013623694,0.6545954658117379,0.3867044115051992,0.16380424941168897,0.33023313525426184,0.5718021152229759,0.5086340715979134,0.6992313144637137,66.45945275292974,Competitive
0.5037432933776916,0.49663027894920736,0.38949464923865146,0.5707213269507996,0.3738037285627714,0.32964321808908964,0.49953830379192177,0.30876606693444036,44.967111242696056,Developing
0.7258653227510272,0.6279843913870866,0.2917373013832965,0.5163264779442669,0.2124733030453774,0.6025687746502548,0.4316250487626997,0.7652734542220089,59.874320006450425,Developing
0.40028651586807695,0.37444852434728987,0.29378514037154985,0.21247302312127536,0.13344748019755612,0.21866383640368597,0.6861230720265163,0.21061832699572114,36.141208494596356,Not Ready
0.5089575901586693,0.43632946594411537,0.23401159671224236,0.21704447736259527,0.29558309567815716,0.378707883139629,0.5862899870393622,0.4058612799125437,36.896282572470874,Not Ready
0.6841263466865606,0.4197773913894227,0.410100970718779,0.4666360124190459,0.5819808229478195,0.46450597379917047,0.5700989230097934,0.6353650946966494,52.73512585839441,Developing
0.5137748399035137,0.4061374664988611,0.2836449717736414,0.3238680931163238,0.4483341140650633,0.29963250129293806,0.776405042552389,0.44275892335596656,43.56961502813034,Developing
0.6961273921495958,0.6676212454874914,0.2516262963537572,0.4478086186217785,0.2210750450427733,0.515828599228559,0.5145253725143308,0.5243594223568477,56.02397803867464,Developing
0.4230671900066584,0.4449106629598024,0.3785319203837623,0.6275416597276388,0.19880795089795902,0.33070834714559905,0.923284157243346,0.3657701746305243,38.9521124381064,Not Ready
0.8322041292317751,0.6778607106079858,0.6393461911071775,0.533090606949346,0.28149841080749527,0.5224820499347995,0.36500449289372094,0.7812813879581694,67.36651967054905,Competitive
0.5146928408596518,0.3935345689933047,0.24099291669971837,0.1623184844416975,0.37534188179266553,0.31251036462530335,0.7766400624483949,0.41857999081477665,35.846445285170596,Not Ready
0.45544858278837186,0.6595165162687399,0.269262694503167,0.6050959480784722,0.3318638374908902,0.23923624588858763,0.8561874417234128,0.36897919808788154,42.534099542632426,Developing
0.5045702256612974,0.5004688928372784,0.3018977648042775,0.31986454196361047,0.3884888549886022,0.45900951246476634,0.7809531807956958,0.6084681491693813,44.68430491162698,Developing
0.572935750490404,0.6513712910197671,0.594374286349551,0.4492504426734517,0.1918023911979306,0.5415960341189798,0.5880205362938709,0.6940907942089052,55.77461079805887,Developing
0.5468550572988575,0.2729426651703267,0.19013555998399692,0.32081825437416145,0.44908298095264954,0.35290685725645565,0.5400626106272501,0.4473148298700028,43.671971930084474,Developing
0.7197405683166505,0.45802675516213515,0.12338733031732291,0.20436055465015865,0.4248756661388193,0.5753367484812776,0.42183680243464805,0.665714256404206,49.48284171282414,Developing
0.7093151081113431,0.425671971649544,0.7122052572472962,0.6563332661322566,0.336109504501359,0.42040199499530356,0.5712735969096907,0.6094313185277959,61.64560695212549,Competitive
0.48517875490631224,0.5178947730643653,0.7119185770733701,0.6049190051979491,0.33949403968420666,0.31459795877129876,0.8821776120158891,0.4285578871902158,49.27925386554908,Developing
0.583991585137985,0.733775082112739,0.5072618821231989,0.2308917461035648,0.4353449017211727,0.4853095266758593,0.6187235220110666,0.5169383278350114,52.20650626509807,Developing
0.8626375990603672,0.4373925115123675,0.5959126021004301,0.3434652048588034,0.3404141863489703,0.5559127807414571,0.44409439445603305,0.7623766148948631,61.52793155990809,Competitive
0.7804025039249515,0.6139831565154432,0.44730302842305214,0.22086451487062267,0.38981734756018116,0.5117059968487478,0.35597310796997583,0.5123527146639604,56.00015228359764,Developing
0.3210807743054783,0.3368115263886223,0.4503118199248569,0.5136516328502567,0.7451415352930745,0.1278137865558584,0.7167994702399592,0.21861912544651663,40.491237058633565,Developing
0.33189303591478286,0.5224745856834421,0.4268552951902918,0.3037612165641504,0.2696551180891178,0.18829144679993262,0.9419021465278292,0.19899487204702276,39.779368964421955,Not Ready
0.5196476776646539,0.6365533436679537,0.41034140236590305,0.40802026755844073,0.24361162171271475,0.41779934095148935,0.8400251409502735,0.3899293391327488,53.02849033103769,Developing
0.6309663090100504,0.4400934464558012,0.6495837878826136,0.7453154532525065,0.37607552026770114,0.49683029522361144,0.522526318315206,0.5420000278823869,56.779817571335016,Developing
0.5354319477008633,0.6405734023512585,0.4861504908295689,0.22380314631169182,0.5200056412545557,0.3150443399433864,0.8114732679949667,0.47980699245312314,46.34450504372078,Developing
0.4349574251521214,0.39192504343046813,0.5230241465759959,0.5862636984174784,0.43837030618957396,0.19632395977217865,0.5793268281123803,0.2747992960120299,49.251827166328425,Developing
0.3524719145171185,0.5005725595981483,0.17488235122433032,0.3709537754064829,0.41831645673935586,0.30850618041437794,0.6959395857983578,0.21795175238859466,33.75061184037528,Not Ready
0.7733782201703159,0.6875280786653839,0.39585861863692323,0.3515873167766058,0.4140786544798632,0.3673901689411912,0.5947592650253352,0.568561971988421,54.488242665452994,Developing
0.6810761076631047,0.6065497488753808,0.28195240353255757,0.3881614159321083,0.11976444755330029,0.5647842851687233,0.5968951130027244,0.39293257781434265,50.9766497638953,Developing
0.7170346650279537,0.4225858429402333,0.6092884486194292,0.4278159377613366,0.0971690149089577,0.6576952510009879,0.7198261712278304,0.4885113825924715,59.61406935259777,Developing
0.4969220865558776,0.26190515692944294,0.38073497074105433,0.348432872291623,0.3456912475426273,0.45538313154596843,0.7139423017368496,0.395237398473961,44.620486782002324,Developing
0.8571922563744927,0.8795090396272671,0.35623053056587417,0.46223685472938764,0.198321356971069,0.6519386668327887,0.5571274583249111,0.6638936499256882,68.32939215693554,Competitive
0.5736143677808924,0.6982947742872955,0.4304288257838135,0.6093942492697157,0.33188470003521975,0.4295900756737204,0.649540849054923,0.39750544585729264,56.141558822817075,Developing
0.6974555815185988,0.5112181362320404,0.4665474975736949,0.4314404044761133,0.09931609554341458,0.4559752115330354,0.6379929243318515,0.7034569085679713,58.561065693481844,Developing
0.5488907339367214,0.7113191841159902,0.2764037688985629,0.630394226549881,0.48519432258809536,0.3281888460666621,0.6408516502132751,0.5426944755001031,50.3053324263938,Developing
0.6460958455370103,0.4305483139559413,0.40750520251779593,0.5067190597275479,0.3519032417780803,0.4283326566016513,0.5083657921369349,0.5413357497332468,51.247351208209345,Developing
0.8524860192769909,0.469661699863867,0.2857155649919608,0.4005924303275402,0.3570231762312349,0.47297161472601806,0.6249658618867283,0.8827580769584514,62.75171724158986,Competitive
0.6714413872599969,0.6282697282262183,0.6598039233248641,0.2938896952890668,0.3466135488296413,0.28276283093596233,0.7054209954932122,0.2347492408549774,55.08199300289827,Developing
0.6842543512915615,0.5672575545096228,0.24327421385557135,0.24148316100868616,0.2594994977352978,0.40106163777344,0.43537015617564717,0.43280318148804225,49.13608117299234,Developing
0.46893818833483797,0.41767249385042926,0.2535683243545532,0.36694818837295223,0.37740584998348603,0.3087537513643699,0.6069113576023266,0.1700076923228574,48.3675780715204,Developing
0.829715548900586,0.821864205185002,0.4400521676734128,0.26910359305456794,0.3955274280307971,0.4994422776028822,0.6756808238772115,0.7158842186241432,66.93290429723234,Competitive
0.6938373306129262,0.42396856799109567,0.3411985131292028,0.570199711803612,0.20069467412083583,0.4677982156370878,0.663979946445602,0.5593276188327719,51.08335571299811,Developing
0.5119155897840143,0.8061208696423032,0.37032471663473204,0.6966227875746364,0.1472661308186416,0.37771113005274,0.39434144659240516,0.504373055909264,55.741262682106765,Developing
0.5879858212954335,0.6589437931171982,0.5537705838703257,0.577871312373725,0.46553482888712633,0.564638731531248,0.536303026341217,0.3508812089204618,57.28296866633116,Developing
0.7344244995080531,0.5471030145722925,0.7201846079511659,0.35021061776598505,0.3002158776445704,0.49405886562614815,0.5978240032829083,0.6495312370832327,63.55632703227517,Competitive
0.7935762634718604,0.6441715257494036,0.2642860116680603,0.5871935553397992,0.4570198564396381,0.5462333012756795,0.5234022711588556,0.659302683359811,56.30319995617576,Developing
0.8018492351578147,0.6298020484530247,0.12580368781721896,0.32856008599989844,0.06837965570339569,0.46257404063407986,0.632585948586261,0.6282635248653868,52.68055261603723,Developing
0.4539688008321873,0.5530643647911522,0.32731421999609167,0.23772221565809287,0.30402951607291195,0.31897408036853875,0.6304161331819598,0.3477706671090194,45.38872631841226,Developing
0.6211822961770381,0.4308488912183393,0.4577142876596136,0.28403934526048297,0.3274739665580163,0.4947509690900555,0.6089879163068662,0.453642030226455,46.21025274697615,Developing
0.6769837151184329,0.594501227961477,0.46888052302558514,0.6498221340945127,0.28956010795125814,0.5444933668646981,0.6921911104149416,0.33189310743216394,58.358921526526686,Developing
0.4976489387040418,0.758021129792781,0.09772512587203397,0.4733210759968892,0.25205544143088116,0.3368539657484295,0.79601438555427,0.3926966245421945,46.727755570074805,Developing
0.7627474641894781,0.35533565062440725,0.410135109248499,0.36437716610942406,0.25201661865887126,0.5084497590664784,0.6030293105716319,0.6700285275415504,48.89458565080027,Developing
0.8632696201007121,0.6607338967581707,0.6761012877561832,0.30688158341264343,0.25789664059132356,0.536207832321727,0.39777209810900727,0.9511508411694487,67.78044661766171,Competitive
0.5506942433336912,0.3816423110004808,0.19473702375033322,0.7108553863801939,0.3468301231129275,0.3937861384721498,0.6662270027973994,0.5838232010092873,47.532970416983986,Developing
0.48940319519012876,0.483647415587222,0.7963364831775864,0.2778143306570372,0.35682766130942,0.444087829346348,0.7734363137493767,0.35172127104783757,53.101918795213905,Developing
0.6954348053891806,0.8990507359249869,0.3208474745493274,0.7864106105138383,0.25719916258762854,0.578384761709411,0.6436737004528987,0.6429089063969267,61.67770451203793,Competitive
0.6166817434096707,0.7164856076228068,0.35008340862413706,0.4565225989359494,0.07224925246565675,0.47492123884054926,0.5844400238004661,0.6269647316599958,55.91926058115125,Developing
0.44537774521650325,0.3038702506311404,0.32611727915712063,0.4264140404105756,0.3525808334545619,0.34140055797375785,0.8022273861108348,0.49948299253963835,40.076144207469994,Developing
0.5121692393959124,0.6124574058841313,0.47570043670802625,0.43078401043936965,0.1421538199130165,0.3702735119614227,0.5676055036400313,0.40555778260774333,45.543212819329305,Developing
0.593836988544258,0.24931684092182207,0.6255730149235524,0.11914494406870915,0.23225128735269815,0.3069776424286939,0.7469600202564676,0.43642893317491527,49.08742763809325,Developing
0.4490164136372817,0.722552950633053,0.6218850149487919,0.4525380531170663,0.2942330794638507,0.42910085699980904,0.7963908490393345,0.4051727065631292,53.88948265785707,Developing
0.6053684965687743,0.24029221956889413,0.2677118133470152,0.5087941625871043,0.1803380709630538,0.4952318445277449,0.6669284585858446,0.4186827973291768,43.152261363793855,Developing
0.5558373743249134,0.16871305492584762,0.1500455462870966,0.24668147514604816,0.12955947165109932,0.25339892841723227,0.6122958508778616,0.43143376629395513,31.858862946818938,Not Ready
0.53333088668361,0.6199448252171387,0.16462351270384606,0.8403025347144879,0.29478890894799875,0.35048639943802895,0.5893978153909862,0.41639816883704384,47.88703214955929,Developing
0.4563590315019276,0.38180129317951905,0.31677100906792105,0.5705543665135615,0.141601125828601,0.23922914126564804,0.8299228014668775,0.30938553818590747,43.749724417606004,Developing
0.4015667331469263,0.7352110639444135,0.16106557024882867,0.2517208801395497,0.261538874112803,0.48230006045776413,0.7474001394605864,0.4245822653762458,45.22206335374893,Developing
0.6416349537550383,0.42300250994548255,0.4799399298703072,0.3399975014396703,0.5791330402282234,0.32117571371423004,0.5569865285780289,0.45480023258813007,47.129811706525,Developing
0.865347644398549,0.6630875072608026,0.5095712562688444,0.5541498705812645,0.4385510143099595,0.619311964066217,0.46384384379712484,0.7808207361698278,64.47900113683599,Competitive
0.20920316856336824,0.5927056771320977,0.5282903730558668,0.5280300464324597,0.21153049286013262,0.2079955087651867,0.827086047210609,0.09573794053635436,38.747568856633514,Not Ready
0.6052791597666983,0.28692437633759216,0.7810863227732306,0.27594832811257186,0.3794960094595201,0.30249835267015635,0.57396801253249,0.5342003289758598,56.34081426158839,Developing
0.6240364067610005,0.7704086900629734,0.4061001199439301,0.4526399405783555,0.30026791841716993,0.5450017363486568,0.7034317641391665,0.31539122387624424,54.970073654134616,Developing
0.6694891818788012,0.4676242142300809,0.6757467986838684,0.3966581640610105,0.3424242464987859,0.381703231457065,0.7028044192435291,0.5144796259288278,61.0880043475445,Competitive
0.47776644415184877,0.5461367263328427,0.35543147830709687,0.550468165507293,0.46470724316259165,0.24256665712642475,0.8245972116477842,0.4044572867696139,48.212696926167105,Developing
0.5948519620151851,0.489247090069398,0.547493368020653,0.21682152843052127,0.3760822546266944,0.4867329548328182,0.7038706112729012,0.6060389091435672,45.6724790522523,Developing
0.699461653506124,0.7641763737896965,0.43904008558117186,0.5028938455262822,0.2865075836542237,0.4742588098718847,0.5025170444943737,0.47240819154393765,55.166826721301184,Developing
0.7760537539166362,0.7561554939616038,0.3577506002062032,0.6529079446966001,0.3671038700289124,0.4321445237708484,0.49093559171160556,0.5915850015343898,61.427890204681674,Competitive
0.5816179052681036,0.3136083186207243,0.39880304427494123,0.3409495020731125,0.16302604608171486,0.30668650862885294,0.7594960900831309,0.5049359376409077,47.66291470482568,Developing
0.7520728799741879,0.35987073616686255,0.2892783874669345,0.3590639992434465,0.3734240385380175,0.4137459282502953,0.7100908278604171,0.71143794449824,54.04199896356205,Developing
0.7170496091657904,0.30814457711745985,0.5813037038306108,0.611106945943215,0.2621661162942558,0.4279976327923287,0.6640896844956926,0.5825918528641434,59.724543289094335,Developing
0.7331980992498504,0.19810572729021167,0.4700900373964845,0.49836178279172266,0.12300252684863305,0.4477548217391772,0.55032215894161,0.5508859869852856,49.10109667063264,Developing
0.5670445400698918,0.3333415775026397,0.3167410071676489,0.5784963162582694,0.4562514746646647,0.5512993679055218,0.7698671176841777,0.40543287638674397,47.39297323498054,Developing
0.38763610308120855,0.267102228028576,0.18814262190008874,0.21121836108029857,0.27272353208127004,0.45177333758770927,0.5882275702341461,0.17435374404846343,32.64729346279384,Not Ready
0.8010724304448281,0.6065547998972524,0.11282214182458435,0.4802266243119544,0.055223630844911754,0.5339688916529812,0.45270197397075485,0.5446685545148352,52.988756508540014,Developing
0.42005371812163,0.16149383406200088,0.13254607144237784,0.479597618861912,0.19745871469330475,0.1850964165502117,0.7893073246597672,0.4828280552979958,34.76130261115914,Not Ready
0.6533641704592342,0.3164541424134683,0.30582914983356785,0.29551559509134545,0.39559638056992164,0.6288750588744644,0.4715954577801409,0.4275881903907235,47.015419754340165,Developing
0.788797991267786,0.46576110801785175,0.09704042606811243,0.150778013589001,0.16545473623714255,0.6206873153365408,0.6001245563320177,0.6925641955600568,52.40714551641142,Developing
0.5740143719623191,0.5523990874250311,0.24201183546905317,0.5173132194982399,0.5532428235483801,0.45282681787043916,0.6490735554439644,0.3199426990010863,51.49989930251178,Developing
0.8441720663482161,0.39983413742704477,0.4402647464279776,0.6534804169688527,0.4328545383937599,0.5243450189770169,0.5970620194175617,0.5300627184444145,63.75538536424824,Competitive
0.5359324673832514,0.35985843157842684,0.3654246143978045,0.5798546656580427,0.23833694825060123,0.36578176872931384,0.7017348945856385,0.48228133761309605,46.755745829947614,Developing
0.690496023873535,0.5600318346614988,0.17855985446608594,0.2674880066138226,0.3901850989277573,0.4005937854077639,0.592781331196916,0.536879996320195,48.093211961724776,Developing
0.5477570566849563,0.5117225026762148,0.2832725357476723,0.5287249788632027,0.46824527655260983,0.34132715886422466,0.7025799404454415,0.4120217209841258,49.786328670219376,Developing
0.6927566816782118,0.6504862488511537,0.5522174071827981,0.49291976400103654,0.5322513837829508,0.6717461723086926,0.7079870673697498,0.42727175090477465,53.172919960842236,Developing
0.45142674140640776,0.4984781644076051,0.19203105308601037,0.29221791726514046,0.4457577626030241,0.4425699856681268,0.7766512219171656,0.4386473766299249,39.907187300652375,Not Ready
0.7043161645066407,0.4722459762510072,0.7399290360287363,0.5726136406053485,0.30153841381089824,0.34741744672773944,0.6595445180604147,0.5527006215624987,56.05707028124107,Developing
0.5698845694335969,0.48613650114388696,0.2431971008153461,0.31465678948471854,0.24597920487204464,0.4350581725270292,0.6648681171828872,0.5049450169797821,45.89399011223004,Developing
0.7262990196695194,0.25133671074028757,0.27398041082839847,0.3322987696911298,0.19135973373331563,0.42779519395756355,0.5659980697956123,0.5540444641692932,46.878584035232315,Developing
0.4864182803307387,0.5300710258983906,0.3129295482044713,0.21348131908569262,0.3101487874319457,0.23349986269650863,0.7089630062724717,0.4600073038750828,45.093780758209974,Developing
0.7704986324143824,0.6313825428452778,0.31885440524526515,0.6724562196310441,0.26137712589594714,0.5164316889181644,0.6353405233942145,0.6867015603194285,58.9207070890497,Developing
0.43305718794653836,0.46167280232883173,0.5234551387093715,0.7584582103493397,0.36045821277912726,0.1863123613697969,0.6522817209984548,0.46646734011471624,50.67131951070451,Developing
0.8811226319747506,0.40083127188768347,0.31979279241721265,0.43899425673064163,0.36823023953037615,0.7094320477087878,0.3742553519309215,0.6317227693726768,58.53655582574605,Developing
0.6057510576865007,0.1862964388308791,0.6313751550217719,0.5311497032565615,0.29597952436233504,0.48641134185948653,0.4902148184382905,0.4678323068844174,51.659039619396175,Developing
0.598782570886582,0.4807743350575169,0.6103505069711869,0.37032665777434376,0.3308832052948932,0.3444748177676614,0.7084356143694713,0.41207081060764017,52.957501210162334,Developing
0.5209362402087581,0.74098036433033,0.4848118155445496,0.5083452901794483,0.6166279850184075,0.5837463925107074,0.6241159024073293,0.4348225904567712,57.250101769273144,Developing
0.6229453516474635,0.3197828748238034,0.5492608067165604,0.7121401448333239,0.31242768670804105,0.552556683870334,0.7736370435277983,0.4900873735561652,53.48785380905058,Developing
0.44151346434607264,0.46324425076418113,0.30739458620621485,0.612464172406339,0.5469609230143025,0.24418545953144222,0.744873796313827,0.4065840391651185,46.32710114057571,Developing
0.6641925110375958,0.4538198703192615,0.3223857460390765,0.41916785417978897,0.5747704597185813,0.7266068388865288,0.566620755152576,0.43771196466895124,54.38666165470224,Developing
0.6113443308209368,0.34507829662917006,0.4431052321308138,0.17969503173547038,0.20853270045548294,0.4020962878378638,0.5443517486277084,0.4219911574287897,41.23107566798624,Developing
0.6527045188499573,0.1326754445570118,0.44330341777316096,0.49315007966328106,0.10073348808349646,0.33130901909884175,0.6311759014302275,0.5425642557721657,45.498423711841866,Developing
0.550006647971098,0.5291799922002387,0.388883613272111,0.5913680803909591,0.44597189205079824,0.2835838768196067,0.7404841332073158,0.3983009720924425,55.30219683365869,Developing
0.7520571797008974,0.5124886690594851,0.5254897905914394,0.5924345391351011,0.4932357067888341,0.5375005526888695,0.5971883727782857,0.5995748484759454,58.216778345573495,Developing
0.8960805127405228,0.40281414215280636,0.593582454645231,0.3056831921533235,0.5824777323484802,0.65222719966485,0.35589235920311857,0.741695312299766,57.10803594786893,Developing
0.6223809490542911,0.5442906701849773,0.22546749879316122,0.29274034346259964,0.2619602029292851,0.42573593777312085,0.7801808689259498,0.48360718761402144,47.672972274794596,Developing
0.6932588157119172,0.1257304928513962,0.418177596479333,0.5880658522496537,0.6015484597665365,0.42217075220586725,0.7201712315247792,0.7427942655336081,53.88232136253392,Developing
0.5257523198948079,0.5397951286853164,0.2575195558700828,0.4411436285388217,0.37414027965239055,0.5456686160277135,0.8107262051713336,0.24863383835966682,55.554856112924384,Developing
0.5802617846348244,0.40957819409156826,0.2148509283240788,0.5739387400132742,0.49124428076967624,0.3676737917315238,0.5209345768195629,0.3448396359254706,45.87441924034653,Developing
0.6118849910518525,0.7422422540457158,0.41623283800105254,0.21451881000194703,0.48052613942588035,0.39191278681234243,0.7019230471351567,0.5154219667692064,51.79607203074137,Developing
0.8051757176769707,0.4822187380928404,0.5246314716333171,0.37694662215957375,0.25239087010370465,0.33529064637840555,0.6025064690167088,0.6834497182737301,56.58335902921199,Developing
0.5883640477748884,0.4756853680503193,0.672258091510194,0.3758171754275614,0.4581826803004615,0.28408435862164816,0.6630074074344691,0.35089967304490377,51.192836428548546,Developing
0.31983473478111557,0.2805303408270256,0.47532746108598073,0.36350368955833134,0.265855882142483,0.3715683187940626,0.7961694185535597,0.1992020571393774,35.59580214536903,Not Ready
0.5127362909779021,0.6228850458697692,0.38724725224728956,0.41166703202981164,0.2912864882260936,0.292928280963959,0.8876411986534336,0.4277712106690995,50.115069518399494,Developing
0.9390049952678862,0.8594453747156819,0.3891056858625265,0.3272809076034007,0.37304779901571694,0.7765702660449566,0.5675913457722388,0.8463416806018049,74.10989344296914,Competitive
0.7629424110546317,0.7824844359849727,0.1657022236814371,0.6809606554005643,0.1938041866717933,0.46807776715170313,0.6112400453115229,0.6347172947525994,63.19872493406218,Competitive
0.35354227593175036,0.4335586636132088,0.19385315265685202,0.4850470605689096,0.6201757630876154,0.16845140139723722,0.7789291843425354,0.24847914704356133,35.64467061650865,Not Ready
0.7643864436649956,0.506708608178302,0.32328585974026824,0.6626917781469076,0.29702793594744786,0.5581133026015989,0.6462217949676872,0.5160413070456495,62.291219554455054,Competitive
0.485084542028072,0.5563715148119052,0.6282047010534895,0.7383671759279136,0.2546504864015854,0.37613298940768847,0.7025456078621947,0.2201901375986147,56.19333360052509,Developing
0.7924934246073582,0.33078598012817284,0.31359371185140383,0.565450928043945,0.4642073155226873,0.42539285327106746,0.47534929428807726,0.3908660535936396,52.49953036646893,Developing
0.7573648503214037,0.5477439006838918,0.1963936445215412,0.23245458041284958,0.27106022667406404,0.4819834638691034,0.7812896629472309,0.5212220893099393,59.5377079578101,Developing
0.602204961491402,0.24133695905378869,0.15782100053383516,0.7073922153751939,0.1449752974344462,0.41218983900251194,0.7204121788983326,0.196769452281239,43.57323180856443,Developing
0.8355944384942716,0.8893530929769826,0.41728489933157864,0.3704017830213192,0.11874901564275077,0.5966664632149303,0.5297193304474962,0.657138120044967,64.21233727545473,Competitive
0.6280587848628567,0.4814315358608665,0.14539072994856994,0.31125671112288,0.4864387151876288,0.4821834895939674,0.6680377714741488,0.6121522129644762,53.09099278800006,Developing
0.5797104612359151,0.5452975616717733,0.26231512063834816,0.4390376548173177,0.2296568113936112,0.4050131987559476,0.7137592110962178,0.5490926557699711,50.28271576585612,Developing
0.6639238640184325,0.286310992047936,0.6378518572453473,0.3771742749485037,0.656550144053561,0.5689190220930411,0.5289225600075054,0.44242568467295135,58.21748415760053,Developing
0.6939736980766481,0.695244834989577,0.520219850242661,0.7115848735039282,0.3932153598526932,0.7176275089554252,0.5480219172372565,0.4481775196744965,64.49534381713727,Competitive
0.7619269577256711,0.37809993761733773,0.1460243904886882,0.493175343114795,0.48144340569517746,0.43093953231488363,0.516083942063488,0.7457904966770684,56.26680680705337,Developing
0.5471998901845597,0.2080502995205435,0.14364135299244976,0.388827676391258,0.273681282818382,0.3623138372791989,0.7608820459905233,0.4131035342086993,41.18285173020089,Developing
0.4528389771119674,0.6432970266441734,0.45658153184698413,0.3485162123543813,0.40712317044005836,0.2360601184803325,0.6551766989040682,0.3423513866421102,41.730449107363135,Developing
0.8557845236493343,0.885825801580429,0.5491687840843931,0.24223462954413677,0.24672439040711805,0.5077457752181304,0.3350544671159915,0.6391185859510466,63.45098122821731,Competitive
0.7677767729099078,0.5380373610279491,0.20028019477857611,0.38284725673005093,0.553014388056597,0.5076530506053283,0.6765316141409353,0.6127636132451016,53.56237825511929,Developing
0.6607899558009029,0.18591740005755505,0.5340551216872393,0.45586640487426805,0.5339363160845259,0.361798318390542,0.7173203794907762,0.4500604709765671,48.596412849464535,Developing
0.483803543337321,0.517478474306948,0.20389920003406015,0.38327076179801256,0.1476618220362101,0.40889055428999044,0.676652258953786,0.38356312422715244,47.30231368307753,Developing
0.6697562800936817,0.5771154200470269,0.6486819605305204,0.4816571834181837,0.4043991752243395,0.6880519968404796,0.668644423547259,0.4824776834666178,64.33992504173543,Competitive
0.6041984034142798,0.44783226096918105,0.22008969122818797,0.42055077503934796,0.5343484102271497,0.41948657864402994,0.6154506605775486,0.3895947296665625,46.209972903580706,Developing
0.695708316689214,0.6829849727769255,0.38342247435793736,0.4374305263789829,0.30941504568342254,0.4346335913946323,0.5240712788819571,0.5371219845073779,58.113384811232685,Developing
0.5551974756765932,0.8096691848975098,0.1407674198819589,0.3608092631205343,0.4872463827774159,0.23165851206251814,0.6609603568678705,0.588698764511289,49.79067762081689,Developing
0.698159140153299,0.54886801347292,0.3191815616311367,0.308923294609293,0.05274235304800992,0.4349579223743384,0.6906560948136238,0.4637896746714164,50.04423535840562,Developing
0.6742813297229314,0.35844629919169607,0.06918960759543094,0.4854574360444057,0.3973798656073075,0.5234552876575383,0.40641642687030227,0.4220161283684728,47.03201217715096,Developing
0.6345312771586235,0.47777279654174126,0.26402955295666863,0.6821941597163589,0.1873817790777697,0.46162716294956185,0.6871211217357528,0.3647358797844277,51.58791029366909,Developing
0.6016839359226408,0.64486527066531,0.323010717083491,0.2682544710231576,0.13600432945617666,0.3314518370635814,0.508717662482479,0.43895254147083695,49.02703334251126,Developing
0.6162964824267619,0.41441161095268875,0.5418909165153568,0.6245012320282803,0.40303505544785606,0.487573436759994,0.646988090061235,0.6053295349368251,53.94026677756074,Developing
0.5177841784076676,0.6121689235323204,0.1946311166132256,0.47479568078849876,0.48313365893596405,0.26644596082691885,0.5403641424858094,0.37908148079200016,41.68541110055755,Developing
0.8125158640424539,0.08698339308391131,0.4532084618648169,0.4655980392179035,0.6442712616448244,0.6104804925357877,0.5641348607719823,0.9420653506676897,52.32136385390804,Developing
0.7369254682204811,0.3933126679792814,0.35702250038083755,0.5296269582824308,0.40800605594256867,0.570301951664887,0.479226329135813,0.5214869515213847,56.24190736546022,Developing
0.6549523466337351,0.47540693238564746,0.33971118174487225,0.3983116495807511,0.5169717214771014,0.46395767753825856,0.5090470797057619,0.4522250293338555,51.533178733746176,Developing
0.8025232229325837,0.3779143636285485,0.34785309043472573,0.23398047121904952,0.2671429232588038,0.7038848734989254,0.5680186800583734,0.367963292095318,61.22197186545117,Competitive
0.6944062540777504,0.45052061800061993,0.34889571678409703,0.14327836454018866,0.6063419440984205,0.39407443284992066,0.5023819401937244,0.5534984608655046,52.526264191003946,Developing
0.6033260111060699,0.5270852160343005,0.1673577971754164,0.4017896496942593,0.10665831881242334,0.6474262486881722,0.667774022961955,0.5975824949551638,48.271867023881164,Developing
0.6006315323562403,0.2957821527467556,0.4309960774571494,0.3355816873529512,0.42047026819364824,0.2733954834454778,0.6209168559329902,0.4484493201553392,46.37609509447916,Developing
0.6508623525531524,0.3331366328076502,0.24645179205302079,0.3934175739366113,0.2962313436559378,0.32235252289613536,0.7287325631963267,0.542502292374987,49.62856098407981,Developing
0.8153277999474825,0.8144304899975511,0.5132924798302573,0.31473355242418827,0.5670896101885043,0.3912351708559504,0.5915108937054383,0.6683716033203204,64.48363150383585,Competitive
0.5997428403130763,0.4108564794826623,0.33180925439751163,0.22869345780974343,0.49754390840147633,0.37600417586364904,0.555319190514068,0.34700907038691087,42.8156117986433,Developing
0.7029162818356274,0.2661927032370289,0.35079346829813046,0.35823603262461906,0.21603424646114255,0.262540108217179,0.5547228415815998,0.6531831519798076,43.326575463254756,Developing
0.5817221872484792,0.6853001103667721,0.333614145240586,0.46610103689492827,0.17807748792261374,0.41549449961056883,0.5632537005895454,0.1928519196267181,52.58703606921419,Developing
0.5842427013022433,0.5754654358151475,0.328458370605052,0.5231717582636639,0.5437416064941369,0.41760566264937005,0.642541214123382,0.5765502770143521,56.00729480222275,Developing
0.498351132086527,0.640708912986112,0.10650931642222182,0.43186312295029095,0.39267209560081345,0.27130054971878226,0.67971874192381,0.39099448070485154,41.453992035462036,Developing
0.4422100657876347,0.5717556853494987,0.644080401535048,0.4701812315387671,0.12227200652077695,0.27686090592172186,0.6752131983032217,0.350448932413966,47.68999707024609,Developing
0.6479739958985494,0.6334860544342821,0.3421009959528989,0.4314747725702297,0.22789467233358282,0.43851064810189583,0.7642709586927309,0.420163346477379,51.62429332145105,Developing
0.6719015260797271,0.7729711716343994,0.2444652889161652,0.6313275487800852,0.40972793997872936,0.4687976026134345,0.5963179502566905,0.5346509268987395,64.91216762524213,Competitive
0.5524918398729801,0.5285417170994312,0.6070264492100981,0.5816977152446942,0.4987529101774911,0.34060131568825164,0.6657335399266348,0.4596874897607677,52.441864257567126,Developing
0.7562967785467372,0.6842025579069094,0.720571979553411,0.2758902832286465,0.4598573668027992,0.4906543963187997,0.5421186647272345,0.5009055678010517,63.84465255794979,Competitive
0.5618487452155114,0.7610299650515799,0.6586508157738192,0.3444272972140672,0.45351751539833046,0.41509807057113995,0.5388366597282617,0.3638993048512871,58.36733162443279,Developing
0.7059016952325944,0.23075417791130678,0.197041956122875,0.18708580983223908,0.366111620247484,0.3817725788395447,0.6984055736605235,0.46174878701327204,46.783781978958956,Developing
0.5094659811471248,0.6327441693698957,0.17212647453911464,0.5854425731067334,0.22687229457166996,0.3089301668185469,0.7811782643224529,0.5818434202734435,48.81601213485733,Developing
0.6136744916851752,0.48838799988586745,0.25053995209377905,0.5685363472035165,0.4108074099336161,0.5349222892384029,0.6072041468594928,0.3914876279479369,49.23923155264606,Developing
0.8168797990617915,0.2928359109817403,0.38302885507895645,0.5282910387123756,0.07036651351418144,0.48578282390999705,0.5053568653506008,0.7685028684439494,57.97377961074741,Developing
0.5897583819523142,0.5734545370535924,0.5573455293969009,0.4839509846976507,0.37369739803518215,0.311792106586346,0.516518625702848,0.5391694693638133,55.92942271938622,Developing
0.5384026386873085,0.48937596239227543,0.2632655356111933,0.4179803216630165,0.3415253405842615,0.2616949582203835,0.6552729291671641,0.5742188044591428,46.30245605388981,Developing
0.5515206358141816,0.5248986701095609,0.24454212128694672,0.17189284346418648,0.1973430347889159,0.30232847474151264,0.542224020393254,0.4606757171123157,37.20001732280002,Not Ready
0.5044480524555985,0.4931800594465486,0.1113898345589037,0.4839501625802243,0.3909489054317567,0.42967051197941475,0.7064490778035671,0.45040905929160546,38.42795933447559,Not Ready
0.6318030922613392,0.5589943350553768,0.2614307018992346,0.2136017403193577,0.34207657553161497,0.5245945244388532,0.7410949989726018,0.39381864032623154,49.764648414924395,Developing
0.4451403545798055,0.6022171037211014,0.5894428033685295,0.36187469057597244,0.31999441514218047,0.3894367261114328,0.7640126745380114,0.3929161373423646,44.20852914718811,Developing
0.5766160388693309,0.4253755732548093,0.3691130343829501,0.47621921187261634,0.3854744398671499,0.44914679299516336,0.6104690141514487,0.6055938729289203,48.8760542970302,Developing
0.7159565596039531,0.21273701313749038,0.2989765556940495,0.7727193510095394,0.2702877300547673,0.5370948986257533,0.5923295313983843,0.5031595887208427,56.563811606681725,Developing
0.5852874869228611,0.5624313007076672,0.5280495903054155,0.38580142279381946,0.4886683998278146,0.4986447981217953,0.7462211004118758,0.5116979666554573,55.3464882816598,Developing
0.5587429315058196,0.33128131330300287,0.18426768199916735,0.27998368978549004,0.39415520113981095,0.34453559129194794,0.6050024849192162,0.5620922262869027,37.5861695558791,Not Ready
0.6717285950926125,0.23605916407492722,0.26999566516781104,0.5020565899054844,0.4399255802146912,0.5504293414082114,0.5065519349096728,0.5187158891674128,45.19412257939242,Developing
0.8453047736384055,0.18650561671005966,0.25453820090729595,0.3890323819424879,0.4122212535907755,0.7185926897703275,0.44441666763996646,0.7421277643029307,58.77345735785519,Developing
0.8029731099025486,0.5933704141026154,0.6355012716137988,0.08406010595688594,0.18315632555982447,0.40255446620342517,0.5734545357845429,0.6123054843980845,58.250389673230224,Developing
0.4558193359597931,0.6851413961457993,0.2611914418160345,0.5230838989563301,0.24035354586630775,0.2883507366235733,0.8138789566567642,0.32857244733727975,48.35355193051878,Developing
0.7370053731718589,0.4746832515797357,0.2519655631646719,0.6258131970303101,0.5066523891023998,0.4802444066737842,0.4952193483443438,0.4880116886282502,54.928732637396784,Developing
0.46665498202694367,0.6299612967574372,0.36446600617133756,0.1311779735125601,0.5075348155639741,0.3241038902202559,0.7906722165245591,0.5258369182156206,38.832011569565054,Not Ready
0.7960387773712554,0.2753166050243567,0.08150222940350416,0.5703488466581815,0.4190753531431802,0.6016511857146984,0.44541320923635774,0.6733607544818593,58.49251929005286,Developing
0.8920363015634009,0.35002567058826767,0.5174542585725234,0.3476469327523925,0.4284299268662806,0.8329084010837774,0.6390516495493717,0.6411969625678031,64.01568305114543,Competitive
0.7235932309407503,0.47704713527358494,0.3883976802496394,0.6170513050439492,0.24794406335853594,0.37081874283055677,0.6006779670209029,0.5964819079465936,51.9221749173684,Developing
0.6793453663560127,0.49935431386858914,0.6610801566207675,0.6964158666078281,0.3050321526241432,0.3522296439214878,0.7762924157069142,0.561993059891569,62.45869834003106,Competitive
0.599263277639923,0.4537818284833516,0.16909723469251567,0.5855920634305498,0.0872184110903879,0.5043715104349279,0.6857150105725128,0.4122134614613245,50.593069608331824,Developing
0.6903154393958766,0.59056448693588,0.5255085516538953,0.54711690611415,0.439188942802206,0.5248769189160135,0.4765324806971564,0.6016711110947168,63.74639697158406,Competitive
0.8797584364637026,0.6135635865463328,0.21689361560448697,0.38341010362274647,0.2517736969986616,0.5725389266279894,0.4145829061231302,0.7272343513088729,58.73824054670577,Developing
0.6052006568421755,0.3155042963155218,0.5271910962116856,0.3868829565929796,0.3315229816174766,0.38860250679655106,0.642181759844184,0.48118379011682355,44.16299291939231,Developing
0.37926653648952774,0.43716188656149774,0.2943230589162415,0.45333491244509955,0.40379902988292354,0.25439394475595006,0.7986389970448031,0.3625416543820947,41.102491188438954,Developing
0.6358492205734267,0.33950390946796694,0.11695504343249936,0.2726748789796587,0.5526951833481217,0.4884296784758768,0.8383010642181156,0.6302115435376416,48.02069662226416,Developing
0.6635838075294754,0.644947159496317,0.29966288264660706,0.3258729941567567,0.4039287942603837,0.5305963885911316,0.7538107118210822,0.5937377729268454,52.11788445336965,Developing
0.3257925909822075,0.5385133567536486,0.19548491866351247,0.544250592044671,0.6273566091312759,0.3172895670215478,0.7800722074513938,0.2736318094380237,37.93865547932908,Not Ready
0.31308791977927153,0.4192329524254256,0.4303894831846355,0.2705149016426147,0.26342779016067913,0.34936004126369946,0.6943245778027839,0.10012100222040882,33.50808241973084,Not Ready
0.5714555270291571,0.2961273592034243,0.2576656151812603,0.31045796284133537,0.6224771536621437,0.49353918313192263,0.6310294070719354,0.4670252710426818,46.46887726759617,Developing
0.40451122175131543,0.4862611110744326,0.26390784971693715,0.47892004902945645,0.15736942486545552,0.26243219739789564,0.741836114756551,0.16639159794294228,38.79146489335784,Not Ready
0.5440646814357409,0.3973205497324993,0.3596449258553961,0.6143008461185071,0.22197586668285701,0.24437846361041451,0.4454612311664158,0.5451026167747484,46.93457992878071,Developing
0.5445287009006625,0.5401670329166133,0.10450868137082081,0.508418565715281,0.3563067242392241,0.3020217950598001,0.6972428349640428,0.5086028775038267,40.48636497613715,Developing
0.5649151249411748,0.559585356539137,0.535416437858787,0.4295411090010871,0.608300292408576,0.19340912933987459,0.8430198499402735,0.4185286239898847,52.82483764085256,Developing
0.7269336610559447,0.6261868088127464,0.18404683306403122,0.35845694681201934,0.384301690923053,0.7286433152909413,0.5957310101320366,0.6646435819845725,57.094024258249924,Developing
0.7323792160233117,0.575629348736563,0.34928026855999106,0.4856162281794743,0.30964283482452587,0.6385822526307843,0.6260179129920175,0.4839651084739242,64.32073154173688,Competitive
0.685024502739345,0.7038013799633157,0.29343333991422493,0.4292356631289712,0.31857402618872976,0.4283262609027253,0.4446444801610524,0.4401757349364606,52.02626141674074,Developing
0.7530346458444072,0.3746671634107223,0.2706729339723637,0.3899514787952024,0.2685968209923553,0.5893646436952859,0.41645434211609655,0.6291294278526635,51.612008994108834,Developing
0.5185056395444225,0.503942596367445,0.2494342668261874,0.6365579326162791,0.3349039602224921,0.3484408212615484,0.6898376337724886,0.34799215373353676,48.04916072501487,Developing
0.8516958743108867,0.6086752672645164,0.41598253275424585,0.6402046676041238,0.3360088797569639,0.6717458455648326,0.46268925508050285,0.6632981205616322,66.149190472173,Competitive
0.744843944117436,0.4536494269668867,0.5906786088041802,0.37773416477243277,0.3515279545953585,0.5783720987143003,0.48976300481417817,0.7523817605708732,50.89614436322874,Developing
0.3382436540796167,0.24211078018977697,0.6496660167784744,0.701165429255118,0.23243030127048597,0.2245430325658632,0.7050859752426653,0.40775847554469147,38.88305782378936,Not Ready
0.57740744629121,0.3951784182603063,0.22473369091809442,0.7178283854441302,0.17522050565181063,0.41988224042409206,0.6345558862944651,0.42018710664897096,48.50530937446106,Developing
0.35696498169023055,0.662137531993324,0.41941817998023195,0.7227955283411973,0.21159239120669557,0.19490931691863675,0.7539745141308497,0.21963102993840772,41.96120029351836,Developing
0.7693145199718964,0.6744611892312735,0.18278122090542542,0.4115298422960268,0.38773260951527677,0.5927045775748372,0.5191435616808212,0.37136062943435344,57.06952135871369,Developing
0.9399438324489889,0.40001300325198047,0.1731809630236572,0.694916150974495,0.1994897287274388,0.47252601116676585,0.47022985602287354,1.0,65.99587056299978,Competitive
0.5073873555986572,0.41585853609723433,0.3502001733062843,0.4367788006717853,0.1253288319419037,0.40246189604012705,0.6190683906268112,0.11284834816466183,37.50846290570089,Not Ready
0.6932009478822688,0.625393725306047,0.22578709556325335,0.4886493488929038,0.3480684829415914,0.3372082966969244,0.5441774674208278,0.5612330721069213,53.77620167398346,Developing
0.6424774601462405,0.37655776431281074,0.23357369096145136,0.6903248071576101,0.2767586436760928,0.44854380073960004,0.687356962001558,0.419445779034865,47.33001861842006,Developing
0.48533487229818384,0.5517270975361344,0.19829317777725197,0.7995373813643648,0.4868816911410595,0.34917659393205974,0.6385559813315189,0.47115896006910296,49.396354194618894,Developing
0.7191818495775419,0.34237514086894727,0.3949397338160095,0.5764105209301719,0.06759178443453985,0.5296748444594286,0.5784119191302387,0.5519115035978057,61.00898228069866,Competitive
0.9616597219725812,0.33063358039476337,0.44532743089221705,0.537730637210694,0.18529117415013788,0.5908356121300996,0.31608438480516166,0.7703881655410825,58.33560387913099,Developing
0.570443981191819,0.3879463377153593,0.6972508692635464,0.31474884768807926,0.617707076103777,0.32140362792584115,0.613350132193912,0.42486874088753196,44.132099918668814,Developing
0.6133628482743256,0.3095626431933955,0.16473584383131085,0.2145308940480679,0.4038288191692828,0.47423196864036654,0.6319653337209045,0.4603276380314489,37.561511920994775,Not Ready
0.8368808328901937,0.5431330697377279,0.34459095288210434,0.27656590613988735,0.4709768637239412,0.5304065583418833,0.6888494019942497,0.7057594906619284,65.58602357792783,Competitive
0.5235910004133932,0.1501778763263113,0.26642479953562515,0.288334870360073,0.07236994571742023,0.46354982245211523,0.8380790075448291,0.38304979504004666,33.48454020348034,Not Ready
0.7413887685357282,0.3702054001958395,0.2408648886872786,0.41108953543069576,0.10121428751774121,0.5139580917873762,0.25865441521180665,0.6302276181177515,47.54989893497777,Developing
0.3556060787231878,0.5790524231617793,0.6343769162711707,0.3253851282809675,0.5739663426556999,0.2488609185695848,0.7809629695857705,0.3471854659237765,47.264592951180944,Developing
0.6688340560977317,0.6213311879498578,0.4972517744357848,0.6165932640940648,0.14234614014764316,0.4586534524482222,0.5354163521752971,0.4292540774012954,57.601993079208334,Developing
0.4650398488149395,0.6614747618578494,0.4185171800807774,0.47482781975129923,0.15694497787304887,0.3629354147087933,0.6756027938388851,0.5295166568669809,46.30969111132111,Developing
0.47324377639329984,0.3216632242852981,0.22643175057130857,0.4630151245140437,0.27207368302182094,0.33026989684214914,0.5010986487139921,0.36199487190746926,38.92066046419512,Not Ready
0.5235924308593947,0.6225904102622347,0.8038713917975083,0.41334040031354885,0.34404556295662375,0.3968653008673716,0.6387425133261845,0.4133559833029176,57.15787673429582,Developing
0.7400346021246789,0.5992404738928061,0.5778323979136126,0.32570667007365134,0.05150243145493786,0.6924228947664922,0.5277063313835254,0.43243233640732975,57.80194735479637,Developing
0.7266438280578491,0.6257675432714497,0.14636919000708223,0.2969224683700276,0.18771907767468393,0.678759036641349,0.4613929998072045,0.5744891076872529,51.93405268766633,Developing
0.6780364532130547,0.8398515393125189,0.6232336353271387,0.3279864095813856,0.5292312902440093,0.5440021211380083,0.5879623026780142,0.4458160779400565,63.31116754936742,Competitive
0.3236454035067515,0.5319246375560944,0.4575446358315956,0.3738711746681353,0.272527207987213,0.028231482216494436,1.0,0.34718541264099056,42.87765393818552,Developing
0.48552212952546553,0.5909681170161365,0.5636689248471907,0.6410422238529684,0.14671595952600633,0.26323821719289286,0.7985210557137418,0.3882893787251866,48.62932189255709,Developing
0.6702790447959273,0.6146413892507795,0.68419559231229,0.22368682544274227,0.36413983175469394,0.4818040598500754,0.4530618277007611,0.454452075875038,54.439627191749594,Developing
0.6974311563911163,0.3793091087358009,0.46443591585204985,0.5221673494918024,0.2992340210355138,0.4308018630973156,0.5781191413176082,0.5721107744931221,54.735790403352254,Developing
0.24402160384806987,0.7985829325932143,0.5446061282451449,0.3672153228678993,0.24062758735167886,0.20894057976254216,0.7693618660654561,0.2541105666684672,39.71608909983514,Not Ready
0.8504954836226475,0.408264273986608,0.3349651443876706,0.3288204567932637,0.29845371977268215,0.5971762428817431,0.6605825425811874,0.4487154359156521,57.426328525503095,Developing
0.6253273167678229,0.5755733039886051,0.5709491410536767,0.39813530628999827,0.14671419490917403,0.42897280932785053,0.5230774908751801,0.504300665517576,54.08486236368178,Developing
0.4819925080968516,0.3340651535199208,0.46431692221768456,0.28298566439911244,0.29919478628218515,0.3182408311944536,0.6115376800245753,0.2089778876518391,33.73552537205073,Not Ready
0.6580692215318041,0.22115758311689937,0.4330084696596854,0.4927970174965537,0.4305485209622274,0.3344989025745715,0.5230761083618622,0.5541556509791161,43.50101169060936,Developing
0.38208049540619415,0.6772941627790832,0.42023971681406813,0.4952305053773018,0.4529885714499719,0.24505873465309236,0.6849711838572821,0.40038393857946897,40.19557628924729,Developing
0.47903564901125734,0.5880663963047011,0.29128326866970816,0.3808861491114789,0.6181760302939443,0.4508120028742101,0.8904017764702898,0.4192563658197997,47.72244376399551,Developing
0.621909878403416,0.22548958520195383,0.21530153814793784,0.34128073882583215,0.431975766020824,0.452139925183874,0.5296885993825888,0.5015040261570218,40.659571516448274,Developing
0.6252445272861766,0.5369455846653133,0.1924777810578333,0.5381720723281604,0.27604870140317084,0.5288250843879219,0.8971359969221226,0.5922596655222084,53.81620687121882,Developing
0.8197569915087571,0.27591208896295893,0.6160013697504897,0.5703184427736665,0.713472478844402,0.6009407887309199,0.5498495435050342,0.6292918773516395,65.98647373142784,Competitive
0.35648019255579416,0.3185556855898503,0.3256291489514987,0.5626834296138399,0.17505609204236233,0.30845866296695523,0.8461171495292616,0.40643063864602835,38.57673951475708,Not Ready
0.8364788999240487,0.5226972195540942,0.4820203835283845,0.5927330693045991,0.4616151307206526,0.7002664580514867,0.497108416047789,0.733843810985522,73.41378577200412,Competitive
0.6034044397689611,0.2882279596250426,0.6638177259749377,0.47553178024200976,0.4485287943411528,0.3519814189134992,0.8091682659504562,0.5751255526355026,54.73824962010963,Developing
0.5042273485996728,0.37684984841342756,0.39402233976068024,0.8474275226619329,0.45270274886356227,0.46222857147851204,0.8710727696827093,0.2463993943082258,50.04423499270279,Developing
0.6398311765067295,0.607292061406792,0.24000804149518612,0.26965719466880284,0.49496351816671996,0.2080731136693635,0.5720920544810787,0.5490108124445164,49.55001595042037,Developing
0.8664976418671875,0.5250778690297602,0.5812676078000291,0.6189335953499033,0.26630021756329814,0.5769805678583199,0.44752647326333994,0.7962396866233408,65.75810231443839,Competitive
0.5276696053122526,0.736339468791431,0.2781056153612578,0.3477867422798863,0.4132327904859362,0.5914965181486939,0.643132163869272,0.4349356072188345,52.130664807240436,Developing
0.6955048615697378,0.6543939113175854,0.4454678290553254,0.45873674716504836,0.26979490678770024,0.4820452508454833,0.6686690635000891,0.7601861613471008,58.85544813509521,Developing
0.4597022616831112,0.433398206527667,0.2059114360058184,0.24423524499617075,0.5935471194917317,0.43725116330894853,0.7398359605850983,0.40436520969820156,32.91544930395281,Not Ready
0.5960047740796394,0.8753119999534291,0.15653137500013908,0.405483961683967,0.16774192268580515,0.4508131623234457,0.6995974220906369,0.4220703683192466,52.853782776993214,Developing
0.781968719611945,0.7438820322205281,0.6104310303009195,0.3160755448757262,0.48962513762344567,0.5938737495755734,0.6440444234178158,0.6215290971435743,66.17330725729471,Competitive
0.5857369016088874,0.5308511554624398,0.45672913093246353,0.7074266328150249,0.6254218853861644,0.2949848021716163,0.6979670302317388,0.6626657127703343,56.449781900419815,Developing
0.7121401876783645,0.4010510630959236,0.2603887826308792,0.3133190495862364,0.3635343534635565,0.4892324442527956,0.611275477053355,0.7385171800496824,56.16648583606247,Developing
0.6493320303156621,0.6744675202797654,0.5869445222887932,0.4152504526350594,0.19656090715666577,0.3724645462250415,0.7137121773237869,0.42151930775110596,59.375254078304756,Developing
0.8796529733350491,0.6079052316273041,0.14119156405592304,0.37747262283210364,0.39372410361858423,0.7196750945979343,0.37143874428931584,0.6150945526509337,58.68071243546608,Developing
0.8454717011711868,0.4720733482221684,0.2635357953132623,0.5470194727296837,0.48999553011559366,0.7189855157481305,0.40018078343523505,0.827609498059566,59.64252862827709,Developing
0.6533727470329549,0.472488064797303,0.24264389061138056,0.4121237098134165,0.18669609036276558,0.41735055703204826,0.4682521870269003,0.5163693572059406,46.985579092692724,Developing
0.42435367559185266,0.5516368468218089,0.187134689382018,0.3761358494506968,0.16655726186757613,0.26964171134839027,0.7076399326161416,0.36340882897412013,39.6801139274483,Not Ready
0.30652414952969487,0.7125599383781701,0.5924552318130053,0.7104163021981809,0.47429991193253324,0.33666731126975435,0.7213237622377778,0.25443703237312904,44.081805922655974,Developing
0.3748315432346928,0.6762542687004963,0.46652248365020366,0.3803146274913635,0.15095988918523473,0.10256249037910409,0.7097504051174557,0.35002184718655777,39.908677437965395,Not Ready
0.6323029734494502,0.5955695909029045,0.4092064090001652,0.42336147589674233,0.09909563958874654,0.5583217594237937,0.6141965613182098,0.5679661492043264,53.554371414302494,Developing
0.7193421701737452,0.5678472515236883,0.2950823430536118,0.3133059743901406,0.1510736372633147,0.5047976047329409,0.5300361737703895,0.5201002808382247,47.16704903135556,Developing
0.49464471474593796,0.4339773572340162,0.2374605387393126,0.4417671902792353,0.2960481895219934,0.3610243675595749,0.6410314598652169,0.47214456277330513,38.006736978609005,Not Ready
0.6926191791143268,0.31931098377875206,0.4188221545273596,0.4139916815227998,0.5147538651442439,0.4894790120643776,0.534719908429942,0.608837393708902,52.92409998728943,Developing
0.508521800805076,0.4464825447313971,0.48499158260328995,0.858540439102923,0.2931087894735522,0.5341465488101145,0.6855103221025227,0.6785155466735693,52.69739467662511,Developing
0.6455819859430044,0.7532992984816119,0.057023224319671044,0.3072748313351872,0.5992703664774746,0.44522112353446236,0.5270536126006691,0.6048589282131751,53.67402053280519,Developing
0.7373595509767479,0.27821551381662757,0.26431428200104345,0.5394244033362943,0.2978598461078933,0.3876940924599217,0.5498842227334757,0.7309314167006546,53.597762242449235,Developing
0.5161980071557082,0.5918130228173669,0.5335545043158856,0.33172691288342615,0.3240591389099136,0.35749311498674513,0.6075343272372404,0.39432620226612064,47.70794555314303,Developing
0.4537718361898445,0.38049146616037705,0.32152094453521746,0.1582870744325035,0.12001633346064136,0.3008029418821827,0.8319853403070947,0.4889483827084946,33.93964480606587,Not Ready
0.5142691703538911,0.5389019321820161,0.4943961648324727,0.32766546848751676,0.2698593580483112,0.33382567677668334,0.5589172272606413,0.562802501237735,46.02599242314114,Developing
0.32944561079889106,0.21063122145974886,0.1867311440544547,0.5314377285658071,0.28011104962020805,0.3505040339016276,0.888998859012509,0.2863397442667738,34.34159216040865,Not Ready
0.5739068148561084,0.4373840209034989,0.22372956339866476,0.5160608161999932,0.7414745073226114,0.4299333696015361,0.740119533168497,0.5472268656954522,47.727633471749726,Developing
0.8798075258758629,0.5007740185109146,0.3298072724784973,0.6259038392732006,0.3504062900778623,0.6841966744457735,0.32578532121815623,0.6937056935713943,64.84488793295152,Competitive
0.6562574295833762,0.26497559720278957,0.0536966038884775,0.5239511569415568,0.2672197595164534,0.11208635007739076,0.6493744691788941,0.34728691235798237,38.722466852628905,Not Ready
0.4492370273936264,0.8329813510316797,0.598526150050746,0.5397680181137788,0.23004441641499818,0.3004246299009505,0.7276987564164793,0.4410087211369183,52.65648372265308,Developing
0.6202778138128919,0.6980453176111111,0.5606510867939053,0.25144221127671246,0.286413274661277,0.40480268663532415,0.6164776027062201,0.5490319623856934,57.347526902888994,Developing
0.524548473752099,0.3476143720645955,0.3543008897396155,0.4901379167441441,0.28709410345976877,0.5095894980478922,0.6306769117166139,0.5565098162591338,44.031298653340585,Developing
0.6345564594369881,0.2803707496332102,0.2896565665100274,0.6395030209981711,0.5459985354020531,0.5771068967988482,0.38721463477220175,0.5213489428011414,50.63883512862486,Developing
0.7367742753276986,0.2148635501503922,0.49432764562056875,0.6328808879700328,0.17988664306152446,0.620535834572375,0.5865596099486023,0.6197352009477473,57.84088382152259,Developing
0.5610786867270466,0.40858175336624686,0.48488627947306917,0.36025337324652434,0.21463011634486392,0.37225592681208397,0.5949590126019446,0.46522951824333686,47.489854836263866,Developing
0.31535722310648795,0.5917384784734795,0.8581209930328824,0.32337254834717566,0.36229564632479055,0.12806448222099093,0.8687270016892308,0.012707881218434275,46.54143775601051,Developing
0.6293543423838233,0.4249178429365477,0.27298517050368276,0.6079732429571735,0.35175707506404347,0.3956397315176198,0.6886587844948834,0.5039031536657629,48.63885182531954,Developing
0.5528108172549057,0.20720872877266244,0.30422392988373514,0.33436191477760724,0.05976426150840055,0.3779013702040107,0.6888597076488561,0.5300734770218019,40.1130187749618,Developing
0.3577232461681116,0.519074755055204,0.2586967032532487,0.2582142985877515,0.15069819288371541,0.27213289729990275,0.7629736372813829,0.2972961229641677,32.686987943682986,Not Ready
0.6423067159693833,0.3607041980320422,0.4549725803951027,0.35137674134900254,0.3701798295891178,0.4700469573450601,0.8177115700230098,0.5444349513817265,49.61399296487836,Developing
0.8607430815639062,0.4670628378636869,0.27687612337883405,0.6027493020350061,0.18116596531922147,0.6093567533838138,0.48408246917051045,0.7960644213486591,57.66269878471323,Developing
0.6560479619894717,0.43541913456822356,0.5538387826670316,0.351032552205035,0.408692110869905,0.46039588078618787,0.5771778596227695,0.5400135019200074,51.10134280143769,Developing
0.6165893232166582,0.4089802732145721,0.30527332638115573,0.5349224989251401,0.07367722708594998,0.5334874854439322,0.758129641836709,0.5224652488438543,50.05519480037981,Developing
0.7329254580144688,0.6849087229656653,0.5886768503558775,0.6365211731468742,0.25376508673389503,0.5363566900709696,0.6034222173529464,0.45281876433404067,57.680633224920975,Developing
0.719428578596613,0.6551690272540501,0.47496068689403953,0.15806118343494094,0.08069606343196986,0.4593865254887916,0.4833285231013911,0.5123910504862966,51.613152049891454,Developing
0.602832332972123,0.6933335810715638,0.44289306244858306,0.5035072804359317,0.22371851471824833,0.45685768205934074,0.6091681606487795,0.6130987282181023,55.86328556917081,Developing
0.6450407154886225,0.5305781029579643,0.28835826734869646,0.41299873362542183,0.5221840662775425,0.5307613657714044,0.7030443603187944,0.5815259520715917,54.4406413314655,Developing
0.44435081110365765,0.24997191486843626,0.3544739753765297,0.46730248350347975,0.3826258815195086,0.5113146474470678,0.6932091956303702,0.4640646949133843,41.556285960217046,Developing
0.7752568810449446,0.5398434782497716,0.1658246104043105,0.5364234933805868,0.46587694733614593,0.49574158744611535,0.3717332704109974,0.7770975989973189,57.17002741588639,Developing
0.6837999513876305,0.7218589318467857,0.3686745009493357,0.17262758761751235,0.47455200368490197,0.3996052505149,0.7776323261458696,0.566231269814266,56.49976967724729,Developing
0.3017356284679195,0.6378617796738518,0.2947439255987804,0.6305199099095353,0.3702008063349966,0.24284364947515874,0.704372524534305,0.16094116711381737,40.826015211070995,Developing
0.8254307940927453,0.5321381185502992,0.4875316031620068,0.5873326480003939,0.528534993567618,0.4910988401354383,0.44749798353156844,0.6068913610042812,62.886346293027025,Competitive
0.8394066280577914,0.6693421020955026,0.615840333285524,0.3316304934189664,0.13926207952544528,0.6141026535409727,0.5875372200195346,0.6362045275022421,61.8500686460537,Competitive
0.6484502762027646,0.6452413349356472,0.41386463968636034,0.40987507159647096,0.5978408255527118,0.6097105578159697,0.5415012644730341,0.534446693222086,57.70511725022347,Developing
0.7752222030028902,0.6817485420246244,0.6538536883297096,0.7779951925023093,0.4856871291042836,0.4534003736658927,0.4752007727624553,0.540277386625132,73.4095785551754,Competitive
0.5558933294389405,0.5138346956902609,0.6428382107093684,0.4222650065025139,0.4718425941608217,0.3661624944017594,0.6244069133911171,0.3601073284168381,54.71482867269482,Developing
0.35403724312232865,0.646435020092212,0.3465575316755071,0.2979105256881382,0.32609083574323716,0.2580175913408854,0.8358044886657957,0.4481170735923032,42.807093274672845,Developing
0.8178847202469843,0.27464910500784634,0.24165075385872986,0.7057512086491506,0.18999181928637462,0.6348695881187578,0.554320225043771,0.7335405035503295,62.280968566292316,Competitive
0.8023226844768078,0.6372044074481105,0.5599205242608938,0.40567140532569174,0.3407138914231864,0.4887330945810562,0.5802274970640096,0.7997720963252956,63.45687531681779,Competitive
0.49100325557781344,0.4555035786098355,0.11628195438466726,0.4959685114197474,0.38942961676054355,0.5044004927772958,0.6464235701710908,0.30599874967355123,41.46954074868645,Developing
0.5832188426141378,0.41691637590660346,0.3873646345107232,0.37485463148180376,0.7934660201785835,0.47732279829892554,0.5231474663358545,0.5455745279006916,47.03615233987005,Developing
0.7632504470812739,0.3655548727628059,0.2642601533158974,0.6403065896045468,0.3470181786582194,0.56965644578185,0.4838441009801424,0.7892407415528312,54.76595581793071,Developing
0.604231994180188,0.3610104097828562,0.49723910123092924,0.44156649625504646,0.35365792003055646,0.3821435047995354,0.6830773812379353,0.4659631579215448,48.39821546834587,Developing
0.6370382437198089,0.3522289759585086,0.6448942636825339,0.2373427165806786,0.1652356341666578,0.2633265463201574,0.7365413344335403,0.4550605010768819,53.132844309737095,Developing
0.7227753481882843,0.6429022563161779,0.36938240496779823,0.45741476445148915,0.24667199132606196,0.4389092327502463,0.5234325392933832,0.640237721341337,49.18989903159119,Developing
0.7558538993466368,0.7563249064272124,0.0959375155810878,0.3861462776132217,0.15334461144511416,0.5425895877708418,0.5767588534706297,0.6734406950855453,54.244265460989276,Developing
0.7218107510884021,0.5208380037676184,0.3479286932185896,0.5239471460662604,0.529990650068829,0.6072759832573809,0.731206166224581,0.5866773360527068,55.68136459246137,Developing
0.8815157438420529,0.2720258650430732,0.49656499337923293,0.5065331684624358,0.2499185661945065,0.7238428347037684,0.48755295083319583,0.7527711263008396,59.61614378187945,Developing
0.7983865414134155,0.5831318568079222,0.33113028180919185,0.37085233138468776,0.23654114039780358,0.6153374255278188,0.5997501843127127,0.8373289073935791,60.37894522519257,Competitive
0.7305055414808854,0.4475226704483639,0.4175166341194102,0.5042240695785961,0.5350186038869439,0.45598314088519937,0.6079100575368752,0.6402796120382671,53.66349410125645,Developing
0.6311071548749774,0.24276943627957792,0.1779721348379161,0.41585878922316644,0.22991229868750174,0.7508971022695448,0.4916730716604508,0.6835526983298573,44.49222830237314,Developing
0.8905045661223837,0.47693683490008665,0.6407284650035167,0.2103324155400734,0.2594129222480144,0.5819572725673409,0.41076475622812736,0.640814377825175,60.05313855343699,Competitive
0.7133413359915556,0.6759126891328379,0.6054364196119948,0.5435149502950072,0.42020993961137876,0.6385887306607247,0.4459924896458858,0.4091492933506154,63.9423671369699,Competitive
0.7713603438072227,0.36894391029268286,0.40088534331092185,0.39914882137645397,0.14187810795265576,0.5609012703782771,0.4478766597724159,0.6487213097519895,48.159469865718776,Developing
0.5661943831925325,0.5854081055508313,0.6365132065876714,0.3096145611476365,0.39592165597091555,0.32874075278102927,0.6819973905398488,0.5714617268894735,52.558967038071955,Developing
0.737923485554441,0.39602926414510936,0.45162843764434046,0.3710736102219396,0.5233710071947649,0.5259727962256132,0.3919327321210397,0.4943558960204821,54.715780512590094,Developing
0.7569754123905456,0.5951546180275522,0.43061861188160255,0.2513030553501744,0.02866528353493732,0.4858244030241419,0.5870017927971969,0.5875280541537863,58.624564464809666,Developing
0.7044704899156883,0.6551352963763429,0.4902142522329386,0.4400111987313245,0.6358348557806259,0.2994472812223681,0.6643503043809468,0.7279361668301767,60.70084661540012,Competitive
0.33939202827297743,0.49626779707297786,0.5329492415491414,0.26226872481405106,0.42698451578945057,0.24823875215914273,0.8611322105726585,0.4068427908418967,43.15322618156041,Developing
0.6726001620514224,0.2480725608762763,0.23291781621595103,0.18731412703538905,0.2901162642760027,0.4113772425064901,0.4920470483190248,0.5205290412828047,45.04551463238201,Developing
0.6777839835846894,0.6448747672366043,0.3290422881127556,0.617319868709938,0.5043352766390052,0.27011694020674926,0.6077681805276146,0.5951791337184765,52.85893111683221,Developing
0.4646109228042177,0.6191095946113037,0.3678845918508195,0.3422319066590225,0.2503529061529256,0.05257458064509468,0.8415704605986486,0.47405505919516955,38.827619862292984,Not Ready
0.7175980587900309,0.7459035229669868,0.4058616118314458,0.40527867200656437,0.39297290360397164,0.4708241224357264,0.6599752284805471,0.6269131051624977,60.701521879407004,Competitive
0.8480742218666383,0.3455652538483593,0.20710440448766643,0.5890553423179301,0.491550333913255,0.43323144240277306,0.40537216405666665,0.8476567385333552,56.87520343988038,Developing
0.4972973593978517,0.5678081030836467,0.255745531862347,0.2555199098174585,0.37690440601531566,0.24984796969354295,0.6503705131540326,0.34764829473279474,42.58789983809712,Developing
0.8178868084152722,0.8298939557304622,0.5404703041458393,0.4206380522927542,0.3539586455689478,0.46470406230209266,0.4098031247910163,0.7126587842675022,69.0110665962011,Competitive
0.7409546403269647,0.3828707949277714,0.3396266523980727,0.5327840303204389,0.2949905538537101,0.6941080178380784,0.5564865794807965,0.6867134020571892,56.79103569124455,Developing
0.8245352910382743,0.3144040066739727,0.36774041340069863,0.5668344966412346,0.180574588296986,0.6411085456856452,0.4925969322321535,0.5394632978915815,55.22259483937963,Developing
0.4022889978227313,0.5465713445745912,0.5313811539675355,0.4349802039118245,0.45341476688452753,0.2526541846220947,0.8418767529140585,0.23254590760187915,45.40166120398377,Developing
0.6512201213707952,0.5705876034278282,0.6324099023524302,0.5683170159249903,0.15168232336895354,0.42324491361187017,0.5140115665597564,0.5376984462421358,55.949946175929476,Developing
0.6719119310645443,0.3840495309029038,0.13052545468177154,0.16351019281067214,0.3341614776268274,0.4410891642333217,0.6024035317684547,0.6644723136715261,51.08298578054569,Developing
0.825443994064908,0.6890496161517861,0.26972311015821526,0.5957517679025539,0.5523989877777595,0.5399642322941773,0.6287641845978945,0.7187798941288647,70.80864398282833,Competitive
0.8435787701311528,0.5218612532085335,0.35707759299592934,0.42326966047485565,0.24792010858496527,0.6177492748034271,0.6461935167322591,0.6357834382095481,60.87102168926343,Competitive
0.5609097151375455,0.537621200098155,0.5110349474064967,0.5181326289960171,0.4664478668965893,0.3076651555992597,0.6021678750635392,0.4459411840114509,50.47304374368936,Developing
0.5931635395101029,0.045898997417665635,0.24826493369071964,0.2759036103652498,0.08070955995725348,0.2848985898948038,0.7216854759561143,0.6096149471509629,40.06644023273921,Developing
0.7487020220396337,0.4856250902989884,0.1886811331407254,0.35995171568898116,0.5387879459748999,0.6238124680721545,0.5252745321175155,0.6596235901287553,57.97338573001437,Developing
0.7071917234136048,0.4631207751360303,0.015515618405195922,0.38741122629253016,0.3217888732834432,0.40414884271060714,0.5515532493616951,0.608802286821109,48.16037879599822,Developing
0.6062460715758873,0.3496911646583125,0.43460348783892,0.3457111215214438,0.409050569916031,0.4860667876681082,0.6335673539312151,0.495541611375166,46.644181015847025,Developing
0.6100424419440372,0.6851133275780672,0.44848970514114056,0.2805772871504701,0.22847411269673445,0.3286734718958841,0.6127600683673498,0.4833256202211408,49.908852805334284,Developing
0.7441955216109759,0.5734072087595429,0.1716873562031095,0.3598913622462336,0.5360680331482871,0.5964458695086305,0.5062144094266794,0.564199320769031,54.24632822484341,Developing
0.637487064297162,0.6482191265136534,0.35415703264090603,0.37246919294049485,0.45370002157304246,0.4021577009713758,0.7509184457529235,0.6281104489019738,53.604056434496925,Developing
0.5757784825038231,0.46765731887563045,0.2810266408021123,0.3385675427951436,0.4532494653232303,0.36556275380749653,0.7958936332347973,0.42486790261114554,42.19197288814479,Developing
0.579840758544115,0.4377435639953459,0.44808261551324036,0.4444933651798533,0.3027042612010149,0.4696128646948734,0.768952467849563,0.6033471704761302,54.09290028785056,Developing
0.5003744661334708,0.5890948621446326,0.6081704545280677,0.4177755817748534,0.550013297796247,0.4751910452229253,0.795500422826715,0.3117833337561873,57.09043167832808,Developing
0.5959406633309009,0.3196321336664579,0.322878602985279,0.6985813111564926,0.36169106646081345,0.4559354754773478,0.5778291043800272,0.4341680304422393,49.81444005711273,Developing
0.5545732225466451,0.6218357029617695,0.48238364629330927,0.5884557877780264,0.4850504556096268,0.40029223617473914,0.780168643792618,0.754854315822213,58.32732211985285,Developing
0.6432974123442906,0.5649416484568782,0.5961291808845851,0.37970744047003796,0.242054464436848,0.3750171540893424,0.5998748468178275,0.6369229840701681,55.47337948919866,Developing
0.4574230365669781,0.36516688007503695,0.594834982418653,0.23979636701800583,0.14507196086352478,0.31511303737656243,0.7541794711453613,0.255854435049398,39.64449649118134,Not Ready
0.8242943642619374,0.33792408896520854,0.41407312893505555,0.36675707055671686,0.10102494003757023,0.594662999715951,0.5240238117601671,0.7606869841104704,56.605747811422,Developing
0.4412751287367815,0.5291579230529029,0.42442148093927673,0.5810191687072904,0.6063381879188798,0.39425891699199606,0.7131398504708947,0.4688712700644984,44.819338406026,Developing
0.6654302669769557,0.33982930014233437,0.5657773019599661,0.40115879936268245,0.4914777638507135,0.5315771292807067,0.560859991718096,0.6133313449897189,57.395468589954,Developing
0.7763232857902707,0.5898018486241746,0.2580363814473751,0.5268695748232305,0.4013877649966182,0.5917484269187417,0.4776361597184228,0.6111654459879315,64.31025727683084,Competitive
0.6786215196891631,0.4614118777000404,0.17955518105912005,0.3202945735025426,0.2047298868294578,0.3326393104565137,0.5724268199214375,0.47546270555743686,42.64401968984016,Developing
0.5006198476048318,0.6806637186762785,0.3137953560148282,0.3095661899920355,0.25326742298799093,0.4949881172732161,0.7842126545147302,0.5216088334833259,49.65202439200499,Developing
0.5817378178834093,0.40511939754065385,0.48770115083938614,0.31882912259581364,0.3114371376812697,0.328182060629184,0.5058596333537617,0.46787114055599976,52.03027304726946,Developing
0.39843108707527314,0.6468536614268972,0.5880852436331079,0.5367766478819662,0.4464293407036716,0.2473805164360936,0.7548006130436409,0.20129141263914493,47.32523986386228,Developing
0.5749542639996026,0.2564033257562646,0.22674757505416634,0.2965822800891489,0.42831484726312236,0.368215008173621,0.4088586635559363,0.42234904693554626,44.89516996451904,Developing
0.6199774877349797,0.3307707822993619,0.5108350109285666,0.6343210618949371,0.2735514447155873,0.39474328327548086,0.5795458137520153,0.3546074051534675,55.18127543451676,Developing
0.5981278776429968,0.1703198321186983,0.5303470120180533,0.6639671525368983,0.2993801009760108,0.35585617818215703,0.6327752801630092,0.39583013844294923,46.77126876840006,Developing
0.600095866220637,0.3663494972197619,0.33906365039248093,0.38440202717118854,0.575196068556045,0.4763722395974668,0.6662982750838293,0.5792716378333765,43.72669515545742,Developing
0.7174250334503559,0.43546423817762775,0.14998607342010675,0.5949857459145066,0.20048974001159808,0.4378350072221971,0.49524854856440054,0.5762713317773954,51.776007739307516,Developing
0.44997785971528964,0.4678573010961914,0.26290234716538047,0.5277827735875246,0.12645096045203313,0.13582189280343376,0.8458325300306364,0.49225529951306124,41.9945076598655,Developing
0.7259004532904386,0.7357154555505679,0.1719488710321294,0.37497952889461156,0.5561841108087371,0.6292657571464488,0.6618177379095762,0.5005931968152398,56.05765929841887,Developing
0.31264456995627943,0.2624619734888174,0.27389189434202993,0.49253253234774386,0.25988083817543606,0.277581456549557,1.0,0.1265506235038823,38.6168721358061,Not Ready
0.7954931852427126,0.4434403159124453,0.18081508672875388,0.7645702248624403,0.5208844007715026,0.4997290167010747,0.5676676611167814,0.698318321386031,63.65587821664958,Competitive
0.49702308200916806,0.7560427932955411,0.36801943248700036,0.5101424769491755,0.3971840510840068,0.24577313315114657,0.7668347086156072,0.2944908712261477,55.72557934372058,Developing
0.9039121818431618,0.3617262097926834,0.37209549615003956,0.6225188723266415,0.2549676521496591,0.8269738376923954,0.48620331933073574,0.6589309036252611,64.86476718457126,Competitive
0.7036669132185813,0.25644547299369314,0.6260720719995537,0.48813008134827046,0.3790751398571271,0.4690028535868404,0.6271907191136685,0.5111281060357418,54.33819618530648,Developing
0.6498515598575358,0.6080860631161378,0.38165786179721145,0.2995264692477693,0.319295884944872,0.5776341857602898,0.5272313604667717,0.5558718840669696,55.08148248943632,Developing
0.6609577081203871,0.3957235602277745,0.25909627081834136,0.3473281264302999,0.22967693276547407,0.4248338162641658,0.48700367368238007,0.4070317894062902,49.98818033085394,Developing
0.6930570324015923,0.6092038019632978,0.36446776200341374,0.5416428716361168,0.2747773776331449,0.5641957878413426,0.7476606619499335,0.5835272463177352,59.715630600174215,Developing
0.5678512708980157,0.28046893529811767,0.28390173867474194,0.7008510899880166,0.13487264425221787,0.17512777874936925,0.641216203680889,0.5878195310706176,45.88526449935247,Developing
0.39898798599499863,0.6233480658437478,0.1973687970821905,0.5639588999649189,0.2753301101069492,0.0,0.7262495657096032,0.29363655260441457,35.901392893344166,Not Ready
0.6516817647649852,0.42737246637421444,0.43740760277253216,0.46665747176712846,0.3296790847557764,0.5801145274118873,0.6828866234142151,0.47567223468842,56.921413072815454,Developing
0.7036788437362792,0.3440790785847763,0.30751174893780153,0.42585607204620973,0.43359412458110835,0.5694447810279357,0.5516707808820446,0.6215200606697866,51.26896564875595,Developing
0.40887464363117604,0.3103430406545738,0.29620253737256663,0.49403379833809574,0.3456384969574947,0.3448014260061774,0.8957720037348706,0.3390305026404051,42.81728097413521,Developing
0.6673783161539455,0.4845016330515504,0.05005488578839162,0.39944218168430917,0.5214377111140133,0.4462297388675428,0.5249217630989503,0.5475395828094789,44.4910744029734,Developing
0.740776146160989,0.6605132433149516,0.23802069231626743,0.3510504574239725,0.10549052535398136,0.7471428221075738,0.6957587663089096,0.694096586533974,62.858088041939695,Competitive
0.612507156800609,0.25358189312258483,0.6705486617633516,0.10845069740221046,0.3274437416815104,0.29354134033218193,0.5192076393757867,0.5372908766145804,46.45210448065844,Developing
0.4866750343120346,0.5332230335148705,0.2149794971128852,0.42608283342581255,0.487891334238741,0.4383462833879486,0.881091361835174,0.36771989231202074,44.95624328535607,Developing
0.4887238549028882,0.22279716008340245,0.39541746329780175,0.44021412753022315,0.25581344096255265,0.3664793062911488,0.6634822035220715,0.3400301358841189,41.260627472768526,Developing
0.5387226988104037,0.48442150251060995,0.7184480191776278,0.6115927131767417,0.19393345686857177,0.274196557473386,0.5497662958574974,0.5257020149024357,49.43343449911993,Developing
0.48748690293827307,0.6812318063947771,0.44517616307335145,0.48776496727675356,0.21419708008920063,0.4769121689074874,0.8611776046609043,0.31890149476062174,47.96693954519455,Developing
0.6060068880367395,0.33091274188939596,0.3771843669632803,0.35832771770140137,0.2696414019788689,0.4855033934415883,0.6512092812175493,0.53009258717844,43.12403409330953,Developing
0.6873490221783228,0.4296200439314166,0.4822185036681742,0.33545120728828737,0.2402990951966578,0.5133111961592708,0.38595216153775835,0.5790359327346695,53.159646527434965,Developing
0.4159603676434056,0.49262139795718773,0.061938371627699856,0.7682590605546328,0.3019884962238039,0.3103511036559754,0.8477134154431941,0.31008800365706407,44.68113899839947,Developing
0.3243435034692258,0.4735130758394457,0.24597113552012295,0.5522154771694424,0.2895084695675962,0.18057907800224188,0.7990150093547715,0.07618667810579255,36.034864613986045,Not Ready
0.7757137343007052,0.28164586802094865,0.23317924029863238,0.4136254857513868,0.24845163011173116,0.5483189652702675,0.5727077410061139,0.7564049783639001,53.686981218814516,Developing
0.5956441573815462,0.3461229528226075,0.5876698169495633,0.5236173556780391,0.3998930276509586,0.4427051729588645,0.689057445945059,0.26785780006142057,48.30237846020374,Developing
0.815533693464893,0.3776508943953815,0.033199955770019225,0.44957315042045554,0.34609546859047957,0.767639129805963,0.759110469123596,0.4200166636495838,54.90208120520559,Developing
0.6970095972108364,0.569632995043158,0.2739321680734624,0.589614855146432,0.4106186606547812,0.3328381208199922,0.4878426978431214,0.6256826998492808,53.496370932895566,Developing
0.5117339590856281,0.4636932291248401,0.30171162979379973,0.32925526672453953,0.537606869712225,0.21239455062036444,0.8167650404038308,0.48602436114633446,45.71758218696559,Developing
0.5290194810988896,0.5715887228743846,0.31030028694034567,0.5916399428829857,0.6366168938159479,0.34734997780392485,0.6557475368982275,0.34006786004171863,45.07136384539659,Developing
0.5624264205256015,0.36227818581630183,0.5855766977011517,0.6982900571515506,0.33677880025429646,0.29684952616466564,0.653386070083517,0.6002348155859445,50.66357867608152,Developing
0.49084167944903884,0.6248091446746115,0.3060979784582774,0.4012602656026691,0.38710961036719127,0.2373755682436253,0.6682850327886668,0.28471497214499264,44.697757408555944,Developing
0.64037671492132,0.31121887952719623,0.49255110334777574,0.2641974171126021,0.5814347309265183,0.5644655688193279,0.647943689029771,0.6049763103856254,48.021768071379626,Developing
0.30528905536344453,0.6759648965853193,0.6290084526149788,0.6191252468225322,0.4432116691036266,0.24852028501715323,0.9090473810014992,0.33871169716627614,49.782704546605636,Developing
0.7453683354269397,0.7917486316031045,0.38281256740581554,0.44044059026105037,0.47118774818249526,0.5250680677451347,0.6636629818150983,0.6502104933959025,63.60207997832328,Competitive
0.8599166731018766,0.6840428811463419,0.4246782332246291,0.4591015835991991,0.497502737208725,0.5365825604192285,0.43407888897900004,0.8317553932887656,57.02646901267244,Developing
0.7217587686906003,0.35170491011682115,0.4249281182969489,0.4346035042323123,0.33320116002286476,0.5613580169263807,0.5228895632578725,0.5001699265545296,49.959985174312855,Developing
0.6875792129786409,0.5351211126756583,0.2444394369339992,0.534487101778217,0.4229686526666322,0.48500335209916257,0.4823269899895805,0.5031694303197515,53.37021780153523,Developing
0.43004999460990445,0.6934544792316976,0.21216719407756646,0.574605220200071,0.07835318367304654,0.2602352078626333,0.8280318857271287,0.29774344453718454,49.66502704386143,Developing
0.6290679284910523,0.49107861932139624,0.5075984243184789,0.7624970145288422,0.28927493851691044,0.5596688670741009,0.7141850308907446,0.632239707643615,60.12015902122925,Competitive
0.6774184717858469,0.8453255148700276,0.44162925970185474,0.6562011290965586,0.2915940749667132,0.6347774704728014,0.7475481088196805,0.5533013260901154,54.68384018381889,Developing
0.6416712974623012,0.5039020851967059,0.34113293932162825,0.38321414618674815,0.24967470201722133,0.5620168217821997,0.6381751123684424,0.45048218628135683,48.86149921826843,Developing
0.7394271067423118,0.7011276446520345,0.20891048115413785,0.7307312837932723,0.1632219023500718,0.5823412475474551,0.5026915331524763,0.4550222490327642,59.491713558421466,Developing
0.6796537264530788,0.4090262081588811,0.571502901101513,0.35439643561492945,0.2234612399874532,0.5027260912800321,0.5051001524368497,0.3703589329406617,48.328419298027555,Developing
0.8504051992091866,0.6369703063401949,0.07285731060045783,0.4027564585606241,0.49852509231493947,0.4542999742265561,0.4906156202945117,0.8118625593270086,60.2638177322828,Competitive
0.8778162436030109,0.38728683303953,0.21013666540057482,0.7300874332337408,0.24172637850857237,0.6549904828463046,0.4093209765594265,0.7573658349701176,60.83350330862555,Competitive
0.7919885532807043,0.4952030381012834,0.4539430866994286,0.23308799984427256,0.7175136445183807,0.42898375946085715,0.5106289445962842,0.7916735285536063,62.952620021206215,Competitive
0.37303609455078207,0.6592555664601009,0.45978544472624566,0.5091851088438861,0.1621382472587396,0.32890454457475804,0.7880273272474587,0.3290141844618161,41.789495682362805,Developing
0.7230874473566662,0.13318587174574226,0.2662744733231758,0.30860183598297247,0.47583267583156263,0.5320969730081855,0.6505051831327711,0.5697268897075192,50.14194528836347,Developing
0.6456267997895679,0.4015790939975212,0.06677580408132201,0.28020785624029304,0.310502523358441,0.3603238404232692,0.4258274127306024,0.5622187926273232,44.41765913454392,Developing
0.4200305317740017,0.2706470901382989,0.22648238858121353,0.7230547673841498,0.4047377428290359,0.37756700902816137,0.9091911806210796,0.5275122063522331,48.35159990527718,Developing
0.7618110384717195,0.7632580238502952,0.605968513940311,0.44783891594188496,0.5396204728918174,0.39119676373552525,0.6079057018715467,0.5481842503590448,67.21443660078984,Competitive
0.85622813682985,0.3534242641745488,0.3236202551326564,0.7398633738843238,0.17577382533130698,0.5675258155492555,0.5157535774566531,0.7102123667843981,60.59807246530907,Competitive
0.635703796761119,0.9072671512814466,0.46288715046633944,0.46134668846303045,0.29000189755349726,0.4738193691934458,0.7389802640261952,0.39579567740624083,54.81184453843722,Developing
0.7265023034032331,0.3033207505025796,0.12065555242484988,0.4295744968608308,0.17180735177874443,0.5152019471025963,0.6612926345912534,0.39400866543377844,44.991018841462136,Developing
0.9036756448770586,0.19218521516604767,0.39819154597602724,0.17471515406985152,0.3949995766304262,0.555256332771596,0.5866590090945416,0.7654712370035277,58.232273761130635,Developing
0.5458189583138269,0.36683218769143777,0.23313883808774521,0.4535759973142293,0.31653945825827334,0.11881009733104314,0.6222647920948713,0.4855252924344616,41.06827432906593,Developing
0.7477671769713904,0.4577201144327614,0.09657247816552135,0.2679249383021391,0.2362777579244396,0.5813803669069387,0.5720355009684103,0.6060986201215246,53.35156478066346,Developing
0.4729019715121281,0.6969770640546604,0.2173251299971441,0.5897617386435184,0.3693142482036674,0.6319559127882418,0.5111687147933083,0.341930915013426,45.470355641727394,Developing
0.5788312197494099,0.3656951284839647,0.5052442382648799,0.3784061225097215,0.41485198430826636,0.4561872074835657,0.6070772809487838,0.5568108296816283,48.47282487117573,Developing
0.4862578736240453,0.7221164381184467,0.40640880389967504,0.3755558979742122,0.30580200812343,0.27469104606269706,0.6923646052411687,0.37487456182730095,51.58874790735461,Developing
0.8703844084058842,0.6761230061429427,0.5816398186721948,0.500032860512689,0.3326492634763614,0.6470262039879102,0.5061445132075019,0.7402355519043478,69.58509805808335,Competitive
0.3053949997244328,0.4550674804214207,0.447115854759801,0.36449481837350045,0.3175831513035247,0.26664838572519267,0.7223144405227547,0.42230736693946513,37.73107130075891,Not Ready
0.5033327202132645,0.5944595796289118,0.4162468030298214,0.30592789611466453,0.2362140710846465,0.37533999561080283,0.8965203163007396,0.47294695504042494,41.66894637256501,Developing
0.3298262743885786,0.39422766118017677,0.20634948205167442,0.4405858679367332,0.06885676359670992,0.20347529554120988,0.7049145970252805,0.3723116635983259,31.0579271652846,Not Ready
0.27971402830065834,0.42533008165407105,0.4285045984883025,0.20809094947240098,0.21895657233938629,0.23455559152297886,0.8887433481646959,0.2580135216487761,31.611055942175167,Not Ready
0.554150852066509,0.6399439557591461,0.41700994455687185,0.41627801037465334,0.36315620028030615,0.3927284772770069,0.875871722494652,0.24394247915546463,55.45149789907946,Developing
0.7206747071255255,0.4280445617774743,0.4328109600712861,0.3079738683393819,0.23991134188797653,0.6975113059197738,0.694497668730693,0.6803401727106613,60.28302791154274,Competitive
0.6392078334893658,0.6414161969624399,0.3012473663076705,0.5220227114390095,0.2603287497411812,0.4128236302659517,0.49433282921934496,0.5843841339022292,52.227454747396195,Developing
0.5572879230304829,0.5564076527814314,0.3026431632603701,0.18797604398792256,0.3958161653591285,0.3895614468689543,0.651936861372884,0.45347879521348855,46.065324293697614,Developing
0.7575238075729085,0.6815315382168831,0.5589889591230609,0.4419707931670914,0.13251057520101792,0.4388381140896914,0.324704039052354,0.5041148945137154,59.727777864860855,Developing
0.810187153205443,0.5487681826032014,0.17608255883206633,0.5733112973578354,0.38164116338418747,0.5730336477678605,0.5920236343304485,0.7456467799482367,60.15716618231761,Competitive
0.8297332401217691,0.6682152152968966,0.49059821489430244,0.3472521716126635,0.3995695070169349,0.6524771762217627,0.5132008396306635,0.669355831559949,64.80449183482423,Competitive
0.7236945461224402,0.4627429080560416,0.7510970672108012,0.39290553849719256,0.3069136848452788,0.4898919579227727,0.5870278987168247,0.5533428694479876,61.771338784266206,Competitive
0.5995009178001623,0.726875079708917,0.38849279970657374,0.5987043450618386,0.40437516917712857,0.5201192649121412,0.8055040882435177,0.4808022585588356,57.13671060079063,Developing
0.37620848010631525,0.35276889932415506,0.5223566250938874,0.4085604196189598,0.3148370863190644,0.3572559868227561,0.7945673611112585,0.1827768011883537,35.830001172767,Not Ready
0.8929231243454046,0.6156084180968782,0.45538098885345135,0.7508135670981546,0.23779107784321676,0.6908162541564175,0.4501973940160922,0.7549132302048454,66.56854403560526,Competitive
0.7446100487614629,0.2463787848520348,0.11810587326736678,0.6940434839732443,0.2551740409282008,0.6376076570285889,0.583491900754624,0.5697355001093223,52.27368147899484,Developing
0.7993826271946761,0.6241392905432268,0.4380762015128845,0.4098945623137027,0.6123859113536165,0.5788538881589432,0.37302651234484574,0.6637129302076311,67.22395119672804,Competitive
0.662791206339915,0.64736963491694,0.27971864993925827,0.2641174384846577,0.2275171433641303,0.40918611168943214,0.6668765007944936,0.4407370680875199,54.52075824206319,Developing
0.8033632952477674,0.8029794957975168,0.30222764765323046,0.5933627934640276,0.17588442329324605,0.6068806693965828,0.5345871717907339,0.8202550722143279,59.048615397304,Developing
0.3835529574720639,0.5934074794299729,0.514182988256662,0.690364389631651,0.26003835359777283,0.13258820102433272,0.9296495801125905,0.32198893901877335,44.915370844958346,Developing
0.7806227294442871,0.366207776515352,0.16528265841150952,0.4772991634813252,0.2960315164795409,0.4770211379397531,0.6187996099788811,0.5867117905218509,49.73869584687791,Developing
0.679991260899274,0.5629733417815803,0.31981488937294605,0.5778667598254819,0.4745771808274991,0.5074656486896778,0.7874265657184718,0.39850900162604425,57.530231721808526,Developing
0.695922850432651,0.3510577403298897,0.4786835799504433,0.4382303889685266,0.35592177329255753,0.3308570493431103,0.5900870825376318,0.5791934294117633,52.590211489302185,Developing
0.7501430617825571,0.3870409785393709,0.3538967998652362,0.5102367169819991,0.5044846164056846,0.5056335338364484,0.5140565706742489,0.5912731277920673,54.9097065874053,Developing
0.6120776582341636,0.4808548826277544,0.2981840214058877,0.2866452567404749,0.18616473530562921,0.7109929765564693,0.5748992826868895,0.6779531085394672,51.09039037121014,Developing
0.7761835900175531,0.11546124814592822,0.2667099456724225,0.23705022552612648,0.29303044852121984,0.626312177586183,0.5324096145702878,0.580905072793384,49.499715704494875,Developing
0.4925938940164709,0.7413889935877316,0.22384561400236017,0.7830690326788423,0.19425399428995674,0.3258506443245879,0.7171497457122065,0.43995124819055775,48.582641163954534,Developing
0.5840430190815404,0.5364943007365507,0.4057083141301826,0.7122501666823596,0.31779936144115545,0.33676109564067364,0.6811437286199297,0.4184296929732225,53.86664031563233,Developing
0.36195704466893225,0.3573614614350847,0.6822848656722599,0.46173744168424613,0.45877553866537896,0.29785567092330356,0.8056951956614984,0.2419709731666383,47.49371267141239,Developing
0.5194477177070121,0.4300607733403596,0.3802357537223286,0.469674709018621,0.3480073828034556,0.2863420211105753,0.8294881358258345,0.5537508035718284,51.24707865144545,Developing
0.5866148382692439,0.49097663674642184,0.42246065980826386,0.3377086388282214,0.6603252938334616,0.5694048689433824,0.6586751316314736,0.45553495675410505,50.67230191319541,Developing
0.8593354960846307,0.3812157006920858,0.15664577981353864,0.5242728736507194,0.35398996162056295,0.4929199576314628,0.5870154751117437,0.630783508433315,61.08264543876406,Competitive
0.4901689859730979,0.3572588425317253,0.022808399183282885,0.11828643712484438,0.3225327389440646,0.3037020168794069,0.7186898365427637,0.38038757242238647,38.57843116778828,Not Ready
0.4557997511906366,0.47673392766493505,0.19652123283540118,0.5969109322143701,0.5637235966509635,0.2982741616383488,0.8491250594160272,0.24128870186471754,41.21491488322371,Developing
0.6444503889229976,0.7264929033091148,0.4957379203994477,0.35178398773781344,0.3500977669478807,0.5534010720373859,0.523567515913737,0.4559402305507238,59.89152340893166,Developing
0.39599072553914316,0.7006708509325937,0.23551827664440844,0.3899976981378447,0.3891903772171398,0.3184717622142562,0.6005833818217026,0.4421611831297737,42.1553542018235,Developing
0.4003724276356326,0.5860542497189927,0.23722744377718608,0.28759409984294976,0.41709390892113324,0.15374214785377893,0.8801428070423405,0.29289488918771406,43.647889353977966,Developing
0.7844020873125628,0.3399378629345454,0.22522181303945957,0.3247812501026805,0.599575454959816,0.3862670140426978,0.6164469733160436,0.7728451852188432,53.02876884299904,Developing
0.6233586023758834,0.44938691106043094,0.5094601483098463,0.37280515636947775,0.20961488091806538,0.49035458827961964,0.6964306009769772,0.5305696151362844,56.072541502108,Developing
0.819278314323696,0.6172053548617765,0.4364967997760092,0.4826260578461076,0.37838537618327,0.3981326207732929,0.5231339889894387,0.8159539651819756,63.31742196926464,Competitive
0.44809145038499354,0.3531365883919094,0.5070872186086174,0.40205544897402723,0.4083136106809617,0.29248932664498734,0.6269725132846908,0.36750019492793096,41.65478146451387,Developing
0.6142782412333266,0.6036896436237419,0.766605351258025,0.6218924602064575,0.32153216014119024,0.4046256376784188,0.8007855018093339,0.6599491566667072,58.8395403185803,Developing
0.8932279144480811,0.19341289811169013,0.3737894562455335,0.6730560665073123,0.2800329388854933,0.5910832406092141,0.48425993276815643,0.6676527117362403,57.0470721452346,Developing
0.6302247190039154,0.5596847086367883,0.5820115509046774,0.5027152101697985,0.3654916611489087,0.4778796619165445,0.46879314681324447,0.7034809918452887,55.81340064971619,Developing
0.5622955168621745,0.7583880629078003,0.48516333041969284,0.2703867833862408,0.5942877252827775,0.5844149593768022,0.8159259260440531,0.5267204928944096,55.68208449536172,Developing
0.7692588725252341,0.7097246832265085,0.5194081452473565,0.2663275861158253,0.2940831470886346,0.5224246725754991,0.41050037079645807,0.5363703453469277,60.94978112646968,Competitive
0.6725364941011067,0.7229855457926586,0.3563595987632046,0.2538431194564416,0.15556876382877163,0.44890507954622677,0.6927798380628586,0.290790302493688,52.22766018768825,Developing
0.2292767339288731,0.618805929031282,0.8537535120517716,0.4984926965930058,0.2643662474686895,0.02654216517550312,0.9959464742887296,0.18092094445617837,47.155885042335576,Developing
0.6219638337344785,0.5347856907251761,0.539454025863119,0.7320233403406716,0.22170301148270508,0.4443403716105127,0.46016312116248625,0.4367531327764369,56.22357537501586,Developing
0.5752932540459715,0.8119326384487522,0.490398467573553,0.4915524648704827,0.2653167621099979,0.35492821671366315,0.5152299141508933,0.6199174195634061,56.799436133683955,Developing
0.9119368283332847,0.3613473936142146,0.30055924298166575,0.44097293816757877,0.2898456797177874,0.6646104971208765,0.6697640685463249,0.8016066243706155,61.46111217709266,Competitive
0.7557324960199255,0.5837889744284016,0.3762566235341557,0.5096683074109334,0.6328346876114421,0.5640002160527525,0.425052064724237,0.5741225016878918,64.62302803922267,Competitive
0.6327111454273893,0.6483923650406826,0.6556872578504503,0.3832104741531277,0.2170573954832249,0.46474864645368263,0.5559444496133125,0.5009106571075701,54.56796526436634,Developing
0.8236280540739133,0.12608764735124603,0.4570220894777581,0.4395620844805745,0.3329160424493076,0.42071404061380013,0.44438930835667284,0.6821558360407584,46.47958088945526,Developing
0.5104328173456316,0.4829239017532777,0.45585511281199953,0.5852991858222163,0.5211578474605443,0.344847026814368,0.7739737394973544,0.5518293535475433,48.36182401585287,Developing
0.5421097286711843,0.5469445099188195,0.3967914059401242,0.4183750514350924,0.33997474148153717,0.3547942819261605,0.6204341338161911,0.4689932734626854,47.958059945100025,Developing
0.6711469937635102,0.4091117649464203,0.4684215753881946,0.38123501356704315,0.166507219702269,0.4010194987653838,0.5237718787471134,0.543617729422339,49.692772221415495,Developing
0.8773273606975052,0.36145466305839136,0.38056617349091765,0.36950442930875427,0.2985655317907681,0.5954984222181477,0.4971342161143657,0.6982271047390386,57.17582067697415,Developing
0.4052727210081303,0.6308790549670431,0.5963209858278257,0.641295540069494,0.44262058087235906,0.3140851377971309,0.5805087690949045,0.4287328392957544,47.32624565234231,Developing
0.7506483839208042,0.2954996041483328,0.4545320021619552,0.28275328694459567,0.43874683761370303,0.4960003252973756,0.814130797814881,0.5898573184962043,54.10899094509524,Developing
0.6955125432033221,0.26080695528715625,0.3353271626788688,0.4895890704220576,0.38853612335950877,0.5559438500205113,0.5791381287967862,0.6449542688771157,59.60493228494233,Developing
0.48567714496655634,0.41057450212028723,0.6184758907455413,0.30212625856694764,0.6223360723940462,0.3349110165181434,0.7876235372598656,0.37820475806505466,45.82291776682192,Developing
0.8724591873188778,0.5781204744407451,0.3555467370841914,0.3100113199115644,0.48900692365056647,0.656487902755138,0.37376418493948904,0.658913645804919,63.63579778834558,Competitive
0.7126595562660937,0.2681876892098467,0.4897964494983584,0.40648260971200734,0.6010423515933666,0.40658280398943314,0.49683257359393446,0.6602502398603707,55.67123050960204,Developing
0.6640679591132695,0.6741102149145753,0.3602303044015952,0.3979651234761953,0.5032108257690555,0.5398450168809995,0.6658134071142099,0.4739735363781992,58.3384736254434,Developing
0.7022996651266995,0.40544112195611903,0.25303070718435405,0.2588773699782436,0.31965323256258615,0.5633797618431126,0.5527080710141471,0.5577558486954171,51.244666694507,Developing
0.7549633996943926,0.2843953687688608,0.3862341000456496,0.3402846989837192,0.2838080081775906,0.4638493099816491,0.7139581376995598,0.7232597253173069,53.41928072866979,Developing
0.4520426286117604,0.24721267145943598,0.2593077338373455,0.5536570719532897,0.3232771028621192,0.36712979750439706,0.6208753080842874,0.40881937374992855,40.35063092095247,Developing
0.6627105383934881,0.7070307510302968,0.5304698535442909,0.5519724220980219,0.334245367018973,0.5600703208310525,0.7849657969234977,0.6837290893496158,60.012243129861695,Competitive
0.8326440023108551,0.476759237735134,0.24433051696895733,0.35415105453183887,0.27911516542471754,0.5697449815769369,0.5342842621839511,0.6093601504188315,52.29027270911254,Developing
0.4998414219395059,0.6244551824965662,0.40434543998928685,0.38392338983892854,0.37627089184565493,0.15518528837748477,0.7845612457354566,0.45936844811702265,47.266128061043176,Developing
0.7298811583914825,0.8239521852159869,0.4643778370751495,0.5767963617936591,0.34076189764273157,0.6191272135457164,0.44247102550085093,0.7768646446737474,69.97267870519507,Competitive
0.5521122949914011,0.45880158753393,0.6561937984243933,0.6003824737225264,0.33815525042666766,0.3894977446882706,0.749006340783538,0.46902264194539556,52.457327211749345,Developing
0.6489630422715384,0.6936178099678063,0.23871922087932765,0.5019284184773251,0.6082860297585418,0.4406740844983969,0.46202597151862856,0.5808571620017368,53.45832588328599,Developing
0.44072550520915715,0.30491231529615387,0.09713911719221353,0.6089171482701278,0.363085969024463,0.29462557953365104,0.6237834447359256,0.4932793647950898,44.208846983068035,Developing
0.5580943251343337,0.42962928663725264,0.5269348930551774,0.28778071554883994,0.07914608749436713,0.4091582746770649,0.8910094320120762,0.5725098496716441,49.51534944362242,Developing
0.5831067354884787,0.21949412399721935,0.5183195492024459,0.4214418083363269,0.5627449935599614,0.3334864335840574,0.4508129381530839,0.6216221237003088,42.78422326977862,Developing
0.6417245935592175,0.7037468845178104,0.13944411080438998,0.3981615188503718,0.26314263811982413,0.7162678931841284,0.7570301012205926,0.44400296943520656,60.585380339247735,Competitive
0.5167974609060917,0.8210272784189352,0.4303051619165573,0.4677425239769779,0.13579094545315026,0.3556111421918864,0.7123532044041904,0.4451529099512898,51.7686365758509,Developing
0.6686256364110831,0.27939752345361085,0.1345816785061141,0.45200077173298253,0.3291920369357909,0.6245920310759964,0.5309999615362074,0.6001570940554718,46.65896671330341,Developing
0.49508514055011393,0.2867093868405365,0.5259329632853935,0.174805064704136,0.21421774517044365,0.376294315382599,0.6344622036409253,0.3838408970337124,35.749271875783094,Not Ready
0.6837933135903352,0.2875081511226664,0.36441334093101696,0.13515017460221054,0.24955731511959006,0.4680673370969836,0.5512035838235029,0.4480847321944811,46.51074997691573,Developing
0.7364616794123462,0.3118927391993469,0.6872640654635497,0.6135898117887342,0.2761526343291648,0.4591443418581706,0.5467924240273278,0.5483977455636189,60.2737612871484,Competitive
0.46977390640663075,0.4477243643907325,0.3600185705406022,0.5492384889372088,0.265569814135361,0.3372961734074175,0.7997301375899444,0.1234165063209764,46.33191316553951,Developing
0.7969898712826852,0.5135828999031178,0.13711747202869873,0.5158062566603145,0.20318852968627418,0.5659227283541982,0.4960783498872017,0.6868709554577244,55.406484779746485,Developing
0.5825838244477616,0.36661397306687327,0.46037276770122476,0.5848735102634379,0.5946350709229651,0.11335422471266987,0.6845493294807871,0.2898453272228111,49.053345863547456,Developing
0.607802426820265,0.38765598665329964,0.08271104237746647,0.6375410378649515,0.24290918860718025,0.3241955374570339,0.6145149792146625,0.4285026085015235,44.91805760696828,Developing
0.7869454424584179,0.5661823089950784,0.3058794219760773,0.6533091186716344,0.2372338572659582,0.5464681064961527,0.7593223310476762,0.736270895054938,61.23993668954416,Competitive
0.7450863064661362,0.7526019100784133,0.46231264425471286,0.47736074655184746,0.19358553865863404,0.5224472271320082,0.3085048658411719,0.5754881184413524,51.5986034751831,Developing
0.6845023390617616,0.2703947962670507,0.1318644439169715,0.6161897827772751,0.289083677066283,0.26824170357616617,0.4941756430950637,0.586287609623579,45.97250164290569,Developing
0.34767212903283157,0.2193056581777163,0.4323680466276371,0.3757802708851802,0.11347213723851432,0.23226482740023052,0.7903996479155877,0.4946890902434463,35.918065594948594,Not Ready
0.7021181490541598,0.49672055164962914,0.2607962990543512,0.546616894194765,0.5663311335634855,0.5984714462268458,0.5380555803225827,0.5636874393400038,53.23982495872377,Developing
0.4546506136201372,0.37271072865780347,0.5990776145438947,0.4292920593742408,0.19279747973531697,0.34077878548526974,0.6640997540969011,0.41680494224098524,45.53141464332537,Developing
0.6811169313819934,0.7714084308219419,0.5091035797366639,0.40662268644922045,0.33168079250652616,0.5122059231978953,0.5414982830948407,0.6460460130728478,59.89447227025535,Developing
0.8583034986228911,0.7860664361928603,0.23116176518437623,0.6088395206356173,0.10228573837765415,0.7272290639440807,0.41958348843304405,0.6337607779239274,60.880719284759316,Competitive
0.7586783814922305,0.595853234342667,0.2254426339547868,0.3173917648124165,0.3689515815668852,0.6815717487354279,0.5156686749133412,0.4857997024554688,55.028610442925036,Developing
0.5928130933913229,0.6494260005635963,0.44694238394216573,0.36760168081261896,0.4111996308428338,0.37347607756176676,0.6673410955121063,0.569345790899569,55.498879162836,Developing
0.7127762445091755,0.312150854668336,0.5685078632012688,0.3091039449683255,0.2523947981080403,0.6670595202803359,0.7047263430868147,0.6409487465637468,53.99642993214026,Developing
0.6364348484270247,0.43497796142135553,0.7541574748313394,0.4221203383748419,0.13600391640493334,0.3040014054006863,0.6490438230184946,0.4671888532213746,49.55572467315537,Developing
0.8082240527255142,0.5496945214430381,0.34764941940868577,0.49195338892563456,0.33363132521640476,0.5266972830308916,0.4827070802448511,0.5610669353052045,56.13240758361158,Developing
0.7091216053194245,0.5941686219278299,0.282859249800542,0.20442354561376316,0.3290959555267922,0.6783985912563988,0.47269927658965255,0.6677129650588125,52.58571000584563,Developing
0.35111368262497117,0.4491167701296149,0.3022452325268378,0.512234890510325,0.6501294926791252,0.3002557869319625,0.7413288208996784,0.31738512526458007,41.05080981200478,Developing
0.7729180837897452,0.5569752010833741,0.24973630939632413,0.5549779192747369,0.09897768440581656,0.45338778183327244,0.5653553022609055,0.5880765904619973,57.637370814678576,Developing
0.7486229941492618,0.6430626037034718,0.25152482452707325,0.2668515223027858,0.09371138309462243,0.4475704497298202,0.5430102053101128,0.7083360936666462,55.58739013325199,Developing
0.46215763586874287,0.7187798883107316,0.5047055067089976,0.5037452939695634,0.3649151957540543,0.35705578245645586,0.8286693676772676,0.32714537513274994,47.42593822723514,Developing
0.5824047224736822,0.8092106979182994,0.3914531345393886,0.5339795880076875,0.2138220618417291,0.3708474238180002,0.5987188782481927,0.2644447750246153,54.43831660499388,Developing
0.51043483326872,0.5066883158461514,0.35222836750475844,0.47508731202631355,0.2927669765350804,0.49522711216895093,0.7339403900904707,0.3617065551274827,45.82957341101021,Developing
0.7393085606825364,0.35161254745925896,0.30260091634945135,0.5571742263126644,0.15192057944346343,0.32891985970487864,0.6749206970826912,0.5325800444922425,51.34642204658335,Developing
0.6740699373882965,0.6112804123919907,0.5922009586206799,0.25402470602065935,0.1470371657001494,0.659027188595857,0.6232217782931952,0.5009607171544621,59.60273820317457,Developing
0.6461123341505537,0.6489890072304143,0.1191834365470547,0.3594698034931827,0.2523492480147221,0.4911085769509698,0.5935933528257189,0.47161409116759123,45.70908813872629,Developing
0.6053846058843285,0.6003993529218885,0.325419548501071,0.6944637965551744,0.09821790496948422,0.27722487982562805,0.5368341344699136,0.2628696189510754,46.17918594089018,Developing
0.5685948358373482,0.26994841265442976,0.39542820021868824,0.5103131102282972,0.5259389332229529,0.46293385586848396,0.6622792439003453,0.5425919658799392,47.01316485500936,Developing
0.706210236684535,0.612893621497505,0.5649542844560121,0.928241411195238,0.2607843109495309,0.34348865182757815,0.7725264007242553,0.49505013886710547,63.52692009677835,Competitive
0.38386505791094583,0.4597375864908661,0.1969763794302936,0.4315519079452901,0.5267066241531952,0.13584796166876648,0.7879921856679134,0.11268455315738879,34.93392208804482,Not Ready
0.3967900308837766,0.5735576776351384,0.31047192539446017,0.19967970379993594,0.3880191701426982,0.24987442225972264,0.7824361829996069,0.3784090171881218,36.99799580208398,Not Ready
0.6262513139094352,0.3112372246555289,0.2627012494236056,0.7525987199446049,0.5793043973124372,0.5845924423999219,0.7153872441863641,0.24537795275097396,55.48795186096178,Developing
0.3167615828924048,0.2585915050156675,0.38455759593863886,0.4743022103922792,0.44866466791464665,0.13180024790142422,0.8929581606464497,0.19722586551031088,31.771544711371735,Not Ready
0.7031084499787739,0.3061699862990755,0.35408837207163585,0.5772070194949055,0.6776405784979259,0.6008916157340664,0.4707359124939967,0.7207222210513448,54.44974578461084,Developing
0.9011342085148503,0.5029693034090787,0.5001510761123763,0.5419048806405278,0.38134879102172475,0.8274725197183249,0.4233032279905513,0.5510595804976447,66.91328827851788,Competitive
0.37978422378974136,0.6205929569583547,0.38598676797294573,0.3657763175709091,0.5827640769742269,0.3041811017091165,0.6649749246009032,0.4294776461568194,48.97159115357992,Developing
0.7237986853907425,0.7709443195385746,0.36960057257584755,0.5703462403427678,0.4677780075309143,0.5950392471275088,0.4865109276931606,0.5433851014666864,59.906846691884596,Developing
0.8182358128767022,0.3232444694651644,0.37019471512557184,0.4996670318346336,0.3467724097327193,0.45720086739719745,0.516346544322099,0.6762801822885961,58.722572636825646,Developing
0.6912776074085611,0.42379035403399107,0.3320071141003248,0.39270993389209663,0.10927552913668838,0.5147227812661636,0.5485341255251319,0.6458383329299746,50.28210053196412,Developing
0.6369499964962037,0.6347653654961505,0.6804357712631759,0.3578948542260344,0.4096257123112511,0.571328443983165,0.627702395332642,0.4026951700039806,52.194123389762595,Developing
0.7542224053555897,0.6377146903975385,0.5469483781273528,0.6868892262862895,0.36660433471649667,0.5817389224971036,0.5966869445753892,0.4935676053335721,66.37197380896663,Competitive
0.36255001167807027,0.5705746431734668,0.3511433510669804,0.41592724357370375,0.5572205202029439,0.20792910966467024,0.9248701941360233,0.17994425947404566,42.34178710614655,Developing
0.7226109052539906,0.3301343857795357,0.36385292314110335,0.5019550849464482,0.3655514254991464,0.5464373210482083,0.6091651871538599,0.5049584290954401,55.40151369549528,Developing
0.39453842406551065,0.5958364498766446,0.12391416338755397,0.5432552114633494,0.28439494243184293,0.24678231067433182,0.641665582755343,0.28942386299272693,37.29535854873958,Not Ready
0.5929004044215507,0.11147267820446423,0.3924533619197591,0.5484999532838116,0.4900738018009736,0.5523887779601635,0.7955282243189433,0.2990887670119981,45.6931131064448,Developing
0.5909261706862463,0.2538606496387164,0.26841199911223645,0.22275724642949815,0.5147385654062835,0.31594435829500966,0.6129676643065426,0.49635516959097553,44.22374475516522,Developing
0.5470427141805791,0.38539022675318546,0.27187262319708433,0.31439146138077295,0.289381968048672,0.3801202183578484,0.8004482438616733,0.513588500661389,41.51725928778217,Developing
0.4689759075573754,0.4708759346274125,0.12929481882066038,0.4744883487890835,0.5438088816583407,0.504476075057856,0.7879348996298793,0.28136121667644587,43.29650481287103,Developing
0.6550889948615548,0.3792636891709128,0.1897113769237562,0.27877084939180996,0.6715964724756962,0.4176372446400264,0.5698498401369338,0.41893646960667197,45.65106417899916,Developing
0.4523713387958967,0.3868496088706357,0.4289701989786724,0.34672156777570234,0.15882066845850082,0.42274984991243886,0.735988220983874,0.31860143948703423,39.044461867447026,Not Ready
0.53899932211087,0.7891943548635428,0.1298811907606708,0.4287397799872374,0.43331843611507376,0.39956791549864434,0.6198910634371513,0.4613929617474861,49.322971123624136,Developing
0.33662352550068986,0.1941182798143615,0.5075144944408453,0.6903071155623999,0.29866767144350787,0.3482437295181333,0.8402486015217249,0.24532713559786656,41.657486627537104,Developing
0.6636769312141607,0.5824650573092598,0.3595209518258503,0.4537342035206846,0.31193501910568355,0.4584809886397689,0.6009215072320329,0.7215278449747022,56.2534294110088,Developing
0.6570763172275454,0.5289966398176371,0.37449456848714674,0.43090621620572656,0.17312141625156366,0.4031117716163225,0.6348097481336358,0.6029478468240032,52.31429690601448,Developing
0.38150905813613023,0.3565237992995332,0.5639725752001696,0.22552408823604153,0.1753828691262513,0.20949422511261492,0.7925934599712324,0.3207802868903686,33.83284081387295,Not Ready
0.4789171824440764,0.6090326882053716,0.4750353523285308,0.3470673698929995,0.24281607256706483,0.41294186788688764,0.613013680518188,0.30115513223869517,45.867721924888286,Developing
0.6208142651133086,0.38361949385931454,0.22163453453328252,0.534895704903402,0.388464418607933,0.39372387138857967,0.560866363308384,0.4766486686203707,41.94392236024938,Developing
0.5749756871995587,0.6285110477412506,0.13299226565833042,0.4382207462694109,0.11764962713171209,0.5799524331203818,0.7896880516685494,0.44339575805130294,43.205499990115015,Developing
0.9175838732438911,0.3661586584170161,0.1372493663997126,0.4247932657683039,0.24613863297723856,0.7104411304037056,0.3957464910130702,0.9878076197409494,56.96711103755347,Developing
0.7000127309467423,0.34044419826950695,0.473389714331084,0.4789135203539466,0.48878075046186537,0.456836907112728,0.47902020946903495,0.5207216790634472,56.11371116364873,Developing
0.7365929028967553,0.550164511528754,0.35671002189730944,0.49603480052974697,0.45205273950496916,0.6790973229637283,0.6128827519414415,0.730462796412928,52.7998875155928,Developing
0.6162042024355113,0.5324626315543513,0.3001369457260495,0.3128229364753605,0.10671786158868525,0.41845409067753714,0.6664858702570594,0.39072859266877313,49.45587605065209,Developing
0.6823196772610992,0.418947815177405,0.4678320731786476,0.7075286975131179,0.12871261164925488,0.28859626344069716,0.6600440309469549,0.5864469382045899,51.24722701680742,Developing
0.4881390859502519,0.6002820242589361,0.30782448175803273,0.5140980100218185,0.43581876317586055,0.30640345820554626,0.7511639900021282,0.5038077982273804,47.04756252128878,Developing
0.29819570852655697,0.5569616078364762,0.22375144916398335,0.37652472338133053,0.45927117108961696,0.07676846489970085,0.8330663732856717,0.28963517990975945,40.548690469622315,Developing
0.828952162685652,0.33556704483513905,0.30558751361656816,0.5218665470290451,0.3643635457015483,0.6153473487475369,0.4609975430670657,0.7046326694344475,60.5157445656785,Competitive
0.903992131910664,0.5175669638324004,0.19927153036867346,0.5076003246591411,0.17139500714015304,0.5559185364279938,0.45011280293179445,0.7258789130123788,59.3336536238159,Developing
0.8619022870396251,0.7609564663041771,0.37553348649144724,0.3291600197032615,0.2714595719403917,0.6895512060142438,0.4370038920878934,0.7054849839214279,62.335926445578515,Competitive
0.7926069890861346,0.37488099357099325,0.384144509203627,0.2493332302401788,0.14990955295099162,0.5252625827022317,0.4667538369118405,0.6132872899714735,55.64131304516987,Developing
0.2635794064116372,0.5292057517311907,0.4722888194472137,0.5081902145061432,0.4826262616381658,0.4638744846002651,0.8150406802102821,0.11776299690244624,38.397757546598186,Not Ready
0.715357917977085,0.8470555594318876,0.34427110035096603,0.265963691160843,0.24586829670278318,0.536992581678161,0.38593987786686246,0.6293202302723256,57.392862280308826,Developing
0.23008135777002306,0.5007886971128839,0.41124782251159575,0.41794706370488355,0.11678839937577465,0.2112994760793267,0.9122653567732513,0.22173388877683825,36.605263946259484,Not Ready
0.6821102417241378,0.6319416482687588,0.1849221233485204,0.1772624550398444,0.3704928597364876,0.5379660300212674,0.43362450492162685,0.5920071405743634,52.74702604375856,Developing
0.7978604526221167,0.6077562439763736,0.24524498761585745,0.3004227341894317,0.25488490048491247,0.5878441876806336,0.655858774594358,0.5069095674556376,50.667144475563326,Developing
0.7154524373009372,0.37237911077596714,0.08465018694517948,0.1917270648692426,0.3391218214755887,0.6278385334311609,0.6090531074595313,0.5252602035880214,48.47196652388685,Developing
0.7704977977457701,0.389847046882672,0.38916883498063043,0.4174840621788283,0.4057428690037207,0.5741018041615182,0.5359331293386952,0.6042824089129826,55.12462628153384,Developing
0.47785842255861494,0.5440429865785062,0.13477367649185581,0.6227769057464198,0.44315715352191337,0.3691285394556416,0.7491028596123995,0.41258448310527973,43.53693362552457,Developing
0.32717540180536886,0.5872493593389355,0.3587248313759106,0.31715238468124685,0.24732664566842222,0.26942318255098774,0.7123448227207573,0.10704057976132791,36.966125277096005,Not Ready
0.29088117428215327,0.42447498620242335,0.48850355158663916,0.46787974084116013,0.3926996964553948,0.32359053426705875,1.0,0.03955442555400776,46.06094227608968,Developing
0.5749072659208163,0.4626136918316112,0.5632506452979473,0.2822199565513244,0.4243546907442377,0.35427674980682244,0.7209131280065405,0.5576065811984546,50.240242164038094,Developing
0.5050071937012965,0.6445840789365302,0.18207660346114454,0.43227449807568863,0.35644800392122594,0.1420211931416872,0.7745080021515821,0.36676149390179,42.27994750669773,Developing
0.7048096771269619,0.38023438767492357,0.4203878521653306,0.29180821745759933,0.6867564679194594,0.5255184196663182,0.9361591565327145,0.6905087561696469,53.30300154128928,Developing
0.7043793979883117,0.3841860323616558,0.38209775497028464,0.3726170172318679,0.24790076257518512,0.5573758388984572,0.7150983302853113,0.5867689952840378,52.86646075704336,Developing
0.5261276149615299,0.43698122161431413,0.3021082137135561,0.540225976822052,0.44274757298743345,0.26953388439038245,0.5375401745875286,0.4888347055677886,39.58046140856139,Not Ready
0.44762150815676605,0.6721638022947973,0.3306370972710774,0.31867585143641664,0.08412031524540571,0.20556885200599317,0.7836494185575682,0.36083478916329165,45.21795133911992,Developing
0.7121737937137154,0.5048868371075836,0.5264614638755085,0.5712789052909406,0.46357792278290033,0.4093027086017698,0.7103615140426377,0.6066684326485677,58.88005049968642,Developing
0.43063699367583713,0.38356697108015086,0.5875283521490354,0.4164191143656502,0.09054296354417186,0.15013994754963736,0.6715879585241679,0.4501425225143016,40.34232572638312,Developing
0.788138157582277,0.21271622634435874,0.8145316996285987,0.6490003449007049,0.367547976178912,0.6086849330421867,0.7103671501259946,0.531274062802674,65.34747128813676,Competitive
0.45111043617662555,0.5340250233020991,0.5071932713617232,0.4698690715853923,0.14568750399931832,0.4321725390041871,0.6348202214792815,0.22924085389428717,43.6869977550724,Developing
0.7595121434847821,0.6511060361422524,0.37812753786639586,0.5461955385911322,0.7380327684916307,0.4278216881444642,0.44564664473640114,0.6087416453063401,61.90922760283341,Competitive
0.7548882323996445,0.3859070064850242,0.49588500115991535,0.4878178278271232,0.35551458575942324,0.5799108539986032,0.5641224219547148,0.45801941332084506,52.990411351963544,Developing
0.5312599583281237,0.4326738485052769,0.35485621154509106,0.46150208121175024,0.25458830621650885,0.3925960741223582,0.6585699952453534,0.25823913057296105,40.57032208855924,Developing
0.6545692882808517,0.21440429180503026,0.7482913841992654,0.5628438980515325,0.1582620355931468,0.3997148748943747,0.37142174166520436,0.4415282241543916,43.586594283085226,Developing
0.8089588483978319,0.583397360072706,0.40832965613169464,0.4280221039101359,0.2845826244921606,0.6767267858682593,0.5083539880919342,0.7419606284709801,63.90010973788344,Competitive
0.7172014069576705,0.3625131126059832,0.09744623261497276,0.4534918181228413,0.3901365568055224,0.7441022280812873,0.34634210888868633,0.6160957973230259,53.74882580346069,Developing
0.5963127144229599,0.560264480403961,0.4476751340919548,0.3554733726667385,0.5158058048399142,0.2885326057026042,0.6176277717475547,0.710189187281455,52.43100252461934,Developing
0.7206413743277424,0.7061011993826612,0.2515229432382593,0.5238598770654241,0.2456874116047992,0.5231383310112547,0.5577608494481122,0.6473415605426598,60.87272023080851,Competitive
0.4333098681057212,0.6144243783492249,0.2718250162485105,0.1932440618611143,0.5370093692215278,0.2993944769867476,0.973709041999186,0.49244990511232745,45.56435759431758,Developing
0.6595543458616678,0.6564122402495565,0.14447894870722927,0.7055869708601745,0.2734112030378931,0.47076650247835894,0.6349944555925446,0.5101661261740487,55.77111078389816,Developing
0.5810688658219947,0.2791285040207173,0.624337789872876,0.5313368258466222,0.20088297791934578,0.37771797109203803,0.6498949148213496,0.44981179658209264,49.063641218810986,Developing
0.39022703605752196,0.6117065206949674,0.49393092236676284,0.3498047905889962,0.28712364645072297,0.33735693284770313,0.5926942047389704,0.4876517069785743,47.35336153631646,Developing
0.8209723737463712,0.7328556375688546,0.2509666485900161,0.2036824557755864,0.37070154256367016,0.5918440438592659,0.4393797037261547,0.6235520772770996,56.52548958980323,Developing
0.7152505037888717,0.508149716640832,0.39061627908094365,0.7049182344506639,0.3929984697515681,0.3638643700819747,0.49453573835304293,0.6041913339613207,58.29287459295199,Developing
0.5632877266312126,0.7549236929721567,0.5194422336571081,0.1995307115613729,0.47186203665508103,0.3897213983918153,0.6824038606803305,0.6135862219453349,56.410354889346365,Developing
0.7216201395350473,0.3153510906931844,0.34913240092330927,0.6934335090989832,0.4360182936712112,0.5351463593950397,0.4616864093327654,0.611014693271828,53.30425224244406,Developing
0.7844612178775062,0.12820814917604315,0.3609882320038679,0.38730450347623124,0.29660989642441776,0.6779195933220861,0.3834332628652575,0.7589390630962458,53.918347128004655,Developing
0.8192843294599849,0.49763386020802397,0.40761998900859564,0.27027501288677064,0.6265430839046986,0.5340658622085493,0.5611903565120048,0.4609734095724307,58.99333969821741,Developing
0.7087573518567708,0.2714893964961469,0.3254645184403264,0.36703174466555677,0.2868363495742249,0.5131507275452084,0.5787095025585566,0.4662694600907483,46.28564211368333,Developing
0.6723794983070966,0.4671942315472314,0.4022663256170497,0.26396624088664566,0.22211141238893856,0.3837472450405612,0.6182791127226901,0.6236106151786258,53.05516160508453,Developing
0.25980059895840113,0.44446111180722603,0.5118274235607246,0.3834361589492444,0.4937125335764626,0.32303339929159086,0.9004850974725398,0.15149001027637155,37.04340166997774,Not Ready
0.8775174816506613,0.36421449712279547,0.3130378284544996,0.6400903004158265,0.2965606425590674,0.6264243253383212,0.5878543484593937,0.7269890876173326,63.654936879394526,Competitive
0.4434327950516295,0.29877886741621285,0.2875049813220781,0.2713254146979089,0.27196297041822587,0.4774377462131417,0.6047209457831451,0.3371763930066859,34.465440920810046,Not Ready
0.5777653889621868,0.8844221397294311,0.3984676318831818,0.34841818629142396,0.2528368620006761,0.38660742232730727,0.5975732647956424,0.394635279608183,51.03895008921552,Developing
0.7284083675762021,0.22828436480919959,0.47031268521940345,0.696274953092147,0.3898221840309068,0.4956332600489702,0.5738110542731077,0.40656933795567773,53.194666508905186,Developing
0.755584550347821,0.6050621427014331,0.5751999764849792,0.7002383937902191,0.09336897623472527,0.5500668974723465,0.6815048475708377,0.6473430062239929,61.91376522652833,Competitive
0.9024712897083503,0.32664839838082205,0.6543251998117272,0.4079475303969511,0.3616765128388749,0.688961834473913,0.3642001690381724,0.6554717048622299,61.49338839450184,Competitive
0.5361333758370871,0.341358416075273,0.5758766081421253,0.3677422418110248,0.41623697378571844,0.5343413306165781,0.6340425190475588,0.5421603701867744,46.33849090463833,Developing
0.7269178887137011,0.5564481749140884,0.5002371351054556,0.21114017546008892,0.47643358278988424,0.6565999819137334,0.5796743992360969,0.6864408176008719,58.84846713924141,Developing
0.7320724631527562,0.7272269762862293,0.38598112693295256,0.6495652906229791,0.37121346740679123,0.4344516464909278,0.7638217818556498,0.5474949918565393,60.652947080406996,Competitive
0.5162124678806753,0.5904062321856587,0.46379470928625716,0.534832221475899,0.24050185550551378,0.33395543486236434,0.8654926048586389,0.45810430196394214,51.104324145627395,Developing
0.808987617746581,0.5671407622413401,0.5099721354381893,0.6147875327470258,0.2953308395745464,0.31949520250652186,0.6071851448672156,0.615774451998633,62.435744880893616,Competitive
0.6050844454924429,0.7316174475634712,0.34811500160199427,0.3851348212958211,0.14830174689580028,0.3166270304722398,0.7532439876092684,0.4280193930438738,46.78208058346781,Developing
0.7481062025950556,0.47439534366044545,0.3534899461188628,0.34151742717108535,0.28233842630060346,0.5240734335907034,0.48063334120654155,0.6040576686741724,54.92769361256633,Developing
0.8401450875339735,0.6109742542890919,0.5729581965692475,0.49725779940213194,0.07594325761541247,0.7789397016441566,0.4376922769008891,0.7263646770619767,67.72280202974618,Competitive
0.6857687691657535,0.3306954755020163,0.4516938974845769,0.27771218960445504,0.3692490638188735,0.32815324886932246,0.47275411059544337,0.6358048397091122,46.93959356317483,Developing
0.7580309879778291,0.6818461085472248,0.4408848891924282,0.4099151835110905,0.2658137639454546,0.6544056439217318,0.6455524352844554,0.5263442900556934,63.63476674721455,Competitive
0.26521371254304466,0.37650485777852577,0.4753047532058329,0.6044339693437115,0.27047053233471857,0.16857669300719264,0.8746447648117422,0.10146884573814097,34.52346735862883,Not Ready
0.47401580483069183,0.44217768409021996,0.18427785147823228,0.16033524922421977,0.3752814794355316,0.40495974848549704,0.7070666759481402,0.34397277519106434,41.356489839073475,Developing
0.6909164931836951,0.5212039863841683,0.318596578281027,0.4218420509698717,0.3287504823501023,0.4676482823719702,0.5504449361038329,0.46994235613520563,42.598073566709715,Developing
0.6028413189108934,0.7877609426335553,0.23623354488916942,0.21018999582000045,0.27884398205274646,0.4698666644661274,0.5419194968983622,0.38129643030669147,52.93570953574727,Developing
0.7659775807062368,0.6643458500392145,0.5170759137666057,0.6524560645128323,0.38875323622758395,0.4579096511551408,0.3988092820805418,0.5913582954062325,66.64211126158149,Competitive
0.5517929853813296,0.33564459906622013,0.5572450206730144,0.4714196573637816,0.2899173319895992,0.2047882689019295,0.4535445708294929,0.35434143199156054,44.816026682446015,Developing
0.4062519220780279,0.7519623931737905,0.4594498315936385,0.5151021718170709,0.3424503758497379,0.33392145830453906,0.8172579536628073,0.323803632499959,51.8655685445277,Developing
0.29588523585247617,0.38609863341703593,0.2889237264803184,0.3847336931500822,0.5130055491287346,0.32592988951708135,0.7983424185944836,0.27887870590512054,34.694417146711615,Not Ready
0.8509958631104053,0.5635804666018875,0.37020355796781323,0.5404828711227377,0.28010862203752146,0.632839518639848,0.5691782859895703,0.6367291092102338,62.04836651942172,Competitive
0.8042609154333484,0.5705351402096854,0.5209672868264434,0.3201112961434694,0.08972306442606459,0.7073344340120385,0.41187599266796043,0.6727633846367777,65.24096226054978,Competitive
0.41446210644892567,0.24806593993781365,0.37760213591471015,0.36644183474313935,0.15847125468699988,0.18657575385144493,0.8041579292507354,0.35464981601812195,34.66556007732773,Not Ready
0.6486570329752683,0.471959500487798,0.10114466693587561,0.47543930869995044,0.28369770417011814,0.5292720199307899,0.61983400042278,0.6260018014569982,52.69709729399916,Developing
0.6475599026269617,0.7683535837805888,0.549895385786393,0.387329230088558,0.16878430779595138,0.4242246421686229,0.5821234032552267,0.5176884490251897,54.13963730592221,Developing
0.46126150195812543,0.6680539125086316,0.2915067652591515,0.3854099293245157,0.5131362661039338,0.5258131415016849,0.7578788760510685,0.25937604540603776,48.01814235978376,Developing
0.5063562340454464,0.7296234168365129,0.5685768117163245,0.33426862098922794,0.38801809764849615,0.213053900330045,0.5581604684360966,0.32092656211242054,43.552006874360075,Developing
0.5829497416745972,0.4497569087180652,0.23931820311939983,0.7171492487480914,0.20430039301867536,0.43260374536911994,0.7312123755376672,0.6388083343016908,50.4341293274237,Developing
0.8092345245244994,0.7892522344037514,0.418206826546824,0.16656063010076194,0.3787702049790326,0.5127130592221846,0.41996706786008725,0.5279450321804908,64.3184912633248,Competitive
0.8352123321178924,0.3654012625907967,0.2605914225790768,0.5466269525056993,0.5131366019150105,0.4846547237328708,0.5314155746216732,0.5616075012949823,56.73265061529368,Developing
0.8360356803845151,0.5292500756558411,0.2987253062304191,0.6019963384273401,0.3929188438979575,0.7130837342251486,0.7012101727080493,0.4242267632547829,65.1004646003818,Competitive
0.6232701862271576,0.396711592814832,0.24532374480101676,0.5191088837612482,0.2723119067266051,0.2750699965706467,0.637062690127555,0.6362278339449171,45.20677198993235,Developing
0.516996889239021,0.27523403562413523,0.26881270642724164,0.3984265020668495,0.42623232246611764,0.30173960029685315,0.6564126395953983,0.4172201614428117,41.74339352958311,Developing
0.6614505097639729,0.575695093291952,0.1778437573455978,0.3373251426371042,0.138531745957245,0.44214598029023305,0.4628365364637663,0.39578050487187344,48.086350779364984,Developing
0.8389028307501004,0.6095940989494143,0.6291039624105662,0.45716068344947985,0.5889116540117448,0.5413025700024467,0.3279792522776114,0.41864240406088465,63.12421698397915,Competitive
0.8012282549047304,0.5135580280607386,0.48107261349574415,0.539110418268948,0.4075121757641728,0.6012492717230092,0.47088018214966126,0.614919509889265,62.28458220974738,Competitive
0.3561143073120876,0.7313753906690376,0.4003383957503862,0.34292619406581476,0.49825394644797527,0.23306217155752632,0.9719151508867307,0.2566131101919202,46.41377270573969,Developing
0.62791886266347,0.4927491015225006,0.31607844687087805,0.42649270069304696,0.3703887764498548,0.3908306816980979,0.5928930251862445,0.6658927944594745,49.87118996467432,Developing
0.3840915594831093,0.3978688223351699,0.4387902244089555,0.6745622329023553,0.526633674978223,0.3660955983137737,0.8312485940899833,0.30774953486062895,42.10190557484859,Developing
0.7463936131611469,0.7291744946083292,0.2252158543063231,0.39704039772562233,0.30653787529993837,0.5135638086393498,0.5679644008895948,0.505855833954211,53.7183994384319,Developing
0.5296545157110015,0.7162740682231467,0.29856020001502526,0.3345561246705954,0.43058680395424503,0.42247880176120206,0.8084190629711367,0.4531876198946957,50.531474546784565,Developing
0.5573602163331794,0.6066936816251969,0.1187575848381173,0.2504183385338708,0.5397231460894382,0.2401946945517979,0.7075279834491591,0.3609976095921035,43.46367021465455,Developing
0.7441944125748532,0.7027846989458534,0.5312104296834138,0.6422879705638208,0.4239771288926435,0.45975618570841886,0.6020449303345261,0.47341025855230634,66.93721306705083,Competitive
0.2801690098342912,0.7103958729636178,0.21641125753287752,0.5167687078837653,0.4091128792485508,0.15997120029123899,0.8203415627184705,0.15844014799726297,39.485168751106364,Not Ready
0.5404502696480293,0.29284851438793885,0.5442505532062663,0.6385970714611422,0.18748374262706624,0.5097568011495327,0.664900349434162,0.2688753816630032,49.6708469796861,Developing
0.3948973500419692,0.7756418956044919,0.524710207973647,0.44924471831947826,0.2170494486799149,0.3489453682587053,0.8707693950248567,0.46776455371273007,45.48524068359793,Developing
0.5094252285011451,0.5021211129675578,0.19859453811473374,0.35622646099965893,0.4820853626222115,0.15548808866482314,0.8598196420059698,0.45801388083226163,42.303371385149774,Developing
0.7236594825243771,0.5556583586435371,0.23530682497547645,0.401314541971379,0.7653580134864091,0.5604849571192952,0.730000739715033,0.5716363672992253,53.4974564193451,Developing
0.77656545322665,0.8336720832432429,0.30815185464742656,0.23100759289568262,0.5082318798831879,0.7382862472710584,0.6883591980739001,0.6298180849330041,67.75623865143307,Competitive
0.8476862015231675,0.723661851300276,0.32269563396962925,0.18601186426663827,0.5453552539290567,0.6540251042266739,0.4675825365190805,0.6432859129795687,60.69359698688627,Competitive
0.6715476881298297,0.3996515689187901,0.5005547799475564,0.38916901775653917,0.24698760862808983,0.364815131561376,0.5671578702189723,0.5801347287206613,49.56426498522017,Developing
0.716650061709107,0.43771865518535735,0.29385632922083726,0.6214237264889794,0.20782526103182283,0.4796685187310416,0.5286486499437014,0.676917463730188,53.53051095009363,Developing
0.5084270217498217,0.5119504761077693,0.5161689045697018,0.5965102493356286,0.1865757989363451,0.40629717937919474,0.8358288434678699,0.4139205837552035,51.66055148731858,Developing
0.263499772520539,0.48952885784792594,0.1721270389385507,0.665985706657237,0.4502145588887882,0.10210283843124701,0.9225009954565975,0.3422445112955792,28.312565173007787,Not Ready
0.5999565783939957,0.36978414665835957,0.26458030551168105,0.4048342545321537,0.1077830791515442,0.43856853950341573,0.7259328805109981,0.49498459640488623,43.43192815666019,Developing
0.6368436386617412,0.45254778757935876,0.2720617395843933,0.34094513187003794,0.45198909587487895,0.5773664347953457,0.6139390523189502,0.49047208579982365,55.61913540735839,Developing
0.575216390518624,0.38487667539135895,0.3909184660423671,0.24176937832336937,0.488444106261043,0.456689083335153,0.6403167525749985,0.6012748657959586,48.60055621646379,Developing
0.6904241878659091,0.471240683772294,0.31079496140136714,0.4382120722108425,0.6606269153548431,0.42979546010939296,0.5061373716136084,0.45210072479237706,53.59707357097644,Developing
0.6290399694058706,0.6290346876726904,0.4847738679519096,0.3801966112932132,0.22191963086089686,0.5882406629503392,0.638692462821585,0.4690641041552418,56.582862846114125,Developing
0.50431544931147,0.42554234515113415,0.1001635784466926,0.30472706249451953,0.43150512625885196,0.2446999896742387,0.3879690825486394,0.34303741281642974,32.98738809710698,Not Ready
0.6848318311093481,0.558799073187827,0.6693763683609373,0.3385276123442467,0.6020908518186576,0.513399946273768,0.49778104429401193,0.5914804413160393,67.09978640916256,Competitive
0.7386562629675301,0.7885115444023131,0.5099753413551718,0.5506417187381736,0.09527837861359412,0.3580514329803136,0.6133071151628585,0.5829629507350808,63.243316062236985,Competitive
0.7325740094539377,0.3695542182831897,0.28153576083725945,0.18148683334047785,0.42642265085963565,0.39592372442549556,0.6202931424499518,0.7267420040594943,48.71380463077003,Developing
0.6708086220797737,0.47425407013383036,0.3624480714295596,0.6487768321671704,0.5080742250588123,0.3978929266008737,0.5439797564243556,0.6368362514406486,57.261613098152225,Developing
0.7010793135033776,0.6318643335991528,0.7566286582250544,0.33255523699163936,0.18910658463040428,0.5551367481907041,0.6356668955462395,0.5568956526851631,64.3404441718774,Competitive
0.4293050861810304,0.5261524962220715,0.1493371636552941,0.6552347026431071,0.14435268055487488,0.34068653840516966,0.8186505135102079,0.49673905880990876,39.464248005021794,Not Ready
0.6183734584011046,0.636414251646593,0.610694833569302,0.5670764813503076,0.3441909941067196,0.41641484142391966,0.6738522967453349,0.44722173085078964,65.06204207998505,Competitive
0.35776429837951124,0.2405237122554195,0.3973842722255589,0.41517151048594547,0.21998027211362153,0.35435095729680127,0.7653170208999911,0.2015419689305199,36.165868811365826,Not Ready
0.7057936261826026,0.34180748797366894,0.39592038640126936,0.29903610871325154,0.3326036900382883,0.49842052586045477,0.5489842855848516,0.6060700242071263,49.41889132895894,Developing
0.7215528982009389,0.28145522538906004,0.3589859816545319,0.36856824628166673,0.1445326848997121,0.5945691902555376,0.7662815349471034,0.5508019403863359,55.63529436202103,Developing
0.6259095378701149,0.3537802758751914,0.1830250955791011,0.5000010821095637,0.26480821156088014,0.5635503301047426,0.6851785279566216,0.5398048984053296,45.60462701323823,Developing
0.4227963596439701,0.5775848263703219,0.5784856591696962,0.3456296940076032,0.19727873757770958,0.2250217260756659,0.6380842151466621,0.5078997557444997,39.38819620632395,Not Ready
0.6229155451339164,0.5517641069621715,0.4812402899218636,0.4498217594890922,0.23145137865032211,0.37047661206900506,0.39365699380764785,0.4356256211780699,46.77105168032155,Developing
0.715371364970477,0.34391397607468716,0.30658873014814064,0.457278836619932,0.3388546620852847,0.34393787007513255,0.5742543725266399,0.5255686573377967,44.5449774880733,Developing
0.7099696132736463,0.47390247883517306,0.2753710996144584,0.3028167124431647,0.2569827382708425,0.49272107651608893,0.5551453561984471,0.46734572701567595,48.53498473640473,Developing
0.5423560437767574,0.42096022762066126,0.3739416240630408,0.49388015656877043,0.28430146752587326,0.5236241525490164,0.6852831570796419,0.45863219989029447,50.06554282483002,Developing
0.5628846198261468,0.7570232186009708,0.5606748937559667,0.4361601449192755,0.3039143827228648,0.43608611797727964,0.5307114781503999,0.6738205661099754,56.59575017873101,Developing
0.4554566550366882,0.5377259746524378,0.21088186056438812,0.47779581174936314,0.4615303962062165,0.3561222493570633,0.8002202685069376,0.2344916284304379,42.06831120074686,Developing
0.4435434584763547,0.34986804730425725,0.25295579999111806,0.7722668650152532,0.2978834514792174,0.41098795675012556,0.6164123760022533,0.4159034085090753,40.612058982842164,Developing
0.7834199239128722,0.24011517576290176,0.5753021126813543,0.23605757617254236,0.20188616908769927,0.7054205529591953,0.39141173536428187,0.6061353988234865,54.47030809436484,Developing
0.8440915390507059,0.5941432517511249,0.19698058798512338,0.42628466203719656,0.44200710228441037,0.6426005783644121,0.39038676902801595,0.6591900986445278,58.66738083754163,Developing
0.6873408309624942,0.41925568536818614,0.4104644246362779,0.6613034981613433,0.6868934512835578,0.5513283496480309,0.6134470358181622,0.4653715580478677,57.492844844697494,Developing
0.6375203660583358,0.24661405633593791,0.25532954426216825,0.4912425902586544,0.48796290511197177,0.44312466561681796,0.5851564698449224,0.6269788919110354,42.40327933734767,Developing
0.7614037314550066,0.4570315206592479,0.5041287148388882,0.4969202450973534,0.3974578755544094,0.5712958285380414,0.39957841952521156,0.7936236180916141,65.94748250645397,Competitive
0.2644158644902602,0.5136626054382618,0.1299357718762999,0.284262068729886,0.1214969883604838,0.2833101458892117,0.7830221728111161,0.2272403606789294,26.351045771303067,Not Ready
0.7910511750774126,0.4378713421376946,0.6253261679997126,0.3010524262842167,0.4867292338215299,0.5025061964442799,0.7098932374934803,0.7134417905754135,58.17537687019013,Developing
0.6154033592800129,0.48677806187126615,0.1406707263573477,0.40507035124309315,0.3545774601191531,0.4275718640772164,0.6220956777725645,0.46605925684841215,46.62098262738869,Developing
0.7191943057560369,0.24460121418494124,0.23589712081080805,0.4299523616611242,0.22866666207701375,0.4427201165464656,0.6541857700744866,0.5521298605715305,52.151656954384435,Developing
0.6086915447058692,0.426888028623805,0.1772109477501668,0.3077760700881203,0.22151467830956845,0.4943490251125753,0.5868176830543279,0.4436908349523298,47.619302779163334,Developing
0.8185297243444328,0.7957138883576765,0.35425562832900204,0.36844183195305935,0.7165093513776917,0.5608308227750228,0.4861732098291683,0.7997577513989986,61.730408023334746,Competitive
0.4026161334343265,0.5353210745099904,0.7551863069279262,0.6102828502208778,0.3110806783698009,0.32009810670394906,0.8530607136984085,0.4005951608415934,45.63918121290942,Developing
0.7258085247199364,0.1709268613880635,0.39072151721644943,0.5021953249732826,0.2780711857043324,0.3116006895085862,0.4868196988322965,0.4628223571360909,50.81148162210519,Developing
0.8622116463659578,0.5716389893299738,0.37736073172162604,0.6064604049211411,0.6079747375320123,0.4557526674864778,0.4893903164503861,0.7096139383907745,62.238831010851975,Competitive
0.4345706941855722,0.3391147904485524,0.47519250542923325,0.43875964433074793,0.4454334858046929,0.3888292696107323,0.7532935894038898,0.36099177139077687,44.36680940798127,Developing
0.24893890066359303,0.638895068128655,0.41889173136152236,0.5344571168079192,0.23132223706375166,0.09104286750489204,0.8666729395507738,0.11249053985900231,37.57847432059063,Not Ready
0.8266489043068862,0.45037604445151613,0.24195934295343297,0.5871800459993267,0.4441862097348603,0.4804665721680921,0.5074120620066611,0.7056517458656443,55.04186363989434,Developing
0.16007866844019575,0.4502185709940902,0.23945679240238335,0.6426815339388376,0.337863987369668,0.02516957657901775,0.8922882765936344,0.1078124735210979,29.115973642322764,Not Ready
0.4353129097155561,0.6286762393840176,0.38809570647366093,0.4437397125194092,0.20124690839938542,0.3247407042524571,0.6778677068625187,0.3243820251538758,46.75444419257916,Developing
0.6467111155278843,0.48361704156140045,0.2406346959095384,0.7298935576071367,0.30151384421020994,0.40525853022319336,0.627958739347254,0.5835134410448358,52.76061865956029,Developing
0.7668530544111678,0.2564730533862008,0.6416488141058821,0.7844338268916818,0.3858818832273436,0.4926401614697657,0.4932413280392441,0.5790442474952475,56.967305916392114,Developing
0.45564079908159943,0.7292526693062619,0.22169079616671292,0.662164530719064,0.44545805589926124,0.2550034260615119,0.6382797085876537,0.3061448098289956,46.64389572833022,Developing
0.6001597510224209,0.3365327538407688,0.13983009467420632,0.4915417052767996,0.1941263104033133,0.49386775246327014,0.5042962085907035,0.5871066551071665,46.39899224002661,Developing
0.6507826799681977,0.7338023113640467,0.15596327040212163,0.8526073743815114,0.26422149450550886,0.4128372125134144,0.691454422458381,0.6686697792331682,57.22864250199966,Developing
0.787811727598592,0.3774413329108097,0.21379955462326547,0.6230722121246312,0.4863619042434347,0.5191457979915483,0.6197785340320763,0.7289412385564272,57.353814198520844,Developing
0.541080150029489,0.7401429117059786,0.2899871125484412,0.47951838086719134,0.4522399950717488,0.30133521834922894,0.8026626448686601,0.48220599026864075,51.43258162184639,Developing
0.7376250420717737,0.6722351202799,0.3067590317300932,0.35738578177367253,0.5961677073569063,0.5596652652640044,0.5974383568990068,0.5745517771602072,54.20318132431537,Developing
0.692371336042255,0.36650938615398393,0.20659955277864456,0.458653151278392,0.4061498712200392,0.6606919687197222,0.5076633321535087,0.7027990263145132,50.05620598871727,Developing
0.599946370159842,0.2888807600977138,0.3669968713550631,0.3133833079544282,0.24386589060850547,0.48075351737502686,0.8242423391621565,0.496846387519177,46.15073923227444,Developing
0.8624329503100455,0.16354142621270595,0.37118244860393185,0.36796612579012644,0.5072771276058412,0.6648733970690998,0.5639917951465397,0.6140241151204862,56.00542442414408,Developing
0.6787786569011481,0.34188960545967845,0.11891077115536638,0.3419882974372392,0.2168330949944554,0.5729120491542254,0.6907549859339046,0.44765740369286094,45.298166794573014,Developing
0.4282984901236133,0.17879644498221609,0.15963471669729107,0.3895085353224239,0.33245770016657644,0.25664222604987275,0.749850753457063,0.3736542973195237,31.96686615553155,Not Ready
0.7814242675918001,0.429868606877811,0.6276440377901275,0.14396317344743856,0.22994882676665798,0.5307231750543789,0.4353720753433194,0.6958823446395512,57.79679532465515,Developing
0.6411546940420736,0.7031563686952319,0.28399026148139295,0.6945916243236891,0.12863265935856436,0.2642691650441043,0.7176331961003952,0.4667306750518545,54.35213657184274,Developing
0.6303193700238633,0.2547755334002945,0.5860303852254932,0.2601708829671894,0.4644796949313013,0.49207469798282816,0.5293236081012451,0.5584010562347533,54.38459221874323,Developing
0.34573433696220796,0.4470213168282563,0.48815048202121386,0.5776451926069996,0.39980775647611816,0.241816241983954,0.6261212227293123,0.19644424618740697,40.019996659180435,Developing
0.7059120707606066,0.37246881642876306,0.28331341903575297,0.41980356961216864,0.17866249049294444,0.4311614804395414,0.4894145896969868,0.464661218643547,52.9670656473137,Developing
0.8594152436417836,0.46861302993604065,0.3573400832253061,0.3730381602694866,0.3631629707386853,0.6192257992693893,0.541258051015618,0.6369474738957552,52.24378221337801,Developing
0.6214556632731661,0.3564289176115046,0.1660221062410793,0.2608477026639133,0.3640891071505066,0.6166344453262345,0.8064882336009438,0.5553773589463051,48.94463170763299,Developing
0.5286531538852369,0.43997016214334456,0.4155228612659394,0.7296465284809993,0.19434884976360464,0.3743300868925665,0.6341926915420119,0.30137090688309626,44.41124698476473,Developing
0.670302413203174,0.2809161809062848,0.8283313090017285,0.5790757859123511,0.4589638824291836,0.48896717320959127,0.5160667495682033,0.6536793212831684,63.692979126203014,Competitive
0.9482451368304785,0.8224000353532644,0.42172821403910943,0.5411313395673996,0.5049136967404999,0.8450234873955242,0.4277130947154145,0.6329122536664878,67.59966921664838,Competitive
0.7588215334615337,0.42936338985633393,0.3978054207010641,0.4042333653993301,0.3601759871489332,0.6487783870448823,0.38154269434546384,0.8009345299226192,56.14155090688486,Developing
0.6537060885238616,0.6955775160309516,0.12706191412732443,0.37841919009907193,0.35235335038486726,0.5467266307591473,0.8662876951503757,0.6052482058648099,52.40013270263492,Developing
0.5110860731905668,0.49001390267721456,0.24779890536906263,0.5168240699602187,0.17883517020286135,0.5426961738983215,0.6818897713998052,0.2868251680664498,40.11418146181042,Developing
0.49110314169996006,0.35138055278572317,0.09340971729577786,0.5976532611739733,0.17946074690131292,0.2558415598983952,0.6065011884588207,0.4987034343853911,36.131311770295056,Not Ready
0.7380771397284621,0.8446002774580692,0.518419791558688,0.42837221894129185,0.3304536228734274,0.7220958979021883,0.45785877670226044,0.6704364253757396,64.62332268643416,Competitive
0.44145953141884264,0.4794113038781458,0.3139736873096438,0.4732121065772785,0.4797676540997027,0.4093278599407855,0.8028828097704288,0.29707979858667954,41.86899121559564,Developing
0.8210373766971525,0.6062421398396197,0.5052591968218715,0.31113803544229945,0.43696042626219267,0.6999128070556713,0.5519524789204077,0.7352883874043031,62.74880919217287,Competitive
0.8561852115812774,0.6752941265087605,0.35826131766062436,0.2875744092264762,0.5619761942175141,0.6659870664180747,0.3619089123884707,0.8439288736769122,64.14652293446711,Competitive
0.7942983845310271,0.4264837180496418,0.3093838812814297,0.4063361868991326,0.18680258141787165,0.4752929775357539,0.5422239328608259,0.5182836310702904,47.83540247561164,Developing
0.5751161072195864,0.29350455214156784,0.4917635029595771,0.4487896957276599,0.5141994321511758,0.22042643300770853,0.6096833355551301,0.4974706657962153,50.38719318032071,Developing
0.715757124001509,0.47818608128078,0.5830967197772652,0.6718248524265049,0.4308572329878843,0.5407681671493044,0.626586923015531,0.43625269235291053,61.3135743825618,Competitive
0.6823279013879201,0.42988537430614,0.26986829673733737,0.335132516422256,0.5487566906851739,0.4179477479123883,0.6955790180512084,0.7093400844193085,47.448837937177586,Developing
0.8429594083715314,0.19454914868849302,0.47631668937798366,0.3923344416347795,0.24740906736933005,0.5190380264612019,0.42681027841155056,0.4712384579706707,54.23070373128141,Developing
0.6780319731296932,0.2300347195314557,0.26116023396874255,0.7476698961849294,0.2752173055118965,0.4334665410111828,0.6377324280569133,0.4272334478531749,51.41319368264435,Developing
0.4627324241904786,0.7158248940344722,0.254383316776131,0.2646725025361078,0.12298539874160343,0.07127885795940497,0.7349233844489186,0.3049667817799795,39.767471199580186,Not Ready
0.34976812322092665,0.444319236661997,0.4706694651190033,0.5707073253858775,0.509720462561975,0.14400409189375918,0.7911606158993728,0.44082676628852674,43.11127878624982,Developing
0.7726989115928308,0.4716706606949071,0.21462561842323566,0.22446772091548653,0.46285907527011333,0.39089800598862245,0.5978513605589719,0.6795788914729347,54.43883124936144,Developing
0.6135996980574031,0.6102886679188073,0.21783745318796258,0.5451854610138557,0.31773077893011076,0.3082941002214062,0.781705192241897,0.4319218357515475,45.39749524629124,Developing
0.6920370446412353,0.6287403454259486,0.11654276555956099,0.4895439373011603,0.48189943971890403,0.4031789814089213,0.5959633838554907,0.597755822976488,50.624900888090934,Developing
0.513243103997608,0.4926634146474352,0.23309536494875302,0.4358155829867485,0.3098589954129917,0.3443854939620626,0.7089356213609397,0.43133674060220145,49.898532224964654,Developing
0.29707512545347525,0.47725511074179333,0.44241075681107855,0.61910675301036,0.2192385494530228,0.2586217148731547,0.8853721017345052,0.26539620509410405,38.25464373153349,Not Ready
0.7036914304596905,0.5432174607622291,0.45589528942637625,0.25323802588312316,0.46131517781484566,0.6761766190727047,0.5841388856646946,0.46832594445164616,58.356594164363685,Developing
0.8314343512117799,0.5463752147675934,0.29986158770298127,0.42162402589058445,0.2607060815557924,0.44585344981124087,0.3661518956063347,0.5537757770011973,60.223090953602934,Competitive
0.6238296929176556,0.39785746215945467,0.3940668527535598,0.618721553587076,0.3147109096839471,0.5534991127761619,0.8468205111446363,0.6737811673687304,55.163079960608236,Developing
0.7230788781061902,0.27302963712790396,0.2783638923604223,0.26469836407921643,0.47376032939070584,0.4681720304922466,0.8049562881150713,0.7326355454865076,49.19957770156466,Developing
0.601313619047981,0.44758853986526254,0.5988641277157197,0.5087677292430858,0.30160679256316564,0.20705551582398551,0.5799361134943801,0.3785112718358813,52.16342728909906,Developing
0.7865109957185346,0.5843137374592624,0.7354075513533102,0.5297759774298708,0.4963463740501665,0.4533667868660187,0.5830363622724276,0.6310969055380418,67.13273088978988,Competitive
0.7452086412560208,0.5117600988372734,0.5710946472495917,0.6408901752938857,0.41481845884135166,0.5952857824792469,0.6349776357908448,0.7428926642688862,62.36263462113276,Competitive
0.7778893047170794,0.6326146438571812,0.4950482192904152,0.4100387867671982,0.3473005588410811,0.5569407076028389,0.4298017919456557,0.7691591263385746,61.36531323525565,Competitive
0.6651051415007523,0.6868656325397576,0.35781358923122825,0.5946613941077742,0.08256414620267724,0.2735393139972799,0.5478774672498182,0.6045455285906487,52.677311841161874,Developing
0.5347690866109615,0.6346276894698873,0.15395402442290174,0.3453489029007606,0.23045757273440062,0.4091225494409,0.737226173691283,0.6451832729218268,42.95421172732565,Developing
0.6336854221318449,0.24841272218107283,0.30462352043475993,0.31744533868544533,0.4022005586878596,0.33417767061057324,0.5894919698133209,0.5983665449560807,45.1740386672853,Developing
0.7387119641113779,0.6200072513100892,0.26321491145470743,0.5009741683792067,0.27265062516322675,0.4598056886048501,0.6711058569731669,0.8426229403947338,63.60102348561095,Competitive
0.6503829323939617,0.7705000202291018,0.47694298159417475,0.3632280817338295,0.31920102396374656,0.42495153035641486,0.7298163812887031,0.537417170511788,59.98030842830322,Developing
0.5128220128863652,0.47367564539900414,0.3825817979064503,0.44273856898462377,0.23134455495376272,0.36717096935793997,0.698273807479616,0.38413342114268756,51.17092925370678,Developing
0.7094147209511931,0.4810839139998814,0.31038497095547757,0.7511039101603694,0.30787832107224317,0.5618120262792551,0.6055383859481335,0.5235936669639545,58.75018799397145,Developing
0.5199997918203385,0.6993542807180093,0.40797590610116036,0.5734725409798755,0.2504534729152105,0.39474428917032933,0.6814615055722975,0.3343721662597596,53.60945384320481,Developing
0.5331391874985304,0.2679856166906056,0.5343908062934611,0.05352609099243885,0.3086085729555198,0.4717004145950726,0.7827938383461339,0.3342401972281346,42.47892093397505,Developing
0.7797936246222281,0.43422389482034335,0.37388588649218113,0.38003053923937213,0.4086038770576121,0.5894695465454922,0.5339530416782867,0.42145363783095474,54.14404919983632,Developing
0.8308833132991236,0.36854189724902614,0.20181455823338126,0.5387129026002261,0.7175417534842098,0.6031362779697176,0.48841486881339763,0.8849464498161064,57.7142376739687,Developing
0.4626516374732513,0.4400037987228617,0.42378022652140385,0.1901575546083621,0.5123036633025886,0.28577977897830176,0.7256497827379135,0.3163102617948674,44.6076326231847,Developing
0.7475026360959087,0.3528537134082571,0.4675329844146823,0.49459934019044177,0.38417153393699327,0.44907960382273837,0.6955363745389247,0.7580628134139838,59.53044769118122,Developing
0.5338535959835596,0.5544646477893563,0.682074657053438,0.5832381839279469,0.18860798958952577,0.49414799190119685,0.8055698924783666,0.3977384646968071,55.776457804026705,Developing
0.6156974008126742,0.7376750299789687,0.28080783548913313,0.38617640340397935,0.537149101202809,0.3731320061348266,0.4644850952447884,0.4588739178504515,52.495919522267975,Developing
0.3029914633804384,0.24557873252962442,0.2924102036071533,0.44161718686097134,0.2570853415107998,0.387526300827736,1.0,0.17260241002917476,38.01811379509641,Not Ready
0.8399355588444264,0.7840065072838612,0.47594381442823447,0.45461666615068147,0.3501136286784802,0.6849504374854731,0.4153295467839898,0.5913374054537102,62.039813504553734,Competitive
0.8648357802621685,0.3950893192944626,0.6642319442591081,0.4071844954217903,0.4502381216348503,0.7133573234534427,0.5282804765795017,0.5825458325924269,65.40570358027826,Competitive
0.867567286455367,0.8015449781414431,0.20861263455431903,0.5594602165923832,0.252728031464618,0.5354483822678338,0.5005823251691912,0.7279450875317701,68.82147472206938,Competitive
0.7729249040868045,0.48909702794920684,0.09562283194608313,0.5871202893941737,0.31735599499082506,0.6381920319127192,0.6459250446765968,0.590937846506329,58.274746060492745,Developing
0.5192975376012884,0.3610026649220174,0.39472047295335067,0.43089991379948617,0.45028117204790075,0.5537120276744057,0.890800815414871,0.6511232795043908,45.14427170918785,Developing
0.6095923025061154,0.39405787865314124,0.39653077741406545,0.5302765885381695,0.05129202194805986,0.5410269624192333,0.6207062485147357,0.471207302914743,51.36327026142146,Developing
0.48010535733497967,0.4721634302777813,0.5640015514723358,0.5822976940320521,0.23768690691246072,0.5563809056757816,0.7715958311754609,0.30259344503518193,50.633017301986534,Developing
0.7724467231819943,0.5201159327989908,0.3761566850449206,0.616673978687495,0.5803953379831245,0.5947825510400724,0.5159752287030941,0.7241228462496934,65.042276164342,Competitive
0.6759399690206592,0.7264466658559341,0.22896298734387602,0.5336224007791759,0.10029348441986273,0.6124803334496502,0.5424221710721157,0.5264408542341158,54.00920179971667,Developing
0.6540174985209414,0.27130578493044244,0.5946412946100956,0.6587317081931017,0.2261499130253321,0.5175499323990551,0.49214513738171667,0.6286306928710376,56.77864066381657,Developing
0.6973025023424728,0.6706886943516428,0.4861459125261535,0.6913571461080401,0.5704364211431521,0.34910223693132425,0.5446251279313218,0.5352433759600134,56.466899788676386,Developing
0.5211072983933283,0.7031463999410423,0.36299440599011373,0.24244874595423652,0.4696596812061766,0.48513379467195933,0.6350141210414748,0.42348365097164187,56.59599190514275,Developing
0.5555295672188646,0.14382680008799972,0.2917378709450689,0.5048832105227475,0.2740143419163472,0.3173453599308061,0.688296681110539,0.2752019445401067,45.98553628736336,Developing
0.4888791975687965,0.4254075598226505,0.2069118866440418,0.574148156504574,0.4487089446880895,0.20247021152518965,0.9524963524766146,0.3272866781201127,43.407230304271565,Developing
0.6083614258635615,0.7704881543001185,0.48065761861817935,0.4957907205292329,0.1140953915956129,0.3928469267319147,0.5444609267872766,0.47727440325148807,51.47426431569272,Developing
0.5696321114917697,0.36946340161764735,0.27690141899516735,0.3649775615938133,0.3576083784467625,0.440785957702321,0.7202591290598193,0.42635482183607654,48.62718428430346,Developing
0.5352450638934924,0.5835782187915515,0.26480485062869663,0.3964626513738134,0.5658073062506306,0.32055356755722847,0.9018571484598635,0.45855967004822235,51.27751330401367,Developing
0.745737480046207,0.2261894709370398,0.17660616426176826,0.4614367577727793,0.6417775504174883,0.6384752466222934,0.5934668116674001,0.6009962321129662,57.747684348703174,Developing
0.8266890181546851,0.2775506022770775,0.39502942246256,0.653483593407232,0.4800130005821554,0.49046678969625274,0.6739023639671463,0.6838688752377321,58.87591541850902,Developing
0.8092556796246126,0.49040785242949936,0.5287174055698953,0.5422930091587893,0.26064366675972744,0.6085108785744505,0.5272954244536836,0.7035760130196639,62.6334846491394,Competitive
0.7340896388719285,0.6688186069551384,0.2604181210305219,0.6879674507189197,0.13431658714097827,0.501100637865741,0.5177923970939295,0.5579110194231731,56.74044093823658,Developing
0.5680664788881482,0.3580481866412281,0.16902915978753336,0.38524480134922906,0.4947344995890301,0.3861075792625814,0.6879014798052057,0.43128355233097543,43.13883424620842,Developing
0.6959113685826037,0.4419437869800984,0.17024734481886802,0.4012113804870233,0.5460437934604737,0.5353731700401345,0.5662876865382459,0.4567825917552275,46.78769373353983,Developing
0.49836587360916673,0.6645926058683758,0.60842611404921,0.6615215850004895,0.12011358947047479,0.43157640189465013,0.6968316720470841,0.5712633285421372,58.82628328743789,Developing
0.8468148657522735,0.3644240446515988,0.5485531116521549,0.2639984094362066,0.3019599854264445,0.6220594767923706,0.3416063880135608,0.4482701777652345,56.13702608752422,Developing
0.6102712535805033,0.13487169103877988,0.46656613099588296,0.5537279377814553,0.1367893481163168,0.5165153672254938,0.6252547246317353,0.621428662777009,46.47103156750412,Developing
0.8123271336447281,0.11099904687355028,0.35331858688479933,0.31258040077494176,0.6331978415800243,0.6107869219499097,0.5862925664213462,0.6314583098705597,47.95665206828896,Developing
0.7377398519649138,0.2975638527485825,0.458108678113693,0.5790323730920777,0.16206312247039356,0.7347088384599033,0.6057558512445723,0.7915796052907571,55.108291567478645,Developing
0.6307510319839341,0.2177464390155365,0.27451853613153976,0.5548287278287128,0.46056392711265376,0.24596392841986103,0.6520837984459028,0.6605716891794833,47.88986230403389,Developing
0.677109210176001,0.507983129411575,0.4262530164258928,0.35446803058205634,0.2022123469678982,0.11379570065756156,0.6655392574218166,0.72165710263348,48.03958494298585,Developing
0.8383033269493595,0.3471305206845718,0.15029642130471282,0.4034096439805536,0.23008569048796917,0.6317507828760826,0.6529925135361926,0.5677383743439199,50.21751535439074,Developing
0.5170977983319162,0.6963241782341246,0.5779663391289519,0.36279327652059407,0.39020314114293086,0.22131979974465174,0.7886434238389134,0.3030930698720728,52.059830048580466,Developing
0.5816611064073545,0.41263079096399247,0.2366524853038483,0.4185368556425673,0.3485317945468462,0.42388888613943804,0.709633904146119,0.5413974635638491,50.748127943056346,Developing
0.465211183806824,0.5631454532378715,0.6054314305822474,0.6153948347083065,0.6373003263493102,0.3492869406080155,0.7799887322894192,0.34609649186021313,52.15745730666593,Developing
0.8232079068845689,0.1978896839517946,0.30456871566171195,0.3601740882201259,0.4370549827177005,0.4143907506164915,0.41869641160106125,0.7347395467374103,55.89715421172145,Developing
0.5869792227861855,0.393840231673862,0.4487435534770683,0.35086681051308516,0.1854405204606284,0.45627740918265397,0.5265331713257344,0.4791062710032759,47.078036572921356,Developing
0.8659694574701338,0.3464630139828754,0.30865035888594156,0.1769732643968723,0.41346099138638337,0.6708783874466159,0.44010878429824607,0.6124796771529959,56.87830647941409,Developing
0.8629385691495265,0.6405915181519228,0.17298306327166274,0.2667732340037203,0.44741484128688036,0.5531822565672785,0.4562499941306774,0.7734814713375989,59.13309578494307,Developing
0.5057962250851583,0.7617798588718395,0.3716722608791975,0.22723537925374718,0.3073718375963926,0.48820980686617377,0.7114297414278506,0.3252000577030752,53.6792481559371,Developing
0.49477685373014674,0.3630465980709919,0.350237401599032,0.5543844257886773,0.3514688696089945,0.19095498793690788,0.6144517827919029,0.4092243971855022,43.10580548463228,Developing
0.800740679244915,0.40304746232902394,0.47724020332573125,0.3347182850958153,0.13162998877355087,0.5312572596768044,0.4632206166878323,0.5068731608263368,53.39874866087077,Developing
0.6731483608938155,0.45658731212124404,0.4656934799594402,0.6751003232929768,0.4304511668370151,0.5568594890721972,0.5131345814564039,0.56391933294399,55.20088599307939,Developing
0.1916113232567573,0.860570442224183,0.5008125442742676,0.8358363760793363,0.10322606434728984,0.22775409476934882,1.0,0.31053377647257696,41.18570927648626,Developing
0.6112314573295929,0.40178961497106375,0.6521399096320019,0.3354251625074959,0.18445748062919717,0.49090500065368115,0.41104924083214256,0.3063453448626219,48.11754915461828,Developing
0.6141863771455016,0.7525036843801751,0.3403152506957304,0.5898271528808953,0.45196702748217976,0.39700754208539046,0.7541247796698933,0.551975536131766,62.788802557510984,Competitive
0.7563705947667174,0.1617722647885049,0.19833114311459554,0.5861997744279042,0.33260642748969815,0.2759453042133113,0.5133084550126396,0.5311849735716212,47.06163631689131,Developing
0.43283787175245814,0.5434093096827606,0.5317428329860603,0.29382911247207233,0.3250864276235993,0.22276898070021883,0.76278450439768,0.45377105688947933,40.13967458419475,Developing
0.9243765135108117,0.5506446711916204,0.5083135561487253,0.48594740960085964,0.437304070494824,0.7088521130757409,0.564500660805033,0.7335392911021715,69.57825792439269,Competitive
0.7590308227423442,0.45251730172086196,0.5659080577346094,0.17365446421665634,0.34513898368080553,0.6613727246684071,0.6092812112083525,0.7133085994775068,58.93417921588569,Developing
0.9285896800932343,0.5281549451618683,0.39929215123122097,0.3829949026781157,0.42261921513144857,0.7621914536587524,0.43202602381241767,0.667091614113618,65.01857814632942,Competitive
0.7165042600533506,0.7135734355900234,0.3183845140826301,0.5536118744952149,0.11685862945301839,0.6579056555409999,0.6504396449165258,0.5777900598440315,57.24156610888502,Developing
0.21294625126960925,0.3918255180038159,0.5170250306374167,0.5408808891950339,0.40328155722025305,0.34969220267964496,0.9016442511539225,0.12878160847062112,39.485010414148974,Not Ready
0.6095554797481385,0.5241019776095045,0.5547459282774495,0.39360926108789585,0.2871728791892306,0.4333951110120258,0.6659550871805069,0.5163635356602817,59.24913513844724,Developing
0.661481517723097,0.47113351132320364,0.7229819342927637,0.5107001370169292,0.1747444589450734,0.4875037052071242,0.7099685590796507,0.5592162447329062,58.99195372009435,Developing
0.34997350511405345,0.6479719623832171,0.42263934675872084,0.15443991470578314,0.3534392331536894,0.2024847970326479,0.8324869886868363,0.47939236451392864,38.91742407038743,Not Ready
0.3571546295841016,0.5987742027804202,0.2907669481895562,0.44497916103023144,0.2733753013644931,0.18414052329206004,0.6900234708590236,0.39432706670424367,44.53310168418675,Developing
0.7241135928453022,0.6849018404489444,0.10846916261655679,0.17429266838979773,0.2617078349072405,0.41832294849718077,0.6561343774400246,0.6041072218191339,43.851633662320125,Developing
0.36729564035694073,0.40013115780129194,0.2509186629507702,0.8234314940929333,0.5606431424785797,0.18934334406450265,0.6777182660566288,0.44886232818199046,33.56613150806232,Not Ready
0.7826323713895614,0.5742187020354426,0.34113570880335203,0.4043985491456146,0.35812126405347305,0.5542493108392746,0.6887705957821659,0.6691175726317948,55.578108930059784,Developing
0.6652522573772061,0.6458257539536475,0.2687490678722603,0.4494022243757547,0.4265471899150299,0.577829124651156,0.6347267584818979,0.6595959312661278,63.291477635009294,Competitive
0.7424502704871988,0.4883635243435845,0.48374658121641095,0.37004295319297326,0.543312807577588,0.5515666893755924,0.4692823152882405,0.6376601210139711,62.038664425021736,Competitive
0.6395638757980425,0.4545672752190885,0.48092988952524557,0.2089697426519384,0.33585696042492086,0.446276300096235,0.5469101337511566,0.4545531834964275,49.45426881369383,Developing
0.7274432240654566,0.5696723795186018,0.5397735406231865,0.6167976901965742,0.27485810773847785,0.5031411300598319,0.3853502185418867,0.6657447413562594,59.38542104459961,Developing
0.441152407815131,0.4803763040503065,0.5810499289464158,0.5086677158132585,0.1480579645521986,0.2531033322455518,0.7683291500938023,0.32194149665092997,40.87131638491246,Developing
0.7513966559482822,0.5696278826368509,0.06991257939456641,0.43750897683006856,0.40163600593577936,0.49016422648217706,0.5931579541439833,0.4627278870203039,53.90085307937857,Developing
0.9173442474846547,0.5520640756666061,0.21999931422125482,0.44376374692530557,0.30289329868193804,0.5012955648479199,0.6446918218282796,0.6719717610639797,66.87693941522053,Competitive
0.7393856096185469,0.6119986565705289,0.4466961875799888,0.3598509718128516,0.29094751696124,0.49802227013048234,0.6231185301167871,0.4998261858568485,55.64562324538965,Developing
0.32358221298667134,0.6836796773799466,0.4692228247862195,0.2821756604120784,0.41995296259476916,0.20794931752918028,0.8123194923537735,0.20197410155407083,39.7974368223049,Not Ready
0.5057285507916685,0.5442696694406955,0.2887198345617793,0.40718918039244567,0.3071161604109869,0.2939983275225978,0.613235211447171,0.5659814855879017,48.3486481225668,Developing
0.806619170765959,0.4144998134205854,0.3285786356604415,0.5879929043744351,0.40058839357951687,0.5273909549893535,0.782839066419023,0.6117755449492749,62.432927536865655,Competitive
0.7500000344929041,0.45445402675615515,0.6015488829007728,0.23484805143173487,0.45066975518943997,0.6754799682448356,0.630501372266997,0.6845209631429545,60.4101394684299,Competitive
0.8192174356266032,0.3775813772993895,0.7765705235343875,0.45483427488806355,0.24179823446240217,0.5551113288087839,0.40240803781311263,0.691815515210991,62.005869186351724,Competitive
0.4984145246123117,0.5166803584234132,0.604868980204839,0.4879034297307359,0.40589392784125466,0.16355509392641843,0.6479126429637266,0.4407711156934087,48.378337353568845,Developing
0.44320807078630625,0.8233520259137781,0.5410518341765659,0.3151080838513171,0.4049682841105662,0.3655290767257494,0.871373658002413,0.36438168182369685,51.65914617960959,Developing
0.5777840993068382,0.6898402337868853,0.3155349889974939,0.6157625083959358,0.32966316232102577,0.5220138931002201,0.576555252630102,0.40922388188153136,53.362127450764795,Developing
0.5578649872908551,0.7176788759480492,0.7082017762772964,0.37074759424995424,0.08645902556078765,0.5637552294792726,0.6161585482924776,0.5263080550931358,57.43428209799786,Developing
0.5798392771037744,0.7298885725806137,0.5027272443024459,0.7127697526957504,0.1246115683503852,0.2298225243372005,0.48437570555846104,0.4741860383450799,57.22471059921164,Developing
0.8699910558130548,0.6917716637038436,0.38001455354375474,0.6693683372555189,0.5013407600546359,0.7194111715333131,0.45696783432144467,0.8265279042622009,72.66985639843197,Competitive
0.6432607735769886,0.41736148121406375,0.15584943978204435,0.6004372943723219,0.40357044136559855,0.4651538789929753,0.5646985185403913,0.469291631832329,51.533505268338864,Developing
0.6615263721095466,0.5747713814252298,0.42757308435642155,0.5836706686214086,0.4634454515422252,0.5655478524386603,0.4887807917679033,0.614953268554133,59.78343453154088,Developing
0.857178253954747,0.6971169276489554,0.43006863040681975,0.3524158778851468,0.33578590510431594,0.47215298304206743,0.4904814186081227,0.8154623934181162,67.85696293057056,Competitive
0.7017971753601571,0.41214229826201215,0.20103372891887575,0.5527583478128665,0.24568653685103745,0.6896715377970146,0.5021324422705842,0.42898213769984234,53.14192819450726,Developing
0.641041606845238,0.5976506159775624,0.26378553428082874,0.5627760090313859,0.28596503871192624,0.37503652212337546,0.6893579088579237,0.5181207933878745,52.533013089196785,Developing
0.38056889752583234,0.6242159038599651,0.5215483300097611,0.6738505693282382,0.25874876403674246,0.19484853471473795,0.8581549156945837,0.2879107778567893,41.19633524601227,Developing
0.6257935842465627,0.4433599601104538,0.15330118561787845,0.41902468133179205,0.450971065296561,0.4273864193480522,0.49193227856521826,0.5688146676527667,46.03532096710157,Developing
0.8391259052815019,0.42189211539949295,0.06943275665891825,0.27036711095636545,0.30377382249231405,0.6596208079548411,0.575654120670065,0.6403783860960128,49.884603693924845,Developing
0.5935625787545123,0.3757312398083627,0.5421498926282237,0.32078359003317913,0.5080100021294869,0.39467047376599856,0.5719085104583016,0.6260198806036613,49.23353158159435,Developing
0.46110102449155804,0.24219278864109542,0.3547800598717381,0.40377300007606154,0.4210137049721739,0.43244184628008714,0.7139662104530999,0.31602575501850233,40.477001370763325,Developing
0.5399975303197826,0.16969239645609366,0.33380436477022823,0.6912487627315406,0.21039501453560674,0.3389614500658532,0.6859846447241139,0.3417695706753962,45.87385210676131,Developing
0.7372303860223276,0.5762847593584332,0.6007486042703458,0.4207174088486259,0.4768368666309689,0.5105075711325828,0.4641143537402642,0.4696352688226526,56.6709305170164,Developing
0.6937624457564492,0.49881157225513356,0.34796855453399533,0.20420817602048683,0.20623044502427093,0.37825628505992576,0.5461745805813908,0.49747597964291734,51.445150161525405,Developing
0.6826049797952273,0.20740671601358235,0.5600278130094444,0.3940270092650858,0.3449815431365241,0.4644362315358832,0.5987487721057434,0.47619782131018734,50.82056840690706,Developing
0.6932902159401743,0.4185295023760472,0.350383422874041,0.37523741886895595,0.20169008759601498,0.7098791863625702,0.5579851228843691,0.5802536666439833,50.37631240154164,Developing
0.7956215107926182,0.5250209793309298,0.3484898922627702,0.2563434441409267,0.4393397645142271,0.6342534596619314,0.5236170861016561,0.5506306097221727,50.500370393860365,Developing
0.5480994246982775,0.5125099057020279,0.24552111705272073,0.5245892614635494,0.3075320774441178,0.7144154375210139,0.6305881890764051,0.38869524027654495,49.26436945572403,Developing
0.8266960119558815,0.4592939343014274,0.39118770964974886,0.37922309875268984,0.4985830938785374,0.7235104830399028,0.5313236874136733,0.7397271474709366,61.776518432159776,Competitive
0.722863589191416,0.5042140616422992,0.30104165364624974,0.5264078885626324,0.47450176347261397,0.5392514475095362,0.4838806760566382,0.6339210771900794,55.96620339460623,Developing
0.646455694307199,0.7195222612653215,0.26821886806746575,0.14011266521463925,0.2826262411085842,0.3386488222615014,0.7449994276201861,0.4902350745079629,52.24654217541339,Developing
0.5905990742658971,0.5872161835441285,0.47922030482451883,0.4581613806650738,0.4626371891918817,0.5429478825354727,0.6987150698642327,0.3974407421893709,57.14660589539461,Developing
0.4067442553068734,0.4072500950097194,0.16916288663670348,0.7028557440984431,0.5917889996257137,0.19918743397181837,0.6866320638454454,0.40685504508887216,43.396349931089894,Developing
0.8458774615460422,0.37612707276650315,0.17694979932651833,0.3991110647343561,0.408682887268254,0.4822757206198993,0.6202123629810079,0.4348717065836237,53.160594775966054,Developing
0.49541328496042186,0.5313493903620711,0.41152734522149587,0.6250940705282984,0.16112619837557837,0.3290727015649819,0.4559310019818358,0.5745871958313505,45.13206148499846,Developing
0.6104369147388028,0.7039437619250211,0.5702547777856928,0.7005837862953257,0.09097350068651548,0.34608367130022255,0.6919330898033168,0.40456314719629366,56.43759939026353,Developing
0.9703176791237006,0.38567962283476054,0.2650636993908802,0.4203262665467236,0.5197003728827198,0.8044108813640272,0.434512321854456,0.7873862588094519,65.30015856281716,Competitive
0.621506566760478,0.8484062237931527,0.19918710701679415,0.22701309097886013,0.38914800021754176,0.3726164480435816,0.6952636638554461,0.6486262425985032,52.5094868885724,Developing
0.6099552109656197,0.40021188594787305,0.3369479569192325,0.46160720684184,0.2208147045786131,0.5620328841642357,0.6142425241132711,0.35807261658429956,47.86465696129117,Developing
0.40720120300360546,0.27138626679486405,0.5580790103551142,0.770311705799924,0.18971913031496845,0.31489745146392895,0.8026118627150095,0.27251060987091646,41.63178802518543,Developing
0.4260338624197176,0.5499265637049771,0.1188088941404747,0.5583491007357451,0.23279455213214836,0.270738137911924,0.5907957728445951,0.29877530345639514,34.13884703636129,Not Ready
0.3301412311506364,0.3395213721690424,0.2842647184437398,0.3433000840106294,0.5179133297652828,0.21628810143580682,0.861373600862851,0.32988773523967874,40.804360081299016,Developing
0.297925161346964,0.8252007239309235,0.5866521365917252,0.6186633562085987,0.6765831193833391,0.1591736979961981,0.7775683530695474,0.22929631274774284,46.12303298634157,Developing
0.7246532085039479,0.31425232269921244,0.15529910492778798,0.6075651244226143,0.5997145091296905,0.58186463988,0.5897939085473141,0.6659831969534247,50.985707774589855,Developing
0.5354168589126158,0.7143888968341725,0.5187286767002991,0.17742665350057973,0.2223782900971302,0.4081093021394229,0.7175665799494031,0.32041279608483403,53.043604484353736,Developing
0.24967331449375144,0.42172815522225704,0.21822038552837172,0.41318098919806123,0.333456451486673,0.0688475207634903,0.8308104264406085,0.20649125205358115,29.655364193326584,Not Ready
0.8754306375064574,0.4311215013383318,0.4943131037495962,0.3486190174782566,0.34628798188882315,0.5268396772703472,0.5836483306463989,0.717719311779052,62.01867837600795,Competitive
0.8513877415699498,0.616896239755899,0.47406501189263367,0.5608407303710163,0.3958290753760251,0.49100983641674056,0.5720574181736439,0.589659275589027,66.87979325266346,Competitive
0.5943056477160361,0.6540323407452837,0.27314149151946693,0.7040200449781525,0.4674616016864363,0.4937320310767198,0.6078871213612856,0.5020161344226418,57.36711540007463,Developing
0.7894333688726778,0.4842248819903381,0.5728569875236905,0.10518761161161795,0.48549101707984293,0.7027852696781757,0.530085610105359,0.713812947552298,61.65223878392447,Competitive
0.8131087560820104,0.44254729918586344,0.15337702373296738,0.6187902933667552,0.3156569959243979,0.6885226944963283,0.5143036903797453,0.7267956998440008,58.323587789273084,Developing
0.6903182052275028,0.264717847896228,0.2446156285945975,0.7500742848576891,0.2792534666989827,0.5256636290183193,0.4414261930839264,0.516204393789406,54.16185497190982,Developing
0.5527221833198772,0.6122363540998815,0.20429544207369094,0.6310324293216045,0.21406890311603988,0.5123055111307022,0.589238921557631,0.3253607040947387,48.36510528506985,Developing
0.6284225357441915,0.8133745568657847,0.31091988503200213,0.3909815800586008,0.490180896078468,0.4630007766967875,0.7112570310218902,0.3471196613307753,54.69713647723352,Developing
0.5229560293014066,0.7720444393520876,0.3724959559238554,0.5035875258777008,0.6721457207324096,0.4167042363703111,0.7505401124078537,0.4602288419246442,52.17149716990616,Developing
0.481790045688553,0.6383380349208645,0.2512081648307561,0.23639934354440345,0.12261804052688562,0.28694032149709214,0.8163830736954298,0.41769317111531123,43.6308016856841,Developing
0.7258090290855458,0.4954207330862115,0.4794964085149472,0.39921795996927156,0.1110088775582688,0.45839201842055316,0.6438637151903309,0.5803128568072695,54.154213851518136,Developing
0.757001547882185,0.4577622132727998,0.20302971673284315,0.6189439328851636,0.17712396273923206,0.5431859952077722,0.4488924149441124,0.6679549665736291,57.43377035963225,Developing
0.6932142307650664,0.28212991005575316,0.5898243725489154,0.6930268995193137,0.3983178671844882,0.6546025911211661,0.4767577262848735,0.4745450145329319,49.899894994800114,Developing
0.4155041968867399,0.5183719937255228,0.6978954335455062,0.28795841156569496,0.5322481925703246,0.4489229691946411,0.8251417894333891,0.06276763723912093,44.33297578030545,Developing
0.43635287844389037,0.5484196861913625,0.5451979633492967,0.3534480503083198,0.33821484587766365,0.3650991793689322,0.7278096553968236,0.38481737694784224,51.23439777972329,Developing
0.8741770420707257,0.38600080863983194,0.21098740231973936,0.4588327344975344,0.15571995660224525,0.5813259756240476,0.4889608161199217,0.8428118637333064,53.174004180520065,Developing
0.2761473971053657,0.6178797085421078,0.6184817548527154,0.4281203702282409,0.2988390399343473,0.09900462024472464,0.793653637306189,0.012897631248482505,35.434990754704,Not Ready
0.6357582629378986,0.5544374249571807,0.16755821911431062,0.5221037430990728,0.3586959696687611,0.4946199606989936,0.566323278484781,0.43528273800745537,53.61559042002253,Developing
0.521232407584863,0.5513885986807495,0.27342368079856705,0.3625457862590676,0.33103364467989804,0.6544514488744191,0.6320057780923811,0.5294806210056915,44.67346993517862,Developing
0.660562928131914,0.5244121232559559,0.2770877862242517,0.5633514672953885,0.4036046253877794,0.3848511183811903,0.7063404009429965,0.8441925644394435,50.59253277916681,Developing
0.7947163871531306,0.43001035062389964,0.3594281391421368,0.4571883196822941,0.26302355122137216,0.5318589947415382,0.6060560071938726,0.5592454113591732,57.62802498353277,Developing
0.7557551696494604,0.5816636278636766,0.31682205470055264,0.5640847914338697,0.2506093192594452,0.6175836888542092,0.7616386034425334,0.5092643974474718,65.49478288048175,Competitive
0.7896625290820521,0.6286763413147898,0.2246365495361647,0.15598397135227698,0.32190988351419836,0.7181343699646748,0.4729904022517323,0.735737103055936,58.56349865831095,Developing
0.6970898590597135,0.702759319538863,0.30384326202944045,0.54943128616155,0.5746654164853201,0.5617266550852331,0.5385405638319762,0.3418842167782183,52.06962921547443,Developing
0.7045032911069063,0.48777763577284594,0.13030923023239568,0.6710731737641124,0.044421674092563534,0.4794176788945028,0.48144334326850147,0.5619931490217072,50.246861115405416,Developing
0.7619909614458047,0.5634077365166161,0.12379987042824306,0.8143816836303773,0.23821785321534947,0.46437722322602076,0.781546723659395,0.7432540850810466,61.57081113564678,Competitive
0.7977418476579892,0.4091334587057755,0.33285876666107134,0.651869886644487,0.4576474295950434,0.6891490711400334,0.4688432588733391,0.6050348473099393,58.25717336405454,Developing
0.6395420157732838,0.5873371018132922,0.537866241220745,0.38894601122187633,0.3403391198436134,0.3279451108541748,0.7578275731518288,0.6382873441779997,49.334727784640066,Developing
0.8073588005626439,0.2608320967368515,0.29848168712867695,0.7686710210831591,0.33879533578760596,0.30696056752021694,0.4479790599076216,0.6484311031930365,53.14915235027301,Developing
0.7816077793655418,0.409149667828475,0.34162091781074305,0.5471110167543368,0.4780823965906224,0.7233772525125315,0.34489995123372674,0.6817768826536533,57.34569936098917,Developing
0.4109442401239688,0.4222794048882315,0.2221603267162341,0.23826946858270673,0.4127778050814135,0.38360746950916524,0.6598838680311866,0.2225075564751241,34.22321697583219,Not Ready
0.4768344477613741,0.8863328121012939,0.6734123735933728,0.39386976763350423,0.43845363395679654,0.18213832807424,0.7936418977374795,0.35409844999639095,54.64749587575874,Developing
0.7275712456812325,0.6726933663406675,0.37014904253411784,0.2334717265014173,0.39231129548487054,0.5846519044809406,0.3856226169617393,0.6136741032238934,51.04103072418594,Developing
0.8400837817117759,0.41920017475786286,0.3056836772910806,0.19465976846011787,0.3097783936216894,0.5413866689655711,0.5095686224168308,0.7631948578372567,57.83355577455732,Developing
0.543637027126615,0.6109855178895844,0.6109896567994826,0.4268318133247172,0.26795227878633043,0.24746752212026787,0.7454305017636699,0.43031940059068874,47.59831463912512,Developing
0.6039760344396327,0.2718991791234103,0.23898234995134793,0.24082244181238416,0.5668409840161712,0.44919011573089734,0.6290844084076622,0.38120461673261774,43.03739518506669,Developing
0.7191274207713529,0.7775780193146138,0.27391855363845646,0.3090447672370345,0.19656587366798686,0.42262143904378097,0.47610913684263023,0.6247312266341036,51.11364008375785,Developing
0.2564107299472673,0.5341205275655269,0.35919913165292494,0.7080056119481285,0.37370268060015277,0.10819842810053044,0.8573936739181226,0.0707404216143134,37.774125342209665,Not Ready
0.685672821355339,0.4086125322409146,0.4612902309137113,0.29054224660136196,0.18693332536092072,0.3725986765372989,0.6296949387777977,0.5655697028359802,46.08044024926611,Developing
0.49251768600580476,0.36811236366598243,0.5425162089501792,0.40399149032968595,0.527964856560695,0.3664418944440428,0.8524889469194412,0.40968054309511187,48.11833607443267,Developing
0.6552133062917993,0.7691959798599463,0.2607968037930916,0.34423415965579,0.3687675728369159,0.5701714731014366,0.5289173163479504,0.5674850088972532,52.24545249753937,Developing
0.3316947737379054,0.2919649513924031,0.7267778947709217,0.5271605458520069,0.5130254444337715,0.13277839350810225,0.7688314538007924,0.24740635234376274,40.00951251055092,Developing
0.45169431058337783,0.5672752462185849,0.44564802702517853,0.6803112950714323,0.502095872132545,0.3616216540056061,0.8577632413920112,0.46242402692800955,55.60426757262961,Developing
0.7042102141988424,0.46208397921472105,0.34884692962783287,0.23255187919230072,0.2602528577765274,0.5354950236223958,0.6637212727872498,0.6523318052991801,49.697030924405084,Developing
0.5759559426673209,0.3229829848223288,0.5475764854507318,0.43701264636229825,0.4280031100190941,0.27642974701533407,0.42786942973741926,0.5643818923507392,46.1954949423477,Developing
0.5174010554876071,0.5454010115076626,0.21554148759198127,0.2779331401535892,0.3266045176106778,0.37097697944221303,0.6654053933681213,0.5752080902425867,42.40084082337323,Developing
0.6401647319526912,0.5715085661895711,0.4561070696094985,0.30043947588683984,0.27256027284305423,0.5353044215463163,0.6571436169603908,0.5359976980381421,52.47977393646689,Developing
0.7164814112686235,0.5231766171392418,0.1304243695645427,0.5465562031310298,0.38731327366013385,0.6156880330683062,0.6301955863587996,0.6110992258057513,56.03336002320828,Developing
0.6485652831330654,0.46092980209480494,0.6414489995679643,0.3475285029464349,0.322074704279613,0.4439122596064738,0.4699513702665541,0.7705132286287772,54.622060468414524,Developing
0.4618739471149255,0.41226617058352355,0.5427420462312937,0.7327481733428803,0.4685665684848888,0.21615586345159352,0.7240345262060777,0.2885562256715035,45.77531842467233,Developing
0.39341478909275707,0.1263715821072223,0.6928946062101405,0.3121912679354531,0.2592344115374796,0.29218334901336473,0.7217351121653766,0.274076789795928,40.243161345155215,Developing
0.7554868783895442,0.48419565152225735,0.2565492239070114,0.4299225631208287,0.2427131546491788,0.5599036536788248,0.5182806330806812,0.6948409210450665,48.70549997353902,Developing
0.63138758447481,0.4701662313719924,0.6479603524800462,0.5943241329761944,0.08002224082159791,0.3642111239513561,0.4263084190938241,0.5734562066131499,60.69384786375895,Competitive
0.7003152315984006,0.40879577432309383,0.1814582762091461,0.6619658381084795,0.25601217512697266,0.3151145204221339,0.652379109427998,0.5180538928110897,50.404147218428506,Developing
0.525976495636671,0.5026337679110534,0.1282672259869438,0.38866539149389767,0.4144442242236801,0.44842953390800244,0.8036611702758458,0.5044546040719476,45.501168575501275,Developing
0.43657846494813163,0.15113350485643195,0.3748280125267836,0.3938138495953058,0.24374819847526302,0.33148722869396907,0.7280334071286898,0.3509907356867434,38.823430020429285,Not Ready
0.48416907843734736,0.4705816354111263,0.34342597792203533,0.29337944330559895,0.15596336219133267,0.22200256886394082,0.661033847825334,0.4891720392421375,41.37551993023952,Developing
0.7666356740023474,0.8205688973075176,0.4233143628403831,0.24418360443609588,0.2751651346675593,0.7018541768460966,0.5399278138507367,0.6392157802721509,62.151582892641024,Competitive
0.44198064362467426,0.5197108584285477,0.5722455088381397,0.15604202773782486,0.2603215208726364,0.34883439177966524,0.8019420447203837,0.28367220776521884,39.89560530148415,Not Ready
0.7000338585489116,0.31712268931852594,0.20720844795384852,0.30360283447192005,0.20881385054867183,0.3294446680218545,0.6947825044336775,0.5287176477383101,48.113528968487685,Developing
0.6320767521045071,0.4062306260778117,0.22708913879427217,0.3672035958945154,0.30352776795123865,0.5002777346283538,0.7767807089055957,0.6810502966746933,53.8065860267181,Developing
0.3516490456647436,0.32282163225871563,0.13111969906279142,0.7088446326521465,0.5648564177269532,0.3830614011296639,0.7421400949930652,0.20581121468677932,37.762772865445235,Not Ready
0.5791473461757765,0.1111217064075192,0.16709753825615611,0.4825082268949256,0.26804597966954763,0.37594479702325434,0.8610069321896074,0.4484540828936537,37.910275727439064,Not Ready
0.7560118754067239,0.4387210591163209,0.3125277245054831,0.5578170605169693,0.31911929189729465,0.7157908039237479,0.5124876084415982,0.6620285853293748,59.386968489695064,Developing
0.6230832924613735,0.6296883017327761,0.2112032324000536,0.5305164538970483,0.4391764553680668,0.42333933973587146,0.6490257039458868,0.3560736728435705,48.30747943956698,Developing
0.36030882410634957,0.37586072003314674,0.38808435551407855,0.4450719894048635,0.34981250028625255,0.3646178940102761,0.6248700870113331,0.33921989204601766,40.94705463945869,Developing
0.8440225220292676,0.3791964277920125,0.2777409733027329,0.44271568175236664,0.41413419882325736,0.3664046208261573,0.43703288515696137,0.3331910467226906,51.056915521266674,Developing
0.5594045059055007,0.3542099303164778,0.39088470649525914,0.5019430853412722,0.3795578293913696,0.3903004413569132,0.4538909082482083,0.3303465325230024,47.92031450206,Developing
0.24477517777161337,0.28813907217496737,0.38842370794422737,0.3625426789084094,0.19272748979479914,0.29891816374888464,0.8261841111511312,0.22664607158711936,26.291802649980433,Not Ready
0.7630676949969912,0.36721704630909563,0.6366704076180264,0.3452660755190571,0.47415762907298514,0.3372072247495257,0.6941805968060173,0.643287443183056,66.37903413248162,Competitive
0.6113411248412417,0.3202326900246487,0.35234879671690694,0.4847558539329925,0.17535449565258074,0.587648750094942,0.7086933322741711,0.5322559429149252,52.15357552554285,Developing
0.5819557962785182,0.3651039590517698,0.31860155425137643,0.47966023781156814,0.19850626436569813,0.5070574588159986,0.9942400890750971,0.4473953897590437,51.600110452369876,Developing
0.6068434538182462,0.6077701489434799,0.20250857373707748,0.6532443006125385,0.6285222753609556,0.5128935446315983,0.5891993933214383,0.5260306399690703,55.578124058809244,Developing
0.732426158522204,0.5252192127008088,0.28494231974139284,0.717465018298574,0.34066158525439777,0.5527554498139562,0.42934453921119076,0.6422857195971533,60.42646174636792,Competitive
0.843889661115544,0.5086805972633566,0.6057919079552615,0.5028054934654153,0.1615950481138849,0.48787458857710564,0.5411662028929098,0.7001053321899295,60.64647478758442,Competitive
0.5189326855806364,0.4482712328798998,0.38491096552946774,0.5169761542760773,0.09918552453657754,0.38225154469121475,0.7872935433272533,0.35675905055188456,46.51977553587354,Developing
0.5697251393969396,0.3749190997667923,0.08598680401924462,0.596426102971481,0.2546778232873428,0.4231524780737237,0.5574578410534173,0.42448566889029704,41.869893984714075,Developing
0.4209115266109542,0.706784705799545,0.38425316031650386,0.47450487769116023,0.6136654552701453,0.08159784486630597,0.6052871202916374,0.25489147133701706,39.88088225879013,Not Ready
0.8926015676804168,0.4969490178160098,0.42773219504655313,0.5726840973673786,0.5006158316359578,0.5764957383433567,0.39996971963233885,0.6418614068174817,67.51627014220654,Competitive
0.6555860603619471,0.2967849882490749,0.4170519300156949,0.3830932346305343,0.2391250081345433,0.442901452058834,0.5448373685341434,0.5362391827309587,45.3801119433225,Developing
0.5458161666243676,0.1276867209928013,0.5895540523648247,0.3911994246545144,0.2399213936808085,0.4357599995713584,0.7810943459260092,0.4602177088034223,47.023469124324826,Developing
0.5523886235969514,0.4559923397455129,0.16096750482732008,0.38254981348168965,0.22744052166281925,0.33057865560310684,0.775449137293178,0.48997148440687976,45.325444012724,Developing
0.45152315478986643,0.3318857815538756,0.516918543965248,0.3549108010166732,0.4295330229084447,0.2698177036954541,0.8462519205353859,0.1892975233517258,43.23011961918474,Developing
0.855148520040591,0.14812441735437978,0.5563348557455505,0.0959926845967976,0.5085677618669169,0.5048115215152023,0.500351585522835,0.8570695404150286,56.37814184641166,Developing
0.6199046785699871,0.899996006083768,0.3712122195844918,0.29495638038294786,0.4038095432175459,0.6722594198287979,0.7601437645439243,0.47936802083082264,58.78656944994674,Developing
0.5186909970134327,0.3377152596515419,0.3387131989247178,0.3513124249746256,0.3815989924271448,0.24294768264680328,0.6213534918674084,0.22965633749994868,42.059207546279474,Developing
0.800334101411612,0.37962189842352995,0.34721926337923814,0.24091266717125354,0.36229735676708574,0.4155028668912632,0.5012193140874579,0.48985450685782966,52.71864017912988,Developing
0.5384279430646314,0.5611861799428215,0.5508519657820459,0.5003212882830542,0.17094094847150437,0.4415747414755482,0.6557204365015775,0.476744636956676,55.69556382809719,Developing
0.7212520199296096,0.4607800246979554,0.24834186852531748,0.2717761416598843,0.5815325032162756,0.42670204867355027,0.37873060567691386,0.6549262451917633,50.048309954899494,Developing
0.4633701429767196,0.7667847023502667,0.5145386002256507,0.5286552600781049,0.2943573162195848,0.18479264978655602,0.4860426546597667,0.2732344677473569,51.26620961944628,Developing
0.60357845238563,0.40086246591462077,0.46456427242917664,0.31176042712705837,0.4305786243530778,0.40163355629052855,0.5130299973061121,0.5766042446859599,48.29677724770524,Developing
0.6126654646271742,0.556681803229355,0.2656841009035205,0.5862042138236074,0.5302729043210148,0.4261476437962911,0.5328356145455319,0.7166683510601083,49.99445317444302,Developing
0.6173752394109914,0.6975898681116235,0.4365829400964406,0.5168976713199698,0.29000291733740996,0.48507534830383836,0.7157841115205791,0.38750733394053427,53.25477480937576,Developing
0.5516999522898212,0.6402191493004716,0.5962082130292702,0.42676245085485753,0.39186693684445323,0.4074781362817108,0.6850841154183845,0.23177025511408286,50.33123735249259,Developing
0.7968363284090172,0.6180484092055201,0.3821765900816701,0.5784083420033828,0.23826456039287225,0.5664061388860193,0.3054365618186854,0.5549652053964609,62.471579660904624,Competitive
0.6428063412061138,0.5367243810045065,0.536427841721405,0.6699958166697428,0.5474482522170013,0.49956830888486325,0.5652486817623358,0.46985623974373186,54.88900405162835,Developing
0.5939253456085694,0.12059966505441025,0.3019925196030088,0.21289896326945912,0.16529243651914338,0.4995885568977123,0.6837589625542216,0.5369420329347165,42.245177639760925,Developing
0.5628809193562195,0.07861652289095189,0.3292545176353545,0.5485067891322164,0.2114421154592713,0.3368949622110021,0.7182629951517931,0.44843988879550106,44.7659033664391,Developing
0.8371337477114913,0.46376573548760824,0.43758466042122635,0.4843417211498848,0.28622050295701024,0.5336378813297603,0.5536248735287101,0.8506989150435647,54.70568406561285,Developing
0.7396542482312117,0.5576679148043908,0.2726429080651914,0.6997752587379021,0.3195167554606826,0.5924966979863378,0.4954161092017814,0.6293525198954594,60.640981470054605,Competitive
0.46615220254552253,0.32058063408378484,0.26627642282020536,0.31422047019395355,0.33967504898372824,0.2987960823286965,0.7644828952830538,0.3023769712232077,44.441163564269644,Developing
0.7098788552036336,0.690298372618923,0.22901987888506933,0.5386874624805499,0.3932346545195244,0.41975520008386874,0.5654042152819451,0.5378969587701933,56.350655969806226,Developing
0.5207650281147956,0.2949905642528,0.16009883865488989,0.27157505195616877,0.37851760391106337,0.29721843342423915,0.7203229040894463,0.5344182472013855,41.74549671010292,Developing
0.8710342731990122,0.7253528950355154,0.21753095941231979,0.38324098394622624,0.5338343681772331,0.46275860620062154,0.501722971472514,0.7203957489373746,63.47325625934483,Competitive
0.6347863831155361,0.8135802887657724,0.30225203000967615,0.5582134481678691,0.12321063696935927,0.48594135848027015,0.6323242697995949,0.6638407176648086,55.49165430282498,Developing
0.7419602735863102,0.5722846553416089,0.08374154399574467,0.1821679226582227,0.18080393680306991,0.7028542662212073,0.6171543217114887,0.5200277108481234,49.966451642831736,Developing
0.6130651988731036,0.6201366112774415,0.19306215976455607,0.29495859803745667,0.5987288484306301,0.5253314153517203,0.6696208036084862,0.5780521190927275,52.74312838116512,Developing
0.34436108594321757,0.6082972922181201,0.4672391215378914,0.5895035342403498,0.15818195450955536,0.17606768989245028,0.7234979146947723,0.3006535528279822,39.775410389582106,Not Ready
0.6010123557929551,0.6398841354465451,0.09001680121224524,0.4512767076577838,0.27106720645572296,0.21296758321317638,0.7438895327468119,0.41290348196877497,44.11717606913283,Developing
0.7120029678964214,0.7413190402186481,0.35076819505143725,0.46941641807192847,0.6044423072377396,0.394481873779544,0.5955331703561421,0.5856772949179938,60.67725683163097,Competitive
0.7418406803953832,0.33927923951988254,0.6507258166045646,0.2666064098050826,0.38072196132468233,0.5103411823039641,0.4321835902962217,0.5516498257017239,52.98842563684904,Developing
0.8183893450063106,0.4177246468161011,0.2536327783592577,0.44062122611809734,0.30406687165164065,0.6516142141290869,0.6178266420927438,0.6779518475491255,59.59876403239456,Developing
0.45354158378025317,0.17188549238881182,0.1936151521047206,0.4670116799308335,0.3250016570432921,0.39303699644936807,0.9649725524029948,0.2753322557303251,36.23666513168232,Not Ready
0.5784389000270714,0.717612621101389,0.19808254010748577,0.3434675164446672,0.323828983081718,0.3631775542715604,0.8105561257285887,0.5033529083061863,47.63705561657052,Developing
0.9591865737233207,0.4527362249012952,0.4710071228904952,0.43270143330877797,0.35012183284794474,0.665202690176305,0.4417093625746263,0.54580190994995,65.19455624701544,Competitive
0.4583111979463483,0.6833663006696289,0.3187177125465804,0.360049034229455,0.4939260858906204,0.2600390157641814,0.7564434770261903,0.35212982692493155,46.73947724848885,Developing
0.7226127690601243,0.27124174462856093,0.6197970143676764,0.24107443901598893,0.28484689068166164,0.45619553860381373,0.41728873144065576,0.5335255522780381,51.23974058168238,Developing
0.8463463144674027,0.7225700705712919,0.27281819235471155,0.6356483741051585,0.4699176638462475,0.6172502423600986,0.4150367208910223,0.7459151017808598,69.5322665799679,Competitive
0.7701532891584426,0.5798858048913825,0.6559262987585376,0.4484500871479014,0.48763695430695914,0.4874476675715913,0.4281677160053213,0.6861597032205233,59.817808307600075,Developing
0.6017916534061634,0.24248043329647223,0.052009196570327196,0.2752609560462504,0.48326431588855207,0.2961450913469872,0.630247296549548,0.5212280060497702,46.49699655073703,Developing
0.49773128957138874,0.7319155786606644,0.6590103452860735,0.24468075620272545,0.36569398391860725,0.35798703301456103,0.7583991036455412,0.4124139837865303,55.004655263437954,Developing
0.689870496123854,0.7226420352494038,0.5124611903054908,0.7327268471898264,0.2706579816422536,0.5433475980536804,0.4646346848234467,0.42875306190850637,61.962938483169495,Competitive
0.6024812524725913,0.5258627789406786,0.3929173633102882,0.4715965486699604,0.3050321117442569,0.37381130908559934,0.6871307023912248,0.6116617137778741,53.11694326026338,Developing
0.5494094170246879,0.5752679404376749,0.14903390112947135,0.27249321809661436,0.18982985901282248,0.625562328417665,0.7212979313955943,0.32653257238461564,40.20053760923659,Developing
0.397602532242253,0.5054438793032526,0.18406070756871362,0.4328826675512436,0.3420721704396163,0.2697264318082224,0.8297052854037901,0.4555344516074048,35.35417090747855,Not Ready
0.691826822088737,0.3681705300961129,0.15264987820245252,0.63726616451993,0.4528302886921618,0.40277235600280714,0.4932013858577737,0.7167775674185797,49.95258237704938,Developing
0.7313396959873244,0.652618245793142,0.6323693631942366,0.49487317236386547,0.24438866888009117,0.6938476568131895,0.579697069822262,0.6859603980082769,63.64076313618951,Competitive
0.48002353984196233,0.6766638732617958,0.22556612189869404,0.2023593372170144,0.4915640037676822,0.47846757781603066,0.6770348273748789,0.41813422530008554,50.519733096103735,Developing
0.7622922911698566,0.5444364550130607,0.30948440457356813,0.6535047940918742,0.5003183556897578,0.7744993472760577,0.5891410607893338,0.6066974506291383,63.40852645045581,Competitive
0.7594624439414613,0.5608731781651294,0.5588291511065949,0.36307204650066627,0.27970158307294457,0.5282202686390438,0.3371039018067846,0.6091723565016702,61.22319095198209,Competitive
0.76794813946211,0.6081073987849805,0.36034077725638275,0.43937675090722433,0.299932025385367,0.5007914103327782,0.3606266601745064,0.5206017155293315,56.63972463964801,Developing
0.5376275603947206,0.2957862451289241,0.4924560896548034,0.5794982706223523,0.219305014801626,0.3686166885938881,0.6994859936750645,0.41589658650757966,44.56351840590917,Developing
0.5348155118707719,0.8161435420237181,0.2542594914569211,0.6317134204027741,0.32324468982038435,0.43778972724502146,0.8007366744603118,0.5210115387996918,55.31505478250956,Developing
0.722639156415455,0.18407377675545744,0.19653500605824567,0.1143433565772449,0.4950046388433424,0.6270168361706263,0.5843524579451456,0.4397265566655036,46.404138291291744,Developing
0.9047334565035022,0.7398455347796179,0.4938647576587027,0.622184402390398,0.11656196942956586,0.7354667119884545,0.12274800105102956,0.8987092446438684,70.59200806973386,Competitive
0.5961126283362606,0.2475279104852967,0.17555891541648772,0.26638529568471747,0.14070423844700355,0.4189742286063408,0.6278886853761904,0.7477463446171713,40.94483565983696,Developing
0.7033916448774614,0.4834907864363287,0.39933894216801535,0.4506647806062445,0.4802854238808089,0.565007982430255,0.7443007339836882,0.6116705818585015,53.43606098277282,Developing
0.836970328156912,0.49756416851654905,0.807550432953953,0.8623436547750221,0.22363718727145643,0.48864573497466945,0.5479206085857674,0.7589800523041244,76.52901704977718,Competitive
0.8346802259456283,0.5652069839139997,0.3912691220961142,0.5322941301197985,0.1839282687586217,0.4927624153239122,0.5760643056682386,0.6984356022045856,59.045878598086574,Developing
0.34458045293770717,0.686657943047951,0.34760617830699064,0.613627260216949,0.21252760088498118,0.25500061872882196,0.664938918525171,0.2163078065095741,41.360326510407006,Developing
0.4395585210795874,0.22796085444989006,0.3219826139546687,0.6699398986270956,0.047076970425039846,0.08586440547962634,0.8559240655682262,0.3737987441461196,39.09158138654162,Not Ready
0.4968392186503514,0.41159962449067655,0.48658497144054086,0.33659096415256906,0.2256011101784327,0.34812401299870716,0.577726044900905,0.43047852135607556,38.52089723821677,Not Ready
0.22097760441612918,0.6070123121747175,0.4306407902896473,0.4958421776927715,0.6603912888091318,0.2507479999407193,0.9721329318997709,0.19139988577945213,44.01054950385775,Developing
0.6463881754462478,0.10534234931220286,0.6287534806394819,0.5242243900270683,0.47046552902408145,0.491527146247943,0.658932318323962,0.7499523018259899,50.54982797921484,Developing
0.4786257298085251,0.5741704703718499,0.4905231487133091,0.3048642307621141,0.2425526345008382,0.4753446427056762,0.7882673253859649,0.576752624258194,51.212971788527035,Developing
0.7876401327084327,0.5847749454510126,0.6312259504623255,0.3836028871924675,0.2756498248566239,0.5093412186945109,0.6871305185436661,0.6777676668299661,58.744559087056345,Developing
0.6401940589519635,0.6153854087063393,0.6403762179353981,0.3680633146798763,0.4985663400776474,0.3027984283122637,0.6682724505897341,0.3428645785277181,57.51013230498387,Developing
0.35951484011025836,0.41084281601408085,0.4187905070035347,0.29966944601499046,0.6854120530931039,0.17287528958393694,0.7302458118003162,0.2740863673692279,32.475969902544406,Not Ready
0.9156868748347983,0.7589797029187667,0.1939298272558285,0.5414730956519854,0.429697187776867,0.6502439127760999,0.5562446081583998,0.7598670141323516,70.8408972903857,Competitive
0.6646198583611054,0.5282031051015332,0.2899925752600045,0.3972804560209394,0.2096765633009204,0.6339829291996651,0.5869822208151148,0.6025278563667477,53.94224152687552,Developing
0.3157446675156788,0.630790008661225,0.2785386931180647,0.16421881956841916,0.3610006073545472,0.4105581817355393,1.0,0.15513860732329465,38.75114143349458,Not Ready
0.7919227645509515,0.8109665732188648,0.4652167277823319,0.4640728392374339,0.38732019927671996,0.3536202078149361,0.550159496473983,0.8149997437113456,66.43815730771679,Competitive
0.872908724365179,0.39668895653459413,0.2831329727403826,0.5652967659188775,0.15987200820816225,0.5891481735575916,0.45651068847908904,0.5381116871379321,55.21683417243885,Developing
0.645557601939358,0.3905829125670694,0.2615002988288169,0.6160570421036047,0.28204415325322957,0.37522654723803583,0.6288574717317997,0.48066770238681794,47.255092650267464,Developing
0.42465362173754595,0.6648802815858046,0.5886079140149717,0.45922032088532955,0.4812453774198254,0.2316236473300326,0.5211121967646655,0.3850878164286218,43.97457322550556,Developing
0.862444404848437,0.6637134634240188,0.3286061970945978,0.4762415288386893,0.19133867355445605,0.580948754678903,0.5534737509125685,0.48332298694473563,58.52894420883701,Developing
0.4515776694432758,0.3686333743691072,0.39953529404078775,0.5435317298034572,0.4416006944545948,0.23963412361167902,0.8384889253656913,0.18740405188730233,43.58309060414156,Developing
0.6380918959949783,0.323294531756235,0.38761653276072694,0.7032414417075427,0.10630812138880748,0.5061550841332068,0.5799482610447024,0.466184272627347,50.47419016496748,Developing
0.5133136008563934,0.38758797170231074,0.5375471865665119,0.38031179239176494,0.3494075637740284,0.5233153496689033,0.7482043675985244,0.43011607069632724,43.805470792973075,Developing
0.5384489761647457,0.44445699258405813,0.469409848871619,0.44940673993723623,0.3593484429724881,0.5366995277310551,0.8059591925624303,0.4057640370033974,50.26694733869045,Developing
0.7332740920693682,0.5478058884302762,0.16501407628250994,0.6223875981836675,0.2714012287453791,0.4343646686070394,0.8096213605137029,0.45490329970247356,55.58417576210818,Developing
0.8529165791820734,0.7240653874836718,0.5919078745520465,0.5592918024063412,0.3355647159175129,0.5829190171109981,0.4078349978303077,0.6239648134871191,69.75949899601798,Competitive
0.8802211159748672,0.2099703447534136,0.26610692182353607,0.13683259338125428,0.21562487009034195,0.7750067470185354,0.4538939436834569,0.709883129226871,58.00264087590813,Developing
0.6730651098090111,0.38848820321905986,0.25913565711669106,0.3348216806681918,0.18120457705500517,0.519353810611924,0.4600500005401248,0.7466099341713391,46.72495085084894,Developing
0.5941714776031245,0.3150497516668865,0.4067769765260114,0.2229549909609948,0.27778923939855477,0.5443928308406583,0.6162437575513688,0.3777642823810082,47.79099800614438,Developing
0.760877951056508,0.3623068594934779,0.7050996970255022,0.7471530637653856,0.13192320690084183,0.5957872239679223,0.5001523106093791,0.5912708125957291,61.92913097042181,Competitive
0.5661571500581559,0.30905128251705,0.5895478287569486,0.6930122897253459,0.5970545069014731,0.49857814328726935,0.5611590214372923,0.3440150522370833,53.723528238151346,Developing
0.6088009504338888,0.6188526790644305,0.26013834384271567,0.382275700050153,0.13252615170018223,0.37679739707153803,0.5407875055474046,0.4479499854106139,52.51402247438928,Developing
0.43184682053019874,0.6108841806245514,0.14996014045059675,0.48480399195084745,0.1580476245828228,0.23823892937108698,0.7050074313876203,0.368275940040693,36.76350794373582,Not Ready
0.7267082824958517,0.2564209045044691,0.5346189818093798,0.5321675538435617,0.6280285398612123,0.3184343947239613,0.549270983649226,0.4355040601769491,57.809720554061926,Developing
0.7992554118627127,0.33762087596943086,0.365386913756995,0.44623788099596906,0.3472328787249104,0.44107437653017745,0.5686424382118114,0.7893918430757023,59.410374992477585,Developing
0.7083345810592453,0.6105344122007441,0.1515248159631585,0.306966257302528,0.26245268695476054,0.4584066096232739,0.7480142348740206,0.35860510341571983,49.246923570811134,Developing
0.49301558728686007,0.5907520876356072,0.664067280993874,0.6908220870021972,0.10382989857563311,0.15351017834006475,0.6884943587220849,0.320915489062598,52.20299268595231,Developing
0.4195485006512659,0.7253206125458965,0.3245784960037073,0.13400010364967072,0.4718481750649677,0.3823364059436118,0.8188929260932478,0.3538642871461244,43.408843602264994,Developing
0.7430594767862637,0.520805917182487,0.4319587886274328,0.3836323628622998,0.22349306132771588,0.5247296184814899,0.4561498001625814,0.5173275577866199,50.71511734451065,Developing
0.3894205050677567,0.17565436091771816,0.23780647321675555,0.5745238760268099,0.3850005975820736,0.24404581453458749,0.7561699665177958,0.42899240403347083,33.96620973571622,Not Ready
0.7417530287963711,0.314065196679232,0.5341036475732176,0.8808687903572594,0.5662388547297053,0.5064002489171373,0.5480579858276886,0.5674920835402038,60.21173288950972,Competitive
0.294946107404901,0.42198706844019185,0.38003326913731905,0.2369859318549378,0.21044692782544822,0.3196842380494232,0.689480883733935,0.2906671001358239,35.68797285488228,Not Ready
0.6605846277660831,0.5910969735431697,0.3721261985801397,0.6823188237106124,0.3732022612352014,0.36459310720814003,0.5718934423859694,0.687944940222835,52.33873666181593,Developing
0.605270756354484,0.6540497898157316,0.15803827373523624,0.5189143666805387,0.5600138742643829,0.30254279579991245,0.705956527490449,0.47535575266189994,48.792749425645596,Developing
0.4609015962608713,0.456660016480974,0.442879431844578,0.15846571076679414,0.4375259560811749,0.27579880193548206,0.7716094435165822,0.20890597387520593,38.63479226748521,Not Ready
0.3735554258311354,0.29520369113354367,0.5288875105145675,0.5993327503587965,0.30250320325418506,0.41094161214417146,0.9634396066448191,0.26051891822936457,42.83402446946773,Developing
0.42034439701351706,0.42565475208719533,0.22098677515064613,0.21049908471904355,0.1379940452489523,0.2177396322905859,0.5769254579273689,0.36409843744344267,39.63024052348749,Not Ready
0.4388958902016895,0.6241637615076631,0.15756523092859528,0.34906534689122454,0.6599443161727027,0.3350746456270139,0.8392665695854377,0.3234900682160846,36.03315385784573,Not Ready
0.34427207461114384,0.38167794877484057,0.4636230718347627,0.3190680565468547,0.3847211602851987,0.183138109024171,0.8143282662778486,0.23790406697612873,36.83597241473372,Not Ready
0.7066179715858008,0.7338629228358933,0.2127546854175869,0.4668163446194419,0.5583476390839689,0.2833689543506388,0.6005170243244338,0.5676334409477846,56.60129129576399,Developing
0.27260802697414377,0.6702905832028575,0.4642474835681538,0.589836922624218,0.3567907363791879,0.082050709988429,1.0,0.3195681305842404,41.95155582997393,Developing
0.7856410524777199,0.6171827048669317,0.2810791396600933,0.17384883272078824,0.3654189877215067,0.441164603177746,0.4565022258891444,0.7380016759770549,59.726909054620215,Developing
0.43162062637704257,0.599268856963224,0.1838346330953236,0.5611443302728066,0.4612933969497364,0.3282081970565894,0.6040719612941892,0.3424300823257363,44.22903055278496,Developing
0.6895968976885218,0.5266314218720229,0.6428199525610837,0.3899781688993311,0.22529441994289082,0.562011279851409,0.6097302724193379,0.6186451376804296,59.18226981270852,Developing
0.7302887625927166,0.5307785991665105,0.5607161322914204,0.24120063672777903,0.34583461197488546,0.32653015546109465,0.5584058237218101,0.58059836519072,51.66669766930921,Developing
0.7762362912314426,0.573550446859655,0.28849416616911955,0.32919713669081907,0.4735770864683613,0.5334116165819237,0.6633945703463806,0.6401278591573875,61.03801114996304,Competitive
0.7144987647398197,0.4631897650055169,0.06934427540934154,0.5366050243383932,0.4846024436735934,0.48252259775036804,0.5455566601759697,0.7393547028729186,48.98415731628575,Developing
0.4420683394289096,0.7422086818444014,0.3927012715278224,0.6269609449279405,0.13027855403901364,0.5151657521558559,0.7833363173038868,0.25283838512394186,50.65254930391548,Developing
0.4676577559317558,0.35521515439018625,0.6001621528632946,0.6779849940523802,0.4892960187592071,0.32422617284601973,0.7663355607549658,0.4478717290795671,45.462139941600725,Developing
0.6802807769372413,0.3835669023583678,0.2886267900372044,0.39338708094286956,0.1871258105050738,0.5748670526176655,0.6063972910252097,0.499628103588493,55.32466904968026,Developing
0.7321367645663487,0.5381832283605997,0.17313701552739433,0.24651352220241443,0.05842352857240689,0.364115054902281,0.40716949035089856,0.6554858495767559,48.32249966434442,Developing
0.5779503182455075,0.6334175119103302,0.5337052117678992,0.3706967350955567,0.21903534609487224,0.3630434953119064,0.5211101082692995,0.5660125916664736,55.18352981657325,Developing
0.34095312689838475,0.14116447319264325,0.5317144845239934,0.4600408546846971,0.21302238278193228,0.08094117598687792,1.0,0.4143312278460095,38.064789921534704,Not Ready
0.6946021211024727,0.8121992243134736,0.38551273924770857,0.5284762048481858,0.2666738254622328,0.43790101165540246,0.662835941320666,0.5952733575273006,59.96343950862841,Developing
0.6138005677599254,0.4733459815624216,0.258479894266412,0.5108150772888245,0.3772547956678316,0.4215857656799512,0.6137334112023127,0.5074181061392284,51.58165980894563,Developing
0.3885392353572926,0.2758144285856629,0.3256474733740609,0.18242366383298816,0.22128477107144773,0.09881081321388527,0.9157603972385349,0.2857564285455412,32.45931493693639,Not Ready
0.6770260061286262,0.4266031659649707,0.17808969929433727,0.46455178546270565,0.5304217317849337,0.559353730529404,0.7143337246061304,0.28877078891222213,43.076507481066315,Developing
0.5679546499009596,0.5728729881393693,0.39935596968656883,0.3771621789423876,0.7013580727722213,0.45216004089301837,0.5850193648891284,0.5230644123056403,48.63576327933995,Developing
0.5705642981401393,0.49473484873912993,0.2317597157051118,0.6076333428293318,0.24745653767150227,0.4862428035046033,0.6902131393307682,0.4926458641551224,51.28703100497363,Developing
0.7399090791263799,0.37353457373055027,0.31966485791927424,0.28712681146283797,0.49433074996582693,0.5374109421672516,0.41857127043934783,0.5031806958926314,49.42293031464194,Developing
0.7684013880228875,0.9253416164097363,0.17251467633379997,0.39962739316247164,0.3602215099049249,0.42820268715076665,0.6764791199640285,0.7142097739593977,59.881499121175175,Developing
0.7456456354507196,0.23101507435909346,0.3779275426864953,0.3791931061526351,0.3706756300203718,0.61208413331236,0.473124645254267,0.5985156456623528,53.96223501621629,Developing
0.7505264183756672,0.6201042362952259,0.4089676721179015,0.266973123336794,0.5114756005837743,0.4312621519609879,0.4223474467758315,0.6971400666739518,57.197766730688905,Developing
0.9451982970708966,0.38220213428300387,0.20633109040267697,0.5616599097688342,0.27756408241954283,0.5065656477148517,0.44252945304530833,0.710326903732808,55.513944155628344,Developing
0.7886920776173514,0.46881673183866285,0.7499043258881534,0.25916422580541887,0.17106871029601675,0.5032476307713548,0.4396553399633847,0.5494639196970302,55.24130214646436,Developing
0.7481203039406424,0.47440564075996994,0.28404509031462205,0.455240105588638,0.35326591145621444,0.4999394230219068,0.5556124256288791,0.5457795962601537,55.10632184475448,Developing
0.5446181670914467,0.7964289451597727,0.2376200938364185,0.6379744600598306,0.14384269052374057,0.3956875881933179,0.6144113035157828,0.5923335694157523,54.9621896456403,Developing
0.7547098608539361,0.6187525874904793,0.3135433446007956,0.31690222147875924,0.548080714506381,0.43407553235877105,0.5463490203221227,0.42543401721007723,60.810553305724234,Competitive
0.7540785094170558,0.6946116222118578,0.4920241550142251,0.5930745289421376,0.3559413777949114,0.6815552269870028,0.6441843868404036,0.5537222131694299,70.56811906041145,Competitive
0.36785616399437526,0.4038165013327673,0.5079683255758483,0.5260038967964399,0.19479258038988145,0.3052600388433352,0.759800185775065,0.29592637851196285,42.81713871791279,Developing
0.736558353868226,0.3012553899358923,0.27821444450282923,0.5105863816147097,0.3320815878027223,0.5823009570186407,0.6580495865171281,0.6256090947529491,56.522478730884195,Developing
0.3433242816817957,0.4940873510831158,0.2307541639412644,0.5628236098193404,0.09160722746774912,0.3484078137003996,0.8675449851935182,0.30041127550388647,40.088241647753215,Developing
0.34215297660682925,0.1581878262902546,0.5075908330595733,0.20819301163953952,0.5495360189929348,0.26842026381714856,0.7847451028198922,0.37272003645385865,32.522506557322714,Not Ready
0.5005001239387762,0.8869628715602332,0.49886080467383115,0.24982255215955906,0.3725028443512963,0.3817666551169211,0.6544803435351396,0.4156226651793815,48.77328446097334,Developing
0.47893737905179085,0.42373134891963704,0.18370107830856677,0.34649782235106275,0.23202510839520202,0.316942080646376,0.7873490537124691,0.25111217633872096,39.20606973629583,Not Ready
0.5649463382844638,0.3531040797645919,0.47389735161019886,0.5775044156342629,0.17195374962925525,0.3802247203427946,0.7851165042104373,0.5538355435086306,52.59598094801053,Developing
0.5061317961229532,0.37203845910262917,0.5869015492453398,0.3150866214062381,0.14800414018879984,0.41541193729518533,0.5982903226787176,0.43778648399526465,43.05166074561004,Developing
0.5942176296483231,0.464595593125451,0.2574523999100704,0.5950365863738898,0.26290318212347913,0.291707542499032,0.5886291001588386,0.4538406733977405,46.87588368239001,Developing
0.6912695427542175,0.1726963214691769,0.44690717479666153,0.34916946716167113,0.15944814151870854,0.381415372896758,0.6841915230312261,0.7647940534991351,51.16706676803407,Developing
0.8328036578037773,0.38361527455966005,0.31621693413370133,0.23902156766209495,0.33226324742178215,0.7931637654659087,0.664481464909703,0.5655553123111868,57.54480691602323,Developing
0.7125844359822514,0.7907886985345745,0.296218430157808,0.4468489739148794,0.5005381270685504,0.4738931286425674,0.5480261956648768,0.5983990276888431,58.79871225762531,Developing
0.6207331135668552,0.41079728505227275,0.1432384630123523,0.37980575711310705,0.1788465891211019,0.7637006865281641,0.6329956412514895,0.5152034614694492,51.72196086560754,Developing
0.8076872951558254,0.721622448646931,0.18560184694173926,0.7928250844079775,0.22026568315431014,0.6453914733159858,0.4940179476930211,0.48419576623423594,72.82140197426128,Competitive
0.49220820451487074,0.06434945414057888,0.30985281823058924,0.5904312703470996,0.40227463832958965,0.3995224327520944,0.633057065600857,0.280301076871153,35.59711539539291,Not Ready
0.7254531777121959,0.4920581484204558,0.5956759573501059,0.5430520151610053,0.2894692148498337,0.42718896962255637,0.5299065619192084,0.5958445469023123,58.20247713368039,Developing
0.5701512947610131,0.6042563862968182,0.5784543121104715,0.19684616851351894,0.4767199452435718,0.3702613998794613,0.7919711239138867,0.4775012661099543,58.17675024476068,Developing
0.7849776320124262,0.585054190667216,0.5698765933732851,0.5098451616148317,0.5127509662036374,0.35988745670771766,0.4865382384258895,0.6711350446460126,62.169315997908484,Competitive
0.7408476080111582,0.6939069195267004,0.4329141603426432,0.3443251813530946,0.32587055536841913,0.5280333059409361,0.5680731921779414,0.5814750012085252,56.63646634546727,Developing
0.4752579293808117,0.21247644164599497,0.607195772487999,0.4218084956170291,0.325865625295662,0.2519940491727499,0.6157289042727692,0.34238690496686647,43.82746563189342,Developing
0.8304007799449147,0.1762635451497428,0.3682008228645964,0.7030247466439908,0.36643851628329105,0.5342911777652815,0.5316188361704254,0.7641124360795815,57.64820497800118,Developing
0.7468176214563707,0.65864407142572,0.5990912547913639,0.395047207302849,0.5819953174383911,0.46605536583942553,0.7445528462937009,0.3455298745254506,58.100477832562625,Developing
0.6071836210877655,0.4868889686125897,0.4622934676967698,0.6991529360205762,0.1628980134988319,0.3140214394543054,0.6785772900834129,0.6000060290429649,51.59363558199983,Developing
0.9452647312423097,0.26856573235150416,0.3688826512462022,0.28271511406283084,0.4932885139973508,0.3824636041706632,0.5072344535690745,0.6613965328638212,59.90923757475602,Developing
0.8370124919284192,0.5887350499866815,0.23787917311164344,0.645609263139547,0.4225561899140653,0.5730108152675212,0.4888845366903192,0.6086923431361027,59.26211393848169,Developing
0.6807089461804319,0.1872492559290733,0.5127536162251807,0.3544557547638789,0.22606718537606044,0.46033132913598607,0.5245139236579353,0.5507715163829179,50.36791877898985,Developing
0.2478731643356408,0.37845838928749,0.4561640388221787,0.5399598208977505,0.6149436200546367,0.0025356751902983476,0.9332309624965106,0.17511005128714685,42.10400655484255,Developing
0.5654227071013883,0.5601031289241277,0.37187911043421235,0.49485901945139305,0.317826002796918,0.33810706262185114,0.5048240749639412,0.39522416084529005,44.793538996372696,Developing
0.7411649720924096,0.45458254189905384,0.306964444382815,0.5083627867935229,0.3942643005738255,0.4807332703427647,0.5658350406236834,0.7226515088027851,54.97535141520766,Developing
0.5341600585496362,0.4012774996042166,0.4481090979422047,0.2518004235215092,0.43390783209761286,0.4131483694523387,0.8378445221067463,0.5597546146200202,48.63259817241273,Developing
0.5224066917022275,0.7088287428467674,0.498069124603536,0.38840826332455,0.36846765893423333,0.29895133679193897,0.666695584485756,0.683104376875451,52.86375939700696,Developing
0.6920025356568767,0.6045474991125881,0.36491052251103,0.1678014993110286,0.6008770871605124,0.5226593559114929,0.7774048333677482,0.6000716485535948,57.02469962152419,Developing
0.5459454679352533,0.42254914935803717,0.5938898130781738,0.49163818039334,0.2585211230376661,0.4735401880462599,0.5904487554122233,0.4058109445990732,49.852617918027384,Developing
0.7067581339099459,0.5187235812954729,0.28200009908200324,0.2950766565277318,0.2197172067491592,0.406350966001858,0.7138128575573848,0.5886637133576506,53.18452629117952,Developing
0.23587824515904876,0.4532847507156285,0.3636023155624669,0.253711901969279,0.48353441591902163,0.0497199773683137,0.9854170159987019,0.3803494150182503,31.576861588989228,Not Ready
0.8104477276486795,0.60151658294046,0.37755253444437814,0.43297656206082524,0.35208764141497484,0.44319588423618494,0.4385960506979175,0.6718619895180111,57.513176779360585,Developing
0.738295915208406,0.6332721828630026,0.5353934766526247,0.26061560130630235,0.30737403899729354,0.5658311737769303,0.5575303985483666,0.5379132579181383,58.08966586381632,Developing
0.3293843415540832,0.42578348396693466,0.4420536069497472,0.2664065696941055,0.27872385455496074,0.19551796403069677,0.7869442671033557,0.21580472870255527,39.72452430704612,Not Ready
0.46729327150896094,0.1442480213505338,0.22237235561286722,0.4612605991451133,0.12343668067478215,0.2854736447399465,0.7547196729115776,0.3664038339208033,34.77414552658542,Not Ready
0.5706996005870125,0.6249781673910778,0.41487288156223506,0.5528341100431527,0.27839328407507863,0.4122686813727522,0.6815906158863202,0.4204423634992205,56.851553210416796,Developing
0.7883934361684337,0.5704418771408863,0.3375801825262111,0.31082432540447885,0.2691184129608533,0.3629282841897348,0.4007757010417693,0.5746186423210993,49.674461911280844,Developing
0.6044861768152076,0.3405054481743961,0.2629832128299863,0.4373002073871289,0.3409152229932736,0.4744906671728873,0.7160514580110838,0.3868588066911688,50.007066861329214,Developing
0.7365903008147489,0.3028017577942144,0.2895276926988988,0.32075423875816583,0.2895468434357127,0.4658653628259292,0.5838731190982485,0.6655950959052134,53.82365939039634,Developing
0.7259312685866353,0.5359190241942737,0.39755633156404957,0.4234288452090554,0.3283589973453088,0.43746982694722647,0.6714549972323506,0.5099938416456783,55.29454155921473,Developing
0.6861227611985018,0.3206681149149081,0.29895098043616164,0.35429548403513517,0.4137822723194153,0.4538205852048153,0.6483561805748967,0.4820510163487241,55.043628937386806,Developing
0.5247280471045326,0.6030870408476899,0.4058465673772118,0.6677580027052232,0.6410864541350155,0.4012370707385194,0.751963085645579,0.4408884469818025,53.32349196153683,Developing
0.46949945233784823,0.7623137819709126,0.234681909462983,0.13827996500355866,0.2564083672765115,0.28480972022382534,0.7171685548132669,0.48294814821717935,44.836131872858154,Developing
0.7028930404871123,0.40386289755830795,0.23006550364951084,0.6584178192927895,0.4392478742970186,0.4029769300920501,0.6423140802505384,0.542644722899315,49.81980784658992,Developing
0.8455224013876435,0.45500775142983324,0.3631676700853803,0.49964168274024173,0.43862321368151624,0.6979028320653964,0.5435894519087833,0.5334881554344968,62.13846060275601,Competitive
0.6763162510708778,0.7893039699542791,0.6404542744442631,0.2619239963474293,0.25688303843739135,0.3857166781512563,0.6828479523426132,0.4565518000493354,56.0192045245147,Developing
0.5672191905152423,0.7124306616666641,0.3434738425684745,0.14466591130342593,0.1231144135096476,0.27189139743522284,0.7833692739225722,0.5466453126134945,40.23751476400944,Developing
0.7505937304097757,0.34503047904387973,0.18599725443901202,0.5950336123637959,0.6843026194336386,0.4764931074622181,0.6142172796046207,0.4551729229031295,57.417928446672725,Developing
0.711018442463395,0.7361506536269052,0.32768839160058666,0.3650580408080841,0.1227683513674997,0.4963202693182546,0.6611481551104397,0.49643117582431484,56.75752883729118,Developing
0.7349045546308731,0.7372173334473374,0.6238495593648156,0.6197791605396425,0.44383111318785556,0.3978853698669393,0.5637217223310069,0.3727560807757765,66.87996655701836,Competitive
0.6234995436315268,0.4967348269029819,0.6168175668842045,0.32107916089371685,0.16643215601219968,0.4250473238019447,0.7293564914762991,0.32619433533654196,52.31916164631664,Developing
0.6414538402115006,0.5538564323623544,0.3760839708193804,0.46752733847755235,0.46438708099630327,0.508857658141152,0.5123022867798572,0.3755650070253228,47.88695083578428,Developing
0.6364928491022964,0.6686483761682349,0.41781988082129873,0.4188239069990201,0.5086175928439928,0.5522232924268407,0.7201326576628091,0.5352242627474361,58.328332997131696,Developing
0.7167797091650407,0.5723424645893372,0.6963619227516286,0.2597381416338342,0.23768686117860205,0.348460188320271,0.5669237074757268,0.469646111054504,57.58521094229197,Developing
0.4838977700911684,0.5533024659384044,0.2551202216135452,0.4257902592753494,0.47176723571271145,0.394993798351509,0.7141075125924531,0.2829726543095921,43.0759640518024,Developing
0.7243378486064276,0.4887009627114394,0.4574822377738972,0.37943407405656593,0.28797928133008693,0.46488878268352024,0.579408689727388,0.5202344164278989,54.229741629703966,Developing
0.5930427676096099,0.5241049330573664,0.5897808453491928,0.5391298621293779,0.15814435922182418,0.4289657219898029,0.7008952451312899,0.6272864480544522,56.017261918701834,Developing
0.5957312458340849,0.6327208306449941,0.28611304462975046,0.6271363053018583,0.252994781156691,0.3289378536238017,0.44846685725189483,0.38480964129623185,48.71720436597903,Developing
0.9303570003557513,0.6034014647829093,0.26630608069570216,0.32360894462405754,0.3421755418133359,0.5679519528727216,0.3453299791910746,0.8130467889872758,62.80918388271359,Competitive
0.3532318329347799,0.3812504408741835,0.18024183126979465,0.35789234568260814,0.30915326651730624,0.21329595725191353,0.6577318272444592,0.48738771335211406,34.046033406819,Not Ready
0.6968335589870787,0.6871589775705681,0.3425059599222498,0.29350884591178183,0.3476605428063334,0.4254508641543134,0.5058660687517444,0.6408387042721874,54.14339031821915,Developing
0.32814693471183876,0.343240106595785,0.45378400392284474,0.3737491719334981,0.25451738535731727,0.1474182516721288,0.7578361396917604,0.21502630725176175,33.70444220803757,Not Ready
0.6201527816212443,0.8471175263877003,0.5079466722068368,0.23786686934942125,0.18585616523934448,0.3314178019889264,0.6608417522068388,0.4584084131817144,49.084378901455935,Developing
0.7390106654162246,0.7130669702875492,0.2749858146578561,0.4609593563873764,0.2609755374898511,0.520343330544705,0.6163738871696539,0.6394845090774739,55.26824503657719,Developing
0.4075387505915107,0.5518869802712228,0.1586323232065754,0.43485052825711806,0.19911342830805934,0.24434275468093766,0.6157094324526577,0.41389965290311137,37.015981963928574,Not Ready
0.3745855362353377,0.26965836823284756,0.439460100045146,0.3924535558123006,0.36664652420438176,0.11445901914988824,0.7214231628531712,0.2063727023902982,30.36071167879634,Not Ready
0.7192370480077834,0.4634010397451776,0.48752092381714524,0.4812825104541804,0.0461150249979414,0.4105344949519748,0.5431478897680964,0.48241655367700553,50.76923738331463,Developing
0.4353527561342299,0.5912192166181435,0.31955479557469585,0.4711689444560769,0.5368820256120208,0.3851805753799328,0.8546379316369537,0.4267842818192113,48.19985901380887,Developing
0.43266660686847963,0.5471657968861352,0.31389068158361466,0.50910660666478,0.3832573407139487,0.1676201811616682,0.7123475498207504,0.29955300878786834,39.90066506764989,Not Ready
0.5482729379382792,0.26565017949255815,0.1402828792352916,0.2522473063481803,0.6051611054833202,0.46718973719706597,0.6252218965031393,0.4404809508603397,42.76629306445781,Developing
0.914207804021751,0.5275762342732899,0.35701950230792656,0.20378140710802023,0.2450317212277334,0.5856772653920106,0.4100592928695729,0.8070338898588895,63.008304115781044,Competitive
0.6470259178923252,0.6127713648865847,0.6700308076415992,0.11705232565193734,0.42568485342909296,0.5435754043222705,0.7116636677683855,0.5310043880800873,51.5990322166478,Developing
0.6116094739102949,0.42610419525637266,0.2030501595294005,0.509873903700279,0.07808017057684333,0.3746680407849159,0.7987983081116088,0.5464527490553016,52.813066812876016,Developing
0.5251379106212425,0.19714382174150735,0.300671192518342,0.30279412542264317,0.23126519096810066,0.46428265877262964,0.6992086960956424,0.38710068467041425,39.35815888485965,Not Ready
0.47566784600015155,0.46652350352282435,0.33278673745804815,0.6051600327889761,0.4753272319006129,0.4762945402059046,0.8385372715151778,0.5242039062552879,44.4233500382952,Developing
0.5155202434158765,0.6008514992209646,0.3411573641745112,0.7247125003481201,0.15738953368979688,0.3847818227592073,0.6805754593372277,0.3904558837321654,52.32037727298618,Developing
0.7953354091608924,0.7133014622286167,0.18389327687432896,0.45578516515956513,0.2603836897383355,0.5601000313442367,0.6297135322564139,0.6791737859078218,59.48710734726708,Developing
0.4698790404832059,0.31940107798960504,0.3969262632281604,0.32741868932640733,0.4413285375737862,0.4246803047051541,0.8572020244857069,0.356070928517937,35.72549345618535,Not Ready
0.4879294823089128,0.7401679509566309,0.40135857785986007,0.6648497380836463,0.2961144773619085,0.3357559674892315,0.7734018204017572,0.4817468548076449,49.70079359277431,Developing
0.47415590063956164,0.5948961287098228,0.27438647847913283,0.6369137754898193,0.2090540244858661,0.23348602691808823,0.7421370507890293,0.3198063483532571,42.802811342005214,Developing
0.35903716079429876,0.5442453044956426,0.2551271529213968,0.2010630375565767,0.4067545247106159,0.13403545720361565,0.6699916172787278,0.31503993520104134,37.99616319422409,Not Ready
0.8455601404472364,0.26860088502530016,0.34919845745783773,0.33801299338084023,0.5086728976708986,0.6124302847138324,0.5210149248582132,0.6079901355364855,55.0314937666236,Developing
0.7484865148563128,0.36650736617697727,0.23021377128121054,0.4947075190344923,0.5265186218177785,0.4802061762938742,0.5783631002609547,0.5545365361521498,51.63412667991995,Developing
0.5677268922469416,0.632877405084731,0.6755842224958469,0.780480796816151,0.5457788459742716,0.4276035368171012,0.5420197239652512,0.5362381468187959,60.983866144701395,Competitive
0.8206904085608948,0.6317900478951761,0.37510389442913644,0.6539104887453202,0.24252602833970952,0.5912803337868311,0.5039986713659307,0.63080393633004,62.1889363221122,Competitive
0.4747161529819375,0.5366202626051512,0.2853373032352558,0.3735575223330495,0.42034432237627706,0.24130334239229467,0.7370903406399268,0.37651896975802834,41.762348578079234,Developing
0.5668107325920401,0.4397000607672336,0.5006029821024371,0.20515536021795766,0.42075636988572934,0.4351217539873593,0.5534933282092189,0.38985619974894475,50.9594723964329,Developing
0.7728068456254273,0.4294026327947758,0.29933194614350916,0.6002875219229584,0.0871153627755201,0.6526135115477888,0.5077077235100614,0.5586549341049424,57.06796775860701,Developing
0.613660715600029,0.6852310374094004,0.20916080015823754,0.5424195573578579,0.26185354234561975,0.4214404661594426,0.5850313517939052,0.7279641949836279,50.31639461377521,Developing
0.7266723195198281,0.5418972077540402,0.31592863836001767,0.398199564093836,0.3225592638424837,0.4499011610440351,0.5064548853316116,0.6915707049960265,58.728117635447816,Developing
0.78218244385192,0.319598690503447,0.4027376575761982,0.45131377869780065,0.45795464119222146,0.4516008818606328,0.5731871094039318,0.6350481694604067,60.60852842537648,Competitive
0.39891917435182944,0.7433745030252901,0.4673880508975972,0.26102723902765756,0.17882175074879333,0.36932950407713094,0.700292785859112,0.24619926483131527,46.0813140363458,Developing
0.8239157969672702,0.42400648025270826,0.2770252663927121,0.5570665735157353,0.18304903375373205,0.491489293821119,0.43441186866835496,0.5907991397720919,57.989105112368186,Developing
0.6115388850934734,0.35232344436457225,0.2716775732610425,0.6779966658525538,0.476883592186036,0.5861438467968826,0.6220474637773808,0.3483218780160018,53.15066116692023,Developing
0.48212166416822483,0.6560411163709274,0.5860127952029073,0.6169657792603234,0.527530978645765,0.33568176796047106,0.6114868742584062,0.63117807120544,53.50327194936699,Developing
0.6603465857028918,0.5326599807656784,0.33418205236476417,0.5371961157169012,0.2745172258794838,0.5150487459384547,0.5959598415568996,0.4361416831307024,57.07437077387934,Developing
0.6373503539086304,0.23192862835421907,0.6712453594489014,0.3042817032218796,0.2731653046629142,0.4047229890014857,0.47136450509017,0.4032832790337561,47.71534182088515,Developing
0.6228201716950601,0.1392737329488861,0.40427317820411607,0.17906799039307536,0.24244228154233932,0.5316138237242215,0.6831098403220864,0.5021170548788877,43.346755422602456,Developing
0.7175353428664285,0.484279428956076,0.17204076915156444,0.44518101814206296,0.17370566529630002,0.4173903601933599,0.5861237314597545,0.3945719663847231,45.51300669862233,Developing
0.583928755514621,0.4967368517010989,0.2837409988405477,0.45189541907973324,0.19350177713672415,0.5260029557490687,0.71794119801877,0.4576511935389632,45.55849649286334,Developing
0.5450775642696635,0.4746563119829817,0.43420134247657394,0.5579496839518788,0.30404557013560585,0.2982577296528109,0.5956354454674118,0.5474096996362323,46.9735274733715,Developing
0.4851203572399549,0.48262386338631647,0.468853258071902,0.5169586966842741,0.3340453107279767,0.28430833215429513,0.808666930198793,0.4446665875338035,45.94515369277359,Developing
0.8182195296481309,0.8567875040052272,0.26328690397779586,0.7520798794618387,0.5569271417351529,0.5392392487434541,0.4733420434991769,0.6656405900538592,66.00032035755514,Competitive
0.5372095626890833,0.4517241140377006,0.5928991483464237,0.5359148062768647,0.3121275829518274,0.5978672072443919,0.6283908262192289,0.34826246305526787,58.321056961288114,Developing
0.23477900695118992,0.4436978713982772,0.38447735736039634,0.4530834792677285,0.25297635210761493,0.11358864781398334,0.7394791129573945,0.1199085394559065,30.97072972678682,Not Ready
0.5939059706980817,0.40524217481012853,0.37827705340730133,0.19364706159249742,0.36342426073148065,0.3998277696225891,0.626395328044043,0.41824059590287144,46.060593533798375,Developing
0.46227237687981876,0.7201616069981975,0.22448037942939192,0.3220812188088523,0.326144822825845,0.4519390542333606,0.7240338521112126,0.29611339467216485,39.535156561400775,Not Ready
0.832041254326551,0.39646071254048165,0.3266258820810757,0.35234177712350173,0.18107849683128,0.6925671485122645,0.38416938815757357,0.5478826895465463,53.66416895370061,Developing
0.7687865035607929,0.4803080010446662,0.2123461110791678,0.2385376397175179,0.5554638701589713,0.6516524289761889,0.5516986354619916,0.5654905868918534,51.02636487594125,Developing
0.5741462295261976,0.5491501647097572,0.4941273840176613,0.26045219924746454,0.4121476285486376,0.27378024121547984,0.6842438169406424,0.5476522436480582,52.714848319325476,Developing
0.4660801462091939,0.8055122725664461,0.1328299155504438,0.5933933176394627,0.1774781801017347,0.2930369881303177,0.8779056660844843,0.3387834022406287,47.22046381730529,Developing
0.8796850596474353,0.784040689496013,0.4472464805413204,0.2959510025802083,0.1695971349119719,0.6987258410833443,0.43869590086943266,0.7352698088766433,63.961241963630705,Competitive
0.5074877554917305,0.19145696503261542,0.49813932869677474,0.43205365580538013,0.5753714860151392,0.43066454374030727,0.6671527819734434,0.4688720313983117,48.715389407531845,Developing
0.8158192150127226,0.6758910177769403,0.4034954081186218,0.5320057814466427,0.17506850091224158,0.6190314066464792,0.4735471408907979,0.7800947844818349,65.25431789507027,Competitive
0.8057291138026018,0.308581309579302,0.22261391172352132,0.4375883368183395,0.44716478469710086,0.447218661365324,0.3913791187015909,0.5098224106906133,55.901350600657146,Developing
0.44513362958161107,0.4743533852652436,0.6318863469275267,0.3281120087581409,0.6197735397586477,0.2905750403534053,0.7387734628165586,0.3989623472501929,47.99062766309602,Developing
0.7091569736581238,0.32877260467263486,0.2737655849317427,0.23584335725904196,0.3075293052385085,0.36543907011089016,0.6286538818595541,0.5646048639982081,53.22491381457174,Developing
0.6616771196800966,0.6009797681146616,0.18783915861563177,0.3795127517599483,0.1408121559060118,0.4723658658592092,0.5022169564128335,0.7177303058215487,45.264488496156446,Developing
0.6750901131131828,0.37346322007624677,0.6479893970812364,0.37214443744838954,0.20798278817284038,0.4691923117379634,0.5808048392800902,0.579817018443169,54.954797378674144,Developing
0.6814615236464793,0.6590269495255573,0.16887887645904204,0.7142056189586555,0.29928581083019823,0.4545797581572656,0.6578813413357059,0.6051087806079235,56.82706992876361,Developing
0.7818542446552192,0.16414043239597717,0.31324755500094453,0.4042689592681038,0.5685663956884612,0.5893916264755069,0.5404912484394794,0.6324027575992683,50.334308785236466,Developing
0.757200838149696,0.40431014171083673,0.23805288186085466,0.4647847859804631,0.4123508862754661,0.5237543838135459,0.5920576562901232,0.5149856993747132,54.83170144507865,Developing
0.47240079489462533,0.679858240383212,0.26951673463877973,0.44291192211195846,0.7362547302010254,0.302523728549326,0.7607478825989268,0.32829900707626897,45.04775820693349,Developing
0.548163173799363,0.26745469946685246,0.5984251303815232,0.6306070315524764,0.5995710192477972,0.3513533849268774,0.4784934895168941,0.4619699433362769,45.92502743506409,Developing
0.872635506211512,0.40133701104166847,0.09185842872617275,0.21505406967455298,0.41329977877864366,0.6541638609094624,0.42874295990969424,0.8288759502385327,59.853278438074575,Developing
0.9106912953342877,0.5665944795930493,0.6166623595501741,0.4707106263799913,0.36950662308992727,0.6792196470482862,0.5924868790640608,0.6612664277180813,69.24910233843431,Competitive
0.41792668029405,0.5344160291170763,0.6368379561004919,0.44271342262313756,0.22653916115491854,0.23170795044952242,0.6921371483966317,0.19219363637331066,42.45986145052648,Developing
0.6678704795840714,0.7056347280534556,0.1634270889190204,0.5672573310612665,0.5150960672768128,0.34439732023018566,0.6546621184990092,0.5059554652947347,52.52958456958119,Developing
0.839602143998333,0.105977100679968,0.3603339985642382,0.37435691986203107,0.3075579428488043,0.6114919788015605,0.3873176237314767,0.7027243836822075,48.467865740009216,Developing
0.3530630713571889,0.667737014233189,0.2225514451254636,0.7017535882882353,0.24473981516064805,0.318487625303826,0.7073310215034982,0.24987451503563882,47.42919361503904,Developing
0.47141786547093123,0.6468038176403772,0.521649392527977,0.6755955600486394,0.5532200546469486,0.36551238969310196,0.8418946063335961,0.4251699664402292,49.73714635798215,Developing
0.5594118905699595,0.6158756322509198,0.5175183669960037,0.21573040621368664,0.09315536319695418,0.42932048988395916,0.7256989363427079,0.5419196406269737,49.360998357268194,Developing
0.633806191987493,0.1295398355866899,0.43313208362681965,0.2242303267223025,0.5288320158067451,0.3698084470511483,0.6487686389142057,0.44428304155236487,45.304798273680646,Developing
0.6852567709944078,0.41700027687235675,0.13393753036088601,0.1686479621475917,0.6059860826091175,0.4823631286604787,0.4412063603842382,0.4984990559327668,46.30582262016032,Developing
0.665259255873764,0.6127184118331868,0.2863118504473507,0.3384031959836778,0.35860023309453026,0.41956077738155434,0.5249874338481554,0.59863207717649,47.46014183596296,Developing
0.8673535139602137,0.41391146162411935,0.597494445634591,0.4929654402811321,0.06179179720117984,0.6109702729508691,0.44117298199804067,0.6221803516113391,67.46622049171816,Competitive
0.46765566931193225,0.5031126516009076,0.44026274068816235,0.5959446306034502,0.5313493711955136,0.24694504884816848,0.599711888527069,0.5228398404948342,42.58152295568248,Developing
0.8480527288886074,0.5070213607491099,0.7347645046668718,0.23372715000802066,0.24839588251226166,0.5562434440114605,0.5607096012606491,0.7564001182548855,63.132913983304185,Competitive
0.8131881282344059,0.45379297231723303,0.6930678047781106,0.6312829189580442,0.11322399085740217,0.48440441704875725,0.294623172113491,0.6442692035182495,61.04119645160027,Competitive
0.6918380341961713,0.4502596287974967,0.2683976767373627,0.3348140326174045,0.4808191136731331,0.4677198965651653,0.6714889082991221,0.5939606657980788,54.73970494432079,Developing
0.7947691553368723,0.5895969494987618,0.4864852734965956,0.4088405896640117,0.17483976934637088,0.5133546020495865,0.5765779834548851,0.6890799045567406,59.093286130898875,Developing
0.4630630567659345,0.3474403851296751,0.17345048208015323,0.7518798782935773,0.23146820131156015,0.31508115908018053,0.6350394571565461,0.49659161768171906,41.95564433789955,Developing
0.4139201379190777,0.6764497508585063,0.15362572564376967,0.40215242737400425,0.36548923640106057,0.19846177334407183,0.79483422825005,0.3973211554675634,45.92213127371033,Developing
0.35775340022481256,0.4555975203815322,0.310140454976162,0.7339455906183233,0.3989041105201165,0.08760242955631961,0.7357227608063968,0.31031195207114387,38.7145206844664,Not Ready
0.6104835845658918,0.6596583994715803,0.18792605482211674,0.45884349511819883,0.5022768920706069,0.5077968645582384,0.7968095745810632,0.5021828753316612,50.68429657550926,Developing
0.21322753762121766,0.4297218493681832,0.30247297748816526,0.7046463648731522,0.3224911096091179,0.0,0.928247621970154,0.05724374225260111,35.2585450820759,Not Ready
0.3739097886232248,0.5711984229359449,0.4202080607003871,0.20412694613736257,0.25310250839101356,0.3500022805377721,0.7215073154125161,0.3537908930990664,39.48269634508264,Not Ready
0.37640486123352146,0.4321438627965886,0.3171678794046382,0.6634586514235452,0.05515088812100477,0.19755553342994442,0.8870324423699751,0.3233406638190033,45.74383860108325,Developing
0.8583961358935239,0.6896570624018578,0.16283469377112014,0.3716003822961166,0.39645064184508333,0.7045753649467077,0.6835120439615363,0.6888294184886822,59.00158362127601,Developing
0.4832420357489353,0.22206550124044766,0.40123426232700726,0.5902148400631289,0.32984979540388554,0.4051711908106821,0.682467347045446,0.3572664901109267,35.140674309127135,Not Ready
0.8093293847554199,0.5884142057053745,0.289934997648678,0.23242718058617085,0.3566986258758707,0.5218195981205347,0.324127399024682,0.7826714536330539,55.50643060662447,Developing
0.538657287329276,0.6076059049151706,0.26762151506417475,0.5263556470450632,0.3457234119303797,0.27589098089522407,0.7374630257974021,0.48396741527576237,49.981417504324945,Developing
0.5723064603841637,0.5626462194526827,0.40210536690427057,0.5003356195480615,0.14032532105679998,0.4652571774780475,0.6878800150289665,0.4851555110163362,50.944589210805184,Developing
0.29488936387292947,0.7872535413049715,0.30426024351913683,0.1842247059291616,0.22945917896846327,0.11264271052159643,0.7725448255628006,0.3858351633195277,36.67659480841736,Not Ready
0.5288885604197433,0.3258814709344234,0.21490883691055482,0.37724260236787127,0.2629582929030371,0.2585626579773289,0.7054195782921785,0.39010857846771263,43.46682340174262,Developing
0.6390306692668806,0.5473192463404021,0.41473798208757234,0.21592083559424038,0.16721999444539118,0.472571229720689,0.5198017125520397,0.5651620847283272,46.79132824484451,Developing
0.32573788979782875,0.21163433961817912,0.19632355520118303,0.510352257713589,0.4766599837147824,0.36035338575883036,0.7268316021937737,0.4363971475525351,33.040084476884566,Not Ready
0.5149199683096527,0.3823393839553226,0.31408523614486444,0.6151951550320442,0.1270019094857636,0.1451296770309942,0.8782920230070772,0.3181706281704662,44.2828586839354,Developing
0.6303379472179778,0.8284885756316445,0.17702441561272916,0.48817184533969904,0.43025294455109775,0.41588295627075395,0.7573897449143461,0.44721674131334754,54.24220266366653,Developing
0.5391339416387428,0.6382597233091387,0.5296923719371062,0.5716427021980868,0.5617978259734152,0.29898073693428245,0.7698555815665392,0.5382720532706646,57.327330721834066,Developing
0.8597836622722435,0.09542268502821603,0.40979450347635205,0.43022540213406735,0.2893725001636772,0.4195889071980392,0.5045521441135548,0.6405833754506259,53.08144838748994,Developing
0.5965381612558911,0.6778960775313203,0.3832662332285978,0.42761594886279425,0.511284067143751,0.4047730695359694,0.5559221845428648,0.2681085497406983,56.7992388228377,Developing
0.6874299200605607,0.7221605844528611,0.5202334079679801,0.4132166090139229,0.16633707929404704,0.5334283684528304,0.6098412547172665,0.45339797375875035,58.01234956735743,Developing
0.5804273934337271,0.3253248785260733,0.4160395549142818,0.28526429535738923,0.33645988859818166,0.44672059983078405,0.766637200351994,0.339213849758251,49.18859568642356,Developing
0.735711883356184,0.2506456164958805,0.5516357043866835,0.4642558396730202,0.48138705633618967,0.4861342581206061,0.5476378695722923,0.4623679603008362,53.5422997923894,Developing
0.5226078681309514,0.7275354272231039,0.25801704136735837,0.6939433791494575,0.33168727208660115,0.591443951909544,0.8717889882013683,0.47605735966100454,56.25050378967259,Developing
0.3097381572795192,0.3601512217527377,0.5055033975372168,0.3145742529655185,0.52008235302631,0.24828228308513656,0.8305443857111107,0.3022452753876963,37.269181939096924,Not Ready
0.44317135106934163,0.40880211229510416,0.2179258751654406,0.6343933631577284,0.33829268630066056,0.3804963492599936,0.5871916526743131,0.3563027366919439,40.549654316656905,Developing
0.6800927896483098,0.5269896784315932,0.30643868990899725,0.4840874107958517,0.3494415107574916,0.4611491588149408,0.7034113157624389,0.52376981338529,56.61241961546724,Developing
0.6047166909930559,0.6695989680826775,0.41181568111045963,0.4923463385184367,0.5940603952290218,0.6067593974269001,0.6242777575546579,0.559029378269332,58.21984015228935,Developing
0.42848861400078564,0.6270811288800116,0.6422198680610294,0.47526259711346225,0.2991864410775433,0.32448728948868466,0.7782945506985428,0.402481908425256,48.3593357767659,Developing
0.5522144843025679,0.345090215242201,0.61356774525283,0.4801813456341401,0.1359646330604961,0.34665957224119825,0.9540055132318699,0.38885272677287375,48.78789492574021,Developing
0.5226671207446434,0.7928822182120665,0.28584597246770577,0.427030920261325,0.6783512193122488,0.32657755015034373,0.7980815622065613,0.22776500050879223,52.729875799809236,Developing
0.7086842791820896,0.7927675103941109,0.11644006937786006,0.5280753043274303,0.4890041318155834,0.3811985303831126,0.6210056661748669,0.400556134186257,54.744227331308245,Developing
0.7476996627152405,0.4191765096323054,0.3861783663340857,0.39085993449863243,0.30786634860905243,0.6156571512836492,0.4754103757186517,0.49992119102899146,49.19867463849589,Developing
0.745849238722671,0.7693942790467773,0.36127872957426344,0.31268218467509235,0.1697374137268911,0.5235020912855646,0.5885379966736798,0.7609030438576966,56.99157581480088,Developing
0.8035379601862402,0.26819239658727834,0.6722041779082508,0.37313495304112865,0.2572720692820348,0.6325130131636935,0.4331377292759105,0.5659268808284745,56.36543622166292,Developing
0.3375486874865209,0.8397468263421894,0.2123551726916863,0.5071158314533957,0.318389335741888,0.3059829579324319,0.584258918504085,0.1660437826281148,46.20235993275676,Developing
0.6954189656190302,0.6334632898693106,0.27368734848691756,0.4962187402429495,0.38479224110461635,0.2762629480536103,0.6285317732637716,0.5439939293643963,51.377060513002654,Developing
0.576311452727639,0.5552446826109609,0.5543009625944715,0.6041568473948604,0.23476263343065945,0.4440337149475306,0.5943041774541999,0.44184279983390484,54.740857024569884,Developing
0.7285235233764792,0.37695427433296147,0.16743100709875847,0.4461634904043245,0.22601863350805054,0.4825473799490285,0.5080587762803159,0.566764153087492,46.98395576235795,Developing
0.5840158803047856,0.25674512600214416,0.48740414295005563,0.3848106081103608,0.27731018006603153,0.3778735478290084,0.650494110335134,0.33328490494667895,45.285038028194165,Developing
0.32470716799375726,0.7985751027590311,0.5277720095226655,0.4809879705589337,0.3014124964335398,0.2791300987069184,0.9023703391037834,0.2689782375167615,49.34557347867461,Developing
0.5304865082400623,0.6882503071312501,0.22460808811901667,0.32388700483258887,0.3958817676572014,0.3650099140707332,0.7302821941400847,0.30238304468508803,48.66288782792637,Developing
0.5278670450054328,0.4268938235068461,0.6519793190113635,0.6626515034058563,0.4393181381734001,0.4692978735745041,0.8259290016626342,0.2856582245056819,57.23608143030911,Developing
0.5407521288991338,0.458258832707335,0.1015193979753289,0.37135109641046377,0.33767423696181625,0.4077411480309294,0.7250841134788416,0.5698336147835448,42.3135401088824,Developing
0.6244911283659536,0.6365005206114827,0.431592621667698,0.35518340128934067,0.1660606824511376,0.3777012818777496,0.598776983582779,0.4617588945313462,52.56022573778811,Developing
0.4376770336210355,0.44729535518419683,0.6440711604660903,0.4556389973432287,0.4535181156672745,0.16473035157047358,0.7217170289172442,0.38090980484906484,41.30005951108353,Developing
0.6441416497951868,0.7318070963094433,0.21355253354245213,0.48070592090950864,0.5902335224657764,0.42551193359934214,0.583088252619781,0.30679894862895524,54.766460911245424,Developing
0.7449465616553466,0.513751652189171,0.1856949545262705,0.5743952243092592,0.16870440280029034,0.5350719845477256,0.39561960549487313,0.6299085025210734,50.395868715393576,Developing
0.7077492075614923,0.2697859506726995,0.21939145735900836,0.4853418324989705,0.11493365324705987,0.5435782342455405,0.7117011158900428,0.5644401626757833,47.79680475374911,Developing
0.24526802504906942,0.3609077784038062,0.544126909453274,0.41455760013780757,0.5000057721405239,0.003939100598487011,0.922426012965705,0.16805182593052476,30.860616870300063,Not Ready
0.6301589876281952,0.4048210481646119,0.5168850675269716,0.4095115033970034,0.4450743325249368,0.38403648298434845,0.4825702346736568,0.3834580680218048,52.95407064873881,Developing
0.48624864494705416,0.5638543331040468,0.40468599014320616,0.5803338438987732,0.3301570001214151,0.5178877338484263,0.7216941889172145,0.3512355625954782,53.54875819576761,Developing
0.46824193083963506,0.6662988299683182,0.3499802404143596,0.504802318963331,0.2727417458209105,0.3517115159133424,0.6509248996975159,0.2636916212125645,40.280526327752625,Developing
0.7885658694813694,0.5634922771715167,0.5240114611545343,0.5367937469481785,0.36496839835785755,0.6559822725002584,0.5598856402866063,0.5907929789672278,60.87395884828414,Competitive
0.7081484017086719,0.34948644770215787,0.39970562938106113,0.5526320387239461,0.38448724799587547,0.3665105812189178,0.4969460167012366,0.363166200185283,50.07611821140124,Developing
0.5003940259070032,0.4442299912121106,0.1981817444541235,0.3752819520407289,0.49680021044394007,0.43545163678497834,0.699248251251338,0.24462214000648963,32.08792254160428,Not Ready
0.5412828458785792,0.635299557296886,0.2623159838375693,0.244846408914878,0.15607385852118763,0.3532401817369938,0.6917315580501279,0.2851737017376152,46.64631569944945,Developing
0.48299454127191466,0.4011665435665233,0.46810857537436396,0.6258548301305337,0.26515985500123035,0.3284832661390912,0.6949035089625097,0.461563639107309,45.4054076548214,Developing
0.2965184373161666,0.5424428693587873,0.3422229430379856,0.1914683699024884,0.3380400575370555,0.10454446299078968,0.8867643655564527,0.3007557715834599,28.98610947683887,Not Ready
0.7293890116802445,0.667499542339625,0.19283158043593393,0.5769169912365928,0.4325878752800407,0.5243350230271377,0.45293990611926294,0.49416241679287576,56.747365109674035,Developing
0.8175620520938446,0.2959013885594213,0.36894251890424856,0.15381253183036356,0.34774656801601184,0.6740734560640819,0.4533775621928162,0.4313933755949607,47.42495388168502,Developing
0.8624887570088148,0.8387853556233843,0.4460082471675891,0.4147751655194575,0.3967557304299824,0.46079183920812633,0.5044896887691748,0.9406848615167653,65.81394823369381,Competitive
0.9193048898010209,0.3989828786413023,0.7448632457342438,0.495841114586361,0.36507739032427977,0.5686239659443526,0.38859126392080817,0.6966381187354049,70.45600351376405,Competitive
0.7568742385013818,0.3554519795381157,0.3653182648830875,0.4753924612931475,0.2102925443731594,0.5218120287113709,0.5263291301375309,0.6004622040174411,51.42939332038993,Developing
0.4887177306162904,0.5359488662048865,0.476282477107469,0.6805100245735562,0.5142624161268889,0.5181667197337352,0.6273758142825693,0.6037051298638374,54.775271479934055,Developing
0.6355645742740215,0.5009837844111993,0.5523298245861704,0.4773481371480257,0.14733964799023225,0.4148882120882901,0.704249723147763,0.5739242791030547,56.495302340090255,Developing
0.641272738519298,0.5252446970247266,0.36891327968299437,0.47539528647059476,0.09385801947581911,0.3743036247784287,0.587959811270679,0.5662105282476176,57.34630296762253,Developing
0.778026535242233,0.6246406458586137,0.5656348014297607,0.5979456578646388,0.4660300471277048,0.635095776511386,0.6003044751730457,0.6841322550012083,67.75541902369334,Competitive
0.6014566227955787,0.42613147770099996,0.17142577097750944,0.30821500882249364,0.23144286321771118,0.4525839638979359,0.6853857872509318,0.49101384728324554,45.37905631242296,Developing
0.6062858824700093,0.45461962439397957,0.23813421832923928,0.2677583861766356,0.3351276610048215,0.3411351501919879,0.6430302085399093,0.4034863373941695,43.36138623279212,Developing
0.6990806248742029,0.35898127258929347,0.5141076877666598,0.1448007699017272,0.44469514941373883,0.5755181515852977,0.5175446675634462,0.629533779522936,49.148337542466884,Developing
0.4629958512662742,0.37597755248420056,0.2895508438264358,0.3026341000098915,0.14476467052252837,0.39860127135417056,0.662553931921359,0.26329222487801623,34.68377218689205,Not Ready
0.7385335809824978,0.5891380858306013,0.4616233526653525,0.39945224921419803,0.3128120647552207,0.4267124319573372,0.8045660394690153,0.6398902522133935,58.42061057959009,Developing
0.6865125735112605,0.556387619705523,0.6516298771847818,0.46183068440381375,0.2785712194815655,0.6575232880194042,0.5929912133652202,0.5982287217359872,61.15395359328415,Competitive
0.2348285596298788,0.5027932749435542,0.15905497076234448,0.44445685372369415,0.3502570568386067,0.18288341782089934,0.8448125582194994,0.12702964485563323,32.75397182996977,Not Ready
0.7431808931827063,0.5981910316353833,0.37771881159911225,0.6845679153051153,0.5227173610637269,0.4213752947754446,0.5888642817127271,0.43964940451496537,60.9697656321078,Competitive
0.8860598867181471,0.7394769741416104,0.3281461330928487,0.55990298131826,0.1459446110817409,0.7963286137653811,0.5360957004843971,0.6362010949682719,62.79783087971192,Competitive
0.4236156335191129,0.7819437949604513,0.21229109094012463,0.6097480579812957,0.30266416593344014,0.39956510279098356,0.6570574346133293,0.3143029051233419,45.37810943595105,Developing
0.7615117459241939,0.5972579049185262,0.5433803390956221,0.7488310503723848,0.5806832931764425,0.5222442518170358,0.621036998972784,0.5517970824032312,63.4048236617647,Competitive
0.8837062495787634,0.5752665959941058,0.48982712826797453,0.5318933575878639,0.19845545081234878,0.6944074802935588,0.48720117499132615,0.8190365276996456,68.0219354054764,Competitive
0.6776967762411663,0.4327923304962511,0.3429029284628783,0.5971289905363462,0.5830516660607766,0.4184969912424714,0.7313937502821996,0.718463817223074,55.42473044734615,Developing
0.682304722855512,0.44862136530284014,0.20690182042775135,0.3360749767721286,0.17634764831585445,0.44091200250123513,0.7178045902078686,0.46710864143086767,45.91782167971454,Developing
0.39647863809850387,0.24556371764351212,0.2677680905000724,0.4823664996468455,0.12849572930456332,0.27078877710776234,0.7408452332323203,0.42447709152953095,33.50879892291961,Not Ready
0.7050362666576585,0.47480811303200954,0.3466800818027404,0.1589386557663924,0.33405442132271146,0.4140068839696367,0.5255642145111502,0.6045451848496375,47.49262156178557,Developing
0.6884053295421152,0.22296607335658933,0.34841597186348255,0.3124737052535912,0.31860429296403675,0.3531512309939502,0.5856945984016149,0.647537948494729,40.023060787420164,Developing
0.7421569482530671,0.5895638171176296,0.3259384967256643,0.35062929244181307,0.5210491514633495,0.6811149378934884,0.5888504136984609,0.5788991695005612,63.51398411813739,Competitive
0.8007828493476865,0.5101425565466019,0.26726159082054557,0.5514690811126569,0.4013942440396398,0.34383361970316295,0.5065304625443596,0.6073185295070793,57.229841621089754,Developing
0.7564899654390652,0.529044292723103,0.3106956613677151,0.5499372048955966,0.2665711934573462,0.6438688679967817,0.514835391514507,0.571487587730141,54.709543402452795,Developing
0.6900049289152491,0.5269457332952714,0.5469842643364102,0.5134836618758432,0.2213447503919922,0.5622879003583264,0.5303030445454816,0.4157928068903567,59.82730276010562,Developing
0.5025063041796394,0.5407396702575717,0.3571587624816697,0.21466927462397647,0.4891012429182054,0.21535831752205908,0.5562478127716698,0.22406136978959673,42.87465306971981,Developing
0.589423024838251,0.8158047900543798,0.3643162493635531,0.3105292715346298,0.3372499715353785,0.38905727495770753,0.6844044888620445,0.47785296235252045,52.75900895635642,Developing
0.823318383400336,0.495260456943784,0.15759190723595026,0.22401185093437054,0.3665924837684444,0.60333368116895,0.5319507510910889,0.6979371269555068,52.958540886354136,Developing
0.6708428748258397,0.18409490759102679,0.3635221334438404,0.4817867720492178,0.5220811930508507,0.5439192040607861,0.5083092644476805,0.5277881624606923,47.42334975688973,Developing
0.8444127815270859,0.8796274358937837,0.44429645073208557,0.410603639093121,0.3889556895384141,0.4964930471260824,0.5250199066146746,0.6502573190912775,71.0033776328834,Competitive
0.8072147914218298,0.7776554015755694,0.6369500927913518,0.6275366795178676,0.37397907193229235,0.552400772944425,0.6978012448961046,0.6574697099952941,71.13835607584974,Competitive
0.5619130528694519,0.7635429305558487,0.5603688767440537,0.18944978178636113,0.15568521738830707,0.43258665887675946,0.6287818684058115,0.5623853368455662,53.67996219676778,Developing
0.6283694039777913,0.4220540783945557,0.6766132657396866,0.4540301139772816,0.1803006904692268,0.3313328335493161,0.47377715026993433,0.6483495118587514,49.90475738276107,Developing
0.4736641308897457,0.7296060826198829,0.1780801379123536,0.273284972517068,0.6163485249607277,0.19088040181092844,0.7639191604305587,0.5288596765083914,42.56743670915584,Developing
0.8135734884241627,0.4486118136156859,0.44877367345303687,0.730280640819031,0.7366869807373904,0.5664670461876942,0.8057725275748711,0.654135367600845,66.34794570510266,Competitive
0.6800789125305385,0.5658801188498236,0.7121871513741663,0.6634288799117556,0.4219739981017865,0.34718972161182804,0.7430988718426131,0.5892355425637552,66.07805617624477,Competitive
0.654413778509596,0.3655682695939854,0.2542667876664723,0.13594145341295155,0.22651906543605368,0.3374584187508244,0.7023181192680552,0.46524801697474955,47.51079262081578,Developing
0.6885112247023314,0.6507192111826581,0.4848313259884748,0.42897030643305495,0.30916363591975715,0.4972622176486416,0.6711856641268734,0.5797695860775502,60.42763969863788,Competitive
0.914849539089433,0.46637641672436975,0.5179083462910777,0.5227662810934022,0.3692587257998639,0.5735429362216492,0.33029156793971043,0.8283323198022363,66.04066883152495,Competitive
0.901476647125331,0.44285808888944367,0.4252981854319145,0.6028169425848708,0.14244559516936572,0.5690759930080883,0.36207692680837156,0.7079789788578582,65.53693603966725,Competitive
0.6357440767169599,0.38990682946453903,0.13617631996977797,0.5352385003502531,0.3997420732974608,0.5997907875097388,0.4399667555125538,0.4857970826170885,53.11160483320491,Developing
0.8404738998911663,0.5381645839022403,0.43717167306825494,0.24655994724132613,0.35193439290364925,0.66571641566705,0.3580823257631379,0.8510748929339094,63.78088855619542,Competitive
0.8030555155349155,0.4088370757313155,0.5347942161861572,0.4167120377868802,0.5809459976843485,0.6665387092718537,0.48461295567568274,0.5832356309248222,63.79476860301967,Competitive
0.7451814036404087,0.48548134358466766,0.3975139596934455,0.735017927246217,0.14526053441288414,0.44516074746103357,0.5605888769011134,0.6332632416140662,58.59792780295593,Developing
0.9431231786646112,0.5320684545344748,0.2744245409700206,0.5815696893987244,0.26018127244901496,0.6641779862534013,0.5641390384809677,0.8088515796894491,65.10566302633663,Competitive
0.4767781539638724,0.8481720930857793,0.6260169563666121,0.3055774623090566,0.613765474254046,0.42298149213315595,0.8820414090846695,0.4356817718068264,54.479461396185236,Developing
0.5160322983090271,0.287577550473158,0.4082869470339664,0.44953358939122845,0.1449757924105967,0.3843364689076521,0.7331928234326859,0.43823674212032837,47.321238629171994,Developing
0.8154734342718448,0.8008419776801392,0.3938595015576518,0.5152357710061868,0.4889499710826738,0.6457842854742879,0.6774910995409942,0.8004580643378983,67.83774526836241,Competitive
0.5486446135872954,0.3671201382149338,0.35416312267957417,0.37550102388874396,0.5668867035355516,0.3217241264806342,0.5214513737034565,0.4663711220737104,41.957393288239345,Developing
0.7127535592424584,0.4401561026230515,0.19768309856816926,0.3571748000382775,0.2752197967658948,0.42087960476544367,0.5989102609820616,0.4884331238640619,49.72415327325628,Developing
0.4769921266814695,0.21399313862975147,0.2742104723075448,0.3517075685492661,0.20953688031241618,0.1933318844877606,0.7078372279319352,0.4013901237572841,37.25756462362965,Not Ready
0.5597277918336869,0.5448505063626848,0.3932303470673474,0.7499583511497947,0.21358070190416012,0.4379392683113649,0.575949782441697,0.39934486774108,50.87754046295073,Developing
0.7495313864291079,0.5646702189120771,0.3295300502800473,0.29760665193154284,0.3849968206769484,0.585697388360088,0.5256538800639382,0.6953434707985862,54.02990989986022,Developing
0.7331655669346269,0.5569728312570618,0.47300348459800845,0.4264225564226254,0.24211710445741558,0.576549852784309,0.7269535192212484,0.6179885204521022,62.31304768274837,Competitive
0.5625515413824542,0.3650027201192476,0.16727031564770325,0.6874685444464134,0.38891270969691993,0.32605992649184834,0.7116210492248379,0.4848419752818116,48.76377292386891,Developing
0.7204402889858539,0.4784258300521047,0.5376949448741577,0.43228220633212894,0.5476927797454545,0.5503563870403355,0.6740556683958174,0.6721353146447554,54.155885068292505,Developing
0.586476972666141,0.6180883757290023,0.22130699972673767,0.4217137118567307,0.5124323746329261,0.5486477671691851,0.5855355553283691,0.575423911155283,52.19273454878431,Developing
0.7372231629890383,0.6646783169670525,0.5272726634495531,0.5727360362149662,0.23021508967379237,0.6256454854577651,0.5528082347432529,0.47848355528683106,63.40820614101133,Competitive
0.6685339439837692,0.3669526467001968,0.27146281863252425,0.2271161092316029,0.46914846699231527,0.5865896308809737,0.6260748014409012,0.4669418966683667,52.33462565365318,Developing
0.6858673081115908,0.6579745940534685,0.17509736542389687,0.223941271154715,0.1755516797775154,0.28507018477958196,0.5902063357012559,0.7229714257199096,44.930764672539155,Developing
0.6307516563706923,0.391277822891003,0.3254503568129546,0.4018900754770461,0.4309674404518013,0.5707200650084894,0.6449195462933097,0.4824493604866089,48.79271152029053,Developing
0.3984043372632734,0.3989228083950476,0.46866701660637605,0.44582160595908643,0.311526746558864,0.18532695922457865,0.8509740976084491,0.33199819317707413,43.86338329048822,Developing
0.605903641569245,0.4933978611338665,0.39090995152269165,0.5480620771508333,0.5444794428861754,0.4623840995437939,0.6869281708201462,0.48547218655660884,54.60231864233047,Developing
0.731953205963071,0.6992086377194165,0.395169878634811,0.4604059171272482,0.2895020508229196,0.4984351704874574,0.6553402017239628,0.6111004433969738,60.05700184552769,Competitive
0.5970499739026448,0.5542587548503464,0.5530472344018351,0.4597198772307804,0.19134713871400685,0.331149333120785,0.6030011888564222,0.4728871536439789,58.50877975467949,Developing
0.8647748623908018,0.47668146560886276,0.21979287929227995,0.5574845820616133,0.5137181103777622,0.5160153852665449,0.4047810618751381,0.7899598142000024,65.2163083029566,Competitive
0.7492308092638346,0.36864679285804614,0.49106819836733906,0.6978073987077231,0.13695107236564918,0.595427360792762,0.6777737176215541,0.520109688267389,56.59754628460729,Developing
0.6488835710584763,0.5908465124322058,0.6549869383327203,0.648544175307205,0.5312284235681521,0.4750508257373533,0.44856523854393693,0.4060538582408205,60.73538956237211,Competitive
0.7367342733832833,0.3540932127427483,0.38365048129301965,0.41955087565865534,0.2524805881762456,0.4525323646615691,0.43526899804168406,0.6199506472395275,49.724199836088346,Developing
0.33743257853539477,0.3720184199829665,0.47796774395929237,0.19902992075805426,0.1959460901610844,0.06447908323664422,0.9194973019574828,0.3305440078659333,35.91752073573919,Not Ready
0.7715045853473876,0.3019679790033811,0.2301027947327722,0.28295028873640954,0.21206310535480077,0.383952333970099,0.5412256579501457,0.5637239410466917,52.51253155245123,Developing
0.7210030286350103,0.7892768624439382,0.37888427176141953,0.33602010106548463,0.20920370325748,0.36123206300843047,0.6630056990914149,0.4660927486033154,55.79457054928162,Developing
0.5100356860585973,0.18987492832242447,0.5218513979244088,0.43088303072790163,0.16491822430394332,0.537413467120134,0.7664561330801182,0.4170178896954903,45.72294506643652,Developing
0.5162995564301126,0.37501423773208653,0.5342648256526271,0.5682592229144579,0.24236780714543232,0.44083173098273176,0.9291421187143233,0.38337902422148185,43.62270794372844,Developing
0.39778115200466857,0.38697314066898514,0.3366095145830325,0.6655169071444093,0.5416431365068161,0.40384708319143336,1.0,0.2650266546540439,44.86787201785797,Developing
0.4694407011900772,0.6852821573224362,0.28277139353475195,0.15868734717324964,0.36364633060067864,0.2868567933939648,0.7358807457500984,0.3603301844710666,42.03877319258046,Developing
0.9713719928446827,0.3254572688188775,0.6235404023339685,0.376328122712508,0.31824208728648384,0.5221769799210502,0.36973148663269073,0.7509095660634835,65.32363920677506,Competitive
0.770736697191632,0.37228141138652915,0.6856420343065412,0.32496316435006045,0.0998489593940672,0.6003343967172455,0.6149423066470341,0.7420594125489524,57.8069661073915,Developing
0.6728441100128392,0.5459455906027219,0.37888967834535103,0.573668307599327,0.2847391859765314,0.5087580510410548,0.6276666460859883,0.5979601325868072,53.06743190721911,Developing
0.6894238031736774,0.5457266315455034,0.40824880435799066,0.4031141977105693,0.4650174624349799,0.4721379754805696,0.577110471230135,0.6982713469984181,59.44725493879866,Developing
0.8789131849327028,0.23882233443972326,0.26571865679305234,0.6337673401191645,0.17266819997159824,0.6170387554271,0.32849480416345633,0.6071177794660249,53.26707486152807,Developing
0.793122208337958,0.24610370498736678,0.34362202674806824,0.548268282676753,0.3287552302448839,0.8068928452553878,0.465480864498802,0.6272687635235871,54.18361005601068,Developing
0.39178725986011204,0.45329774312356247,0.3260345542082168,0.4627845753621485,0.44758372108637823,0.2955222435166831,0.7304732489062682,0.40358718225142964,41.464605907647766,Developing
0.49985391442263655,0.5368655634070908,0.3879645975458472,0.35368957985486504,0.5052612646891094,0.18720033680332054,0.7491388462247388,0.6058331992062489,53.96736685203989,Developing
0.7064622581980957,0.3517632555743859,0.12102567399059846,0.3175490922263975,0.20049068443167545,0.4765119951842298,0.49074043128692996,0.5684538671014576,46.730800942651165,Developing
0.6455421473676972,0.5253480616280646,0.45212741055227457,0.41122431712476853,0.10537723530104474,0.37644167646523874,0.728041172301295,0.5358159947691609,50.090527576538435,Developing
0.6639856775258461,0.5892002628926964,0.3951822894382775,0.352446910620477,0.3763988674360986,0.4449856727383615,0.5287243241107807,0.6004983824387804,51.588797176383196,Developing
0.35771689074346996,0.3059345229874643,0.31801969429475746,0.31938046518655966,0.5338736916654458,0.3569821329805076,0.5976795502129985,0.29283165912808484,37.19369668286849,Not Ready
0.5884798559250626,0.26683195363747414,0.11013910041830348,0.3096817481145918,0.34044018971986006,0.4539799884258113,0.7200397857029105,0.3293344269421443,42.93065207055426,Developing
0.7297993757566761,0.23430767573719824,0.1535875661218031,0.5806524705107797,0.3492075722092381,0.44578885012031044,0.6518758897627643,0.574218735652502,47.58337213652356,Developing
0.46682506801526746,0.46208648778026656,0.7202367488657734,0.4898561314484333,0.18833293575945528,0.40373856086580084,0.7658034467883597,0.21872252342207052,42.815385412772315,Developing
0.34439661194961274,0.6772667581358488,0.19206635429216,0.513892522309293,0.21237379834804254,0.36996003063526106,0.7959926426165812,0.1963682228515411,38.97062679702977,Not Ready
0.7705073842605685,0.2861144361905184,0.5519510319116099,0.6431595255876632,0.48295073496104485,0.5447853926700162,0.366959435525183,0.7196842429102103,64.02768889384814,Competitive
0.33886835325047254,0.8238523425809845,0.6040186826421081,0.8345674294054243,0.4878216677754321,0.31925642225977846,0.8703183326408633,0.27307564052861677,51.11931005330909,Developing
0.7400240256375556,0.7304941315511374,0.4432027807288388,0.6058362575717052,0.10926588593151466,0.42377635193549557,0.6083038623782474,0.593432302902631,59.88107149968312,Developing
0.6670636577794514,0.7398272338161905,0.5658423711735338,0.48257001127514537,0.3028890504761834,0.560490391676129,0.8750687183681188,0.5094867960443747,57.016874007274865,Developing
0.6285338596461378,0.7020522459513733,0.45763156458271237,0.5534115849694459,0.5198666601956998,0.5734284398128668,0.6663431461907027,0.3346617329567547,59.04336386329768,Developing
0.771881956211289,0.37164265175401207,0.2487401173684307,0.4567053406961263,0.6427513797792188,0.5960638828643934,0.6774674521338612,0.6713733181163871,54.88631658937774,Developing
0.601085110112478,0.5162632360398435,0.2623407433623645,0.38446998553586204,0.21479729167838685,0.5145950120168493,0.5977372694605881,0.5766945999197854,48.449030319537535,Developing
0.7722137124133142,0.43201536572454463,0.478758788547649,0.2682305000677192,0.42959359385384827,0.6005708779819715,0.536156478306922,0.6273145529726093,55.29019226080483,Developing
0.6212085578523343,0.8274987103866633,0.31543727000095256,0.4099263714594,0.24742638590408453,0.2774451840301083,0.4769294741681529,0.46661030743813825,47.09344719622482,Developing
0.6409526711434551,0.5164761374327105,0.36752823093771886,0.24856272192949191,0.3985549139428555,0.378481978540074,0.4778081985445453,0.5494063510275397,48.2262941705264,Developing
0.5277537519512631,0.3669687465073507,0.5940720731918905,0.2808459811824648,0.4094851849042176,0.4545734941248477,0.6535651359071719,0.5963789944190545,54.30432710421157,Developing
0.6709711363068229,0.46381308151516887,0.29752364966008116,0.544921710653811,0.40209273418458835,0.4068126859066291,0.5594137685933508,0.5534608634753428,55.66262088613362,Developing
0.7943026525237045,0.7033916734977333,0.4823743962485747,0.26889065777968163,0.25228115393023487,0.5187135527642531,0.5310709095865347,0.5153578809714754,60.70129520589847,Competitive
0.6666904065059568,0.6867422920752321,0.608380843908359,0.7322622153756777,0.11609688868224856,0.5119521184877707,0.6598293777821317,0.6090073568874281,60.174246574618536,Competitive
0.3979757377766793,0.39532368860022876,0.22972501978388926,0.8313334538516195,0.17149964043446783,0.3472617189771531,0.813031003543537,0.06763215903725145,39.491304172414125,Not Ready
0.743404512404001,0.6639165030775529,0.3856406458460106,0.7049828727395892,0.6189535836947837,0.4994587714104198,0.5520368184432668,0.6116656907847359,65.7866447976136,Competitive
0.8204323761967556,0.28054635217865787,0.5560258593339772,0.4531433841712634,0.1069495149613436,0.4702267573964521,0.4058653471067998,0.5081977927987498,55.62125392384257,Developing
0.7554658363913737,0.5220930042238913,0.09206973932312268,0.5481873051974732,0.20978879071316464,0.5623818656752618,0.5606393825481761,0.5468622030971981,52.43293479794653,Developing
0.4869549944807398,0.7402072772630536,0.30720834296822525,0.4262034808034183,0.36555962165910927,0.2266765202266997,0.6817382103392003,0.5096128564064424,46.02052064508537,Developing
0.5483585684885605,0.5649388358310977,0.1988702516655084,0.47325068469776077,0.18970928903396997,0.4858515989231701,0.6214610449286051,0.3570851223009739,45.96344729719735,Developing
0.7771422870679393,0.4481986130431595,0.2551369491521467,0.28067584010767954,0.15653534459009608,0.5717364758972215,0.5221655307556433,0.5575608058472961,60.20821945147837,Competitive
0.570201353017713,0.2901248891934053,0.593706102869114,0.7307103566663931,0.2780475850198116,0.4999999938497473,0.8228750825339337,0.44121604854962326,50.812411947512636,Developing
0.647284789267234,0.42693843892216043,0.4176364229101877,0.2805549763201436,0.4516152112028983,0.4428864560348709,0.4252866661280672,0.6514121613005704,49.74111772118064,Developing
0.4125084456502503,0.5432762773732748,0.38886074049025254,0.39968857614774805,0.6242677743459903,0.2912703741332767,0.7620107685473844,0.36567921643187684,44.76779442720336,Developing
0.5713754159543982,0.4083875408151214,0.11165041925060604,0.3898817123394821,0.39953594742782594,0.31489449446720463,0.609169649530583,0.4770161452962942,45.67639700993274,Developing
0.8055946719099845,0.47329326707221064,0.09608810499978529,0.650498874883778,0.538049259185541,0.2774692012319338,0.5081717238090108,0.5804418531166846,61.5233379319318,Competitive
0.34541745810691804,0.7372629642519964,0.5261386354786428,0.7295787775752159,0.1873791046809009,0.14268885146811316,1.0,0.08989203868153983,49.452827414528805,Developing
0.38698707498977586,0.4276004071768281,0.2325975620727826,0.6190357205197964,0.6452463717877395,0.1493773593170583,0.7592328632222645,0.4371783780413147,37.504251046757446,Not Ready
0.5530032846973484,0.7206279847794871,0.25632840670040163,0.3559083922000965,0.3574186885799279,0.3049637971595931,0.8438278038408985,0.43030036378162134,50.82179784379801,Developing
0.41697682829502153,0.7252864343723913,0.4125388615773259,0.681693082321683,0.3171428045506709,0.2874604666643134,0.8586159363671941,0.2555170523110266,51.58113111620462,Developing
0.4572103325554088,0.42377702768881004,0.29035213092260614,0.32360988228479937,0.35791109564409485,0.33954093034191823,0.6632066716712943,0.28279016960774545,39.00762365458509,Not Ready
0.6402066739468771,0.3510512872652599,0.22794938846441853,0.6331680048161277,0.4117564102846881,0.44317305577466376,0.58255383279784,0.48936057886832135,46.58686988516815,Developing
0.3949819663203109,0.7740633047987321,0.35910375191257654,0.4318862591039479,0.4290587291008087,0.14298914748535307,0.8072985812516058,0.4172300319624833,46.04259867110597,Developing
0.5438519858503524,0.395983166491667,0.7042569731530434,0.7551565520443755,0.15275843274705858,0.48510001109032075,0.785981811988205,0.3907078878494058,55.81541963006881,Developing
0.7154838306615611,0.5154158940687226,0.3032293807914391,0.17231735362606235,0.41887100443013986,0.5349447793952703,0.5840607129082935,0.5449867460496254,52.854851463814285,Developing
0.4403157697323885,0.4339485386893063,0.4455456119643575,0.4456416822752025,0.27019263392528,0.09931910163677654,0.7614925890359728,0.39556667081243657,36.367017311664654,Not Ready
0.7323463844745539,0.680173089785272,0.6199627423453238,0.2208590107223632,0.3445108522997515,0.459370968315104,0.5375472346785882,0.48623632693055563,60.01611819082706,Competitive
0.7881575800936905,0.5980738912600911,0.3176166341052275,0.22102214245909763,0.3976303471083401,0.4922204423607583,0.46077871827833455,0.5306148780632123,58.916799446219336,Developing
0.5877969938857467,0.38619714002941424,0.8442227664239974,0.70937761803843,0.36593713212104967,0.48919664785774986,0.6355256109832864,0.3269407895207408,59.53714895743845,Developing
0.7127215758690352,0.4401959572688116,0.4128669663303785,0.6735396871858951,0.10237167494726139,0.398692821066651,0.48742973694272246,0.7140983887382228,53.17942663137568,Developing
0.4071146957265428,0.6808573424005417,0.634531679239101,0.4894652057047057,0.22584954336993512,0.07321415887825455,0.686965292797949,0.17732928692506236,46.31102399372031,Developing
0.3856911679784511,0.4824505672707762,0.4403496406831075,0.3740588565115834,0.3694392560072746,0.34056938302009987,0.7267126770388215,0.4590267022818132,45.4214042354167,Developing
0.8381681297995791,0.1797775743965192,0.5344252064343573,0.4288195432070494,0.4137559033208979,0.5935472242534644,0.6325167756521097,0.741927855346214,59.45548837598017,Developing
0.36317783753960386,0.7811036313535925,0.5247253473491995,0.25770544541036217,0.19115574561282256,0.20884834358327656,0.878760195173508,0.3124091872559176,43.85890687528599,Developing
0.5385976634834815,0.473636059895209,0.3156141449578708,0.4036450111468198,0.35112169882890204,0.4933271145743635,0.6227309391578172,0.4367511525710603,46.66231294838886,Developing
0.5236761480753026,0.45897264335468324,0.4375712221359423,0.8404672708282286,0.24811247424645372,0.23298417317194775,0.7715286049106048,0.4723466028384735,51.115462724762025,Developing
0.731605435704049,0.4643975796259749,0.50004104245803,0.5955890953413999,0.330727551610692,0.6215849006674202,0.6023717156112818,0.36197071101434136,56.464576211508565,Developing
0.6853081681170391,0.4987828954113048,0.293503668713313,0.7769418032621884,0.3477381192615878,0.6003569191475516,0.47039053890496385,0.5167334253394986,59.86937681071727,Developing
0.8132075716480854,0.165638231781424,0.03327023339889424,0.4539046200673263,0.3286190500206797,0.7252503017615416,0.4534166185433455,0.7675643927034654,52.4475447627896,Developing
0.8280059930640902,0.4391430972531897,0.29484853637271663,0.5795188769924521,0.4347317045948422,0.6435652855246794,0.46921542339589734,0.6503732533722627,62.24788145566268,Competitive
0.5860683207266947,0.8023501317792315,0.402668510485866,0.4328304244782828,0.5436993270281981,0.31933643812359086,0.6507369126524025,0.43958220053114844,53.22707960042511,Developing
0.548142210064114,0.38864937645070213,0.24492239807510632,0.4484706509225855,0.5338374645616378,0.3533537015030814,0.5652165531222277,0.6250211789092497,47.1125770242684,Developing
0.48838157095420653,0.7083338767462175,0.37395569694027525,0.5062538169202164,0.09802863007033771,0.38011315792364997,0.6448538980820404,0.37900828135192877,49.89174974583559,Developing
0.4871131884841679,0.6826829667357664,0.3059475578052502,0.6195916305570929,0.5091420773211723,0.4696469382013987,0.6622313360362558,0.5175890903371044,54.00262204058177,Developing
0.8100479111341577,0.542358822294054,0.27246999019595336,0.6934653970160257,0.2407788528539187,0.5228973661604025,0.7368096646493743,0.6989921871895403,60.290161351747564,Competitive
0.6938269251218921,0.6867365911099531,0.44946165358476575,0.4484756288011635,0.3238635556066084,0.4000710420746144,0.5831577125913688,0.5741057688394144,55.25375252796109,Developing
0.8632160535161375,0.7602847598794862,0.5670155312879578,0.3458899449006905,0.4337612401835721,0.6609189561673166,0.5324992025515767,0.5367798930119386,65.70559698114891,Competitive
0.44322818301447325,0.6852815938500052,0.40749202723704336,0.09835632554260022,0.144793962297018,0.3319834255730677,0.7943660043011268,0.37384803059118193,42.223618985975115,Developing
0.3373422573485927,0.7718458742765998,0.4772743432868333,0.5113707673737297,0.4610155034654952,0.27195066497669074,0.7582980556731331,0.42851778494039106,48.21461435316545,Developing
0.4391633196728946,0.6175567970316015,0.17763587316453436,0.6121306837024153,0.505976702213864,0.40459622826634956,0.7045702367722846,0.571263805628038,46.807116401744146,Developing
0.5708410616209635,0.5172746267451317,0.7733087063199459,0.49407639887456273,0.26548798595468814,0.44274742530931765,0.5725902724805921,0.5443966537992255,57.92034340994807,Developing
0.6451032944546286,0.6091634965796136,0.44427909535112897,0.6293303862271264,0.154150530103502,0.41867838176966654,0.609812361588246,0.40411430572112317,56.001164823059106,Developing
0.7668558540970464,0.6324897426530354,0.3727367037961803,0.5223800933786765,0.287251041963662,0.6413553734343616,0.6107746876573723,0.6086709253183717,61.30508931489176,Competitive
0.9277861998199032,0.6848498272264223,0.6211288469203556,0.4068687439613291,0.36746476578788495,0.6680852970026997,0.5202339553870198,0.6204771218956944,74.47097648970863,Competitive
0.5537779362421511,0.3506065284987917,0.5447582368577826,0.32238315558244124,0.44306992803406614,0.43851860419104505,0.4379184149785216,0.42300936640582354,44.59362514600082,Developing
0.4423098420032193,0.4517580674534405,0.3979677741561831,0.454581992854764,0.2931888533367986,0.4349745410944552,0.5963231758594407,0.4135904550371572,46.139414412243504,Developing
0.551340637731183,0.5206024789790338,0.38140246712617504,0.43607122962981876,0.5173792818073194,0.3578206866601441,0.6606080261907527,0.4822457707161024,52.93642099444687,Developing
0.8407088989872475,0.6789238374148704,0.32095804304182607,0.19311715179849473,0.25630003150351915,0.5958676258374754,0.6341621126092032,0.5705384465326959,58.43997949874641,Developing
0.6923936605077603,0.5606604913901062,0.24578540155072212,0.5350170487532296,0.28020796380736446,0.6088446420509674,0.5678758752196187,0.5638315909382124,58.550068404689966,Developing
0.5541728845553556,0.6491285399855524,0.17146027593649787,0.4397809313234093,0.3439953997218376,0.3696328791313388,0.5857177006434849,0.4104917921690524,47.94827409611233,Developing
0.45984557899678014,0.33065496374408027,0.21912927712876368,0.5212774255204662,0.4450966786693768,0.39902512228078274,0.6570297042521764,0.3833850207279151,36.75476754259207,Not Ready
0.6599073739621547,0.5898039630490245,0.5680563089347122,0.377405126085182,0.4003467581818799,0.38073126177671696,0.5343176249022678,0.5417193044989974,56.16536207408523,Developing
0.7176787198707376,0.4476972482450084,0.39700703684577054,0.5264307759341749,0.13850570544027757,0.5691280829535467,0.4408085226593086,0.4204245796794541,55.86662805139949,Developing
0.6429982187616635,0.5987189620950618,0.3150232187217501,0.31475946218485995,0.2630992565501451,0.5796550556422416,0.665271402045808,0.6276933242284823,55.851823219941124,Developing
0.6049058829913354,0.641576423066845,0.16803643442653074,0.4560730930940188,0.21694926892224742,0.4111432544219771,0.6652653508268468,0.6677492946380768,58.53770792838892,Developing
0.6474624844719932,0.5132810545895882,0.5259816870628329,0.5127277339953673,0.21895496448413784,0.5486395313989897,0.48922755230383796,0.5959895184467071,56.21638632758368,Developing
0.36991328898880227,0.4989127518349948,0.17705334404108372,0.5831699475293217,0.2319978125976517,0.3188238676657326,0.911968199558492,0.1610072223540827,38.971334249743734,Not Ready
0.6027564874324064,0.49769839279624245,0.5584877693010953,0.5949447518302851,0.45138130200184456,0.30685636055038573,0.5688009290723933,0.5433154860755501,53.05762439048672,Developing
0.41073967927729477,0.6592927581941881,0.15848166857924603,0.3041423264585304,0.32710422114636417,0.3020398273428479,0.6579382814327043,0.1908288095366513,41.005177026137105,Developing
0.4813564169920786,0.43877801996460225,0.10297096036332988,0.48712410990965227,0.19168284145996495,0.3870261110476448,0.7110877766047298,0.5635595282612627,44.6302271509473,Developing
0.5606445538416092,0.5409629378269425,0.270074398798043,0.5740877686415352,0.4171779821208548,0.5061535414347355,0.6440769917385537,0.6343620974886625,49.803769034695655,Developing
0.7947916165932535,0.43096781778993043,0.29642909847195326,0.2493842984087297,0.3969104636733845,0.5730647567754106,0.5169967244345963,0.5904886676288003,54.33325871263212,Developing
0.884079943716323,0.25538217506091043,0.5067733959366056,0.3526795467450809,0.28483559233646505,0.7063231836427041,0.40836531178844643,0.596489374110172,63.169700501401536,Competitive
0.541019697891352,0.31999647627937344,0.4505479037034792,0.3969392709998461,0.19896367753029723,0.3525332190045588,0.9131918253623221,0.4906267200813839,48.16810776958709,Developing
0.5924770253797662,0.5393404341582175,0.2167466790811403,0.7590712051592525,0.5265494121077984,0.3127469446561443,0.5028114191482926,0.5376894963997204,46.84884457631669,Developing
0.8358020714567783,0.23035170017286416,0.23270430717280394,0.34441497449565267,0.337043305560115,0.4038367693650772,0.6233009247847405,0.7010309002568538,46.71623765754188,Developing
0.7958438361629961,0.65854238427997,0.5086332040494501,0.20748985505518935,0.36380830765104055,0.4947064792951253,0.6306511782281571,0.7181353030416913,62.32917930311927,Competitive
0.6415729885628334,0.5034844715350844,0.5360130301796946,0.34884562601222724,0.30007023073363065,0.26008764452021427,0.7076603807911569,0.5001226036248901,48.5244426345631,Developing
0.8444522448872277,0.50645613476838,0.32054118969716083,0.3795556974225023,0.156538002874997,0.4600238417762862,0.4827918139124345,0.5412543646498824,57.741310178628844,Developing
0.33317936668507364,0.7559014034964615,0.32232246471529435,0.688405581713294,0.5650060301676442,0.0,0.8093736753643906,0.3519326018053838,47.47113110478209,Developing
0.5487328267029695,0.623397342174501,0.5762878431484736,0.31378031637770415,0.14127557544219416,0.3038796899205617,0.7336774585229184,0.5551755958960414,53.187377862348214,Developing
0.40577406886610623,0.5024923838945642,0.10416710757760664,0.20788941098022967,0.14636071356041772,0.13437352820002016,0.7717515624988899,0.1808365276816676,33.24543495992003,Not Ready
0.7591168967600402,0.25624460692876083,0.1657079184363528,0.31955181165014573,0.25585821295887096,0.4955117389331417,0.5363878141822829,0.661204355641499,49.04695969824244,Developing
0.8195430870448712,0.6822056620752762,0.3498999734968109,0.5779106670781677,0.041513413925864925,0.5772090275412267,0.5483152548345754,0.8467432439777526,64.61508441841787,Competitive
0.8209145884487218,0.5995084995983219,0.5521472549616342,0.3270741996257596,0.5081626191533695,0.4155367824977446,0.5749628863282827,0.6718331332323214,63.56249724753126,Competitive
0.49990930374211756,0.4396755466061452,0.3852653261186534,0.3436871632079187,0.2649699234077258,0.4904507922808275,0.6004004138368508,0.4438682803656523,47.77684889740161,Developing
0.8036518002182427,0.8936805286172587,0.24469088037279504,0.18757492532254022,0.23894438742669233,0.6987165989298896,0.6779212736969212,0.5888919994199843,59.6159358956501,Developing
0.502149394504464,0.7065067821892838,0.5377964282023406,0.5175966298975129,0.5197911267947309,0.3354333079384999,0.7340394562139446,0.486775135847198,51.55204342404435,Developing
0.5992225921384454,0.3461856305393418,0.5075371163025236,0.5943939131274111,0.20936313433418202,0.4706061443881037,0.5878762038265171,0.49527857494768357,50.91845546770157,Developing
0.7100226918423969,0.33262455589554707,0.5804328692106983,0.5009861006842431,0.4269686799594682,0.5174929620899219,0.5191996183739225,0.5607850334600197,54.24722012895305,Developing
0.6652962685695469,0.4353617208309289,0.3657132980242025,0.2910430869220932,0.18653171218043368,0.40755666261203655,0.530535515170332,0.5322541591401758,47.70246472549396,Developing
0.40232234787209525,0.5147361163020969,0.45232671504523425,0.37904819812547713,0.2790156832609466,0.13770488969874714,0.7111659118400881,0.25001638455740877,37.20282566245402,Not Ready
0.5179789485010982,0.5569918511001002,0.1814031500815146,0.3772146522700236,0.24520442494538164,0.30103657987030386,0.7077758919283211,0.3722431326429793,44.54486002718283,Developing
0.4537322756602239,0.7302317372783707,0.11116267270428908,0.5959660007807732,0.4267937623594714,0.26409792240913554,0.8461903629446867,0.4316346952727047,43.09445554597852,Developing
0.5385886521745492,0.7650377387660237,0.16452141589983818,0.3069613531316434,0.23457366214664066,0.49795742772671414,0.6677571756664298,0.3888704005376683,46.48804800571548,Developing
0.676767743646746,0.5852517038349571,0.13273693374705028,0.43805793422205186,0.5514882931954939,0.6023085996433549,0.5868774020953239,0.56474224328967,51.92128276034653,Developing
0.3190005183900961,0.3289107779287307,0.413191656118506,0.7126902844261698,0.20099789381528782,0.10560229771765281,0.7663343659388724,0.18126465361441543,36.926728514312764,Not Ready
0.49501432180137467,0.4511353110537883,0.46710486257736805,0.2119189804050178,0.24488577463771574,0.3438040574078386,0.7653035597166745,0.29879387314259953,47.618895573147235,Developing
0.585952801610884,0.6352040167643862,0.4774924503101984,0.43334186705203387,0.4144122218539589,0.44843026399471125,0.6680747496018321,0.43680776572371743,52.6843076039068,Developing
0.5033752982232772,0.31374433820978215,0.27065562333827925,0.38704713178130823,0.3959210111458389,0.6324243451364632,0.739031329720912,0.4633056395938896,41.51582038147298,Developing
0.5911862703324378,0.18012033438970695,0.49769193978964915,0.5613980320708891,0.12211968191031515,0.25506750205428563,0.7450779814801467,0.28391758994731575,44.305286894317376,Developing
0.800455546815347,0.7436388211175338,0.3967758492913874,0.45376074049274145,0.43109895863565223,0.7732620901117596,0.46018122283230284,0.6554402243492584,67.5934975604814,Competitive
0.642098855201003,0.41873989425411684,0.26956426964658575,0.6633250606760929,0.49645999515599926,0.4329779680255835,0.588442622575289,0.5330144293328064,56.82746984375977,Developing
0.6213601039688963,0.8451294992187752,0.7507538637526461,0.37645661825988774,0.21603249533642227,0.3575369906170705,0.503785982302744,0.47243677454976746,55.54130326818608,Developing
0.7873184388825192,0.3055276630060294,0.331630777530915,0.4454752163707241,0.2911071313712153,0.43785039345558274,0.3059907253154255,0.7669808276051829,51.03772775183359,Developing
0.3626358263016679,0.46818154684943536,0.27031108434031215,0.3052657218795932,0.25187589877711175,0.16307375032219587,0.8096803424324897,0.5212595094816713,37.92278188749836,Not Ready
0.6794041452208894,0.5335306723507532,0.44567030479128267,0.25762782747678115,0.5904280353531501,0.6011014171758354,0.5221122630900173,0.6583878086013664,53.05155201564854,Developing
0.5617382372369635,0.6716961301011878,0.4687894060194804,0.23299199770034695,0.17541426449958203,0.5128711378656579,0.6320476529917315,0.49220928286497206,50.94292942134567,Developing
0.5332667497931023,0.2996320627842029,0.26921714555448867,0.1341453212522002,0.5781157437691166,0.3800510270997851,0.7062592585571812,0.4299852987292241,37.64367004112902,Not Ready
0.7383234482944242,0.6487775238954974,0.37451967791469093,0.759380670333517,0.48759985338808526,0.5406192017793991,0.5603329449281675,0.7779371991902725,63.349299955503135,Competitive
0.7764956464504386,0.28291083637270265,0.1829023991071856,0.648382406343823,0.48361737862604837,0.5746020131565043,0.5779709025227093,0.6131974645965066,56.444269588675965,Developing
0.536210100990506,0.8000511372531433,0.27260846494004903,0.5762605887015817,0.43234640143460124,0.18914054717266998,0.7034068427429175,0.390604190135312,54.1186297066049,Developing
0.710086134787724,0.58687477450872,0.3777362130988143,0.38789451729124785,0.25955323970851363,0.37931688764130284,0.5974884354146004,0.5854595197583325,50.42353412157285,Developing
0.3426471587744401,0.3314253620581848,0.18004037984550228,0.37534823520263316,0.22897756673739447,0.4167673596413345,0.7716599308772957,0.3637372444501016,36.60143356434922,Not Ready
0.5126685210063848,0.6331100564838482,0.35404146113099366,0.4345841822705943,0.2780935956181878,0.46967490317140226,0.7887845641805096,0.3468601058370148,53.15783297992036,Developing
0.7409422500243483,0.4822952924774912,0.7247343769557236,0.5168803747639981,0.49890311956399236,0.5666600496071051,0.5939489794219659,0.575615136586239,65.09071390201504,Competitive
0.6084368155291363,0.18048535213126302,0.4407863888345573,0.5033366835933551,0.25708987996168264,0.31693383546451404,0.7754303614836481,0.5832077976963987,47.84302880244055,Developing
0.6526808063293262,0.4278002547999137,0.337981342326806,0.7711547372224846,0.2891197036527413,0.5001232257591529,0.6007705392537315,0.6936613037142187,54.55939195139145,Developing
0.6670865348787921,0.5995300243143217,0.35457147520607474,0.5505078102314006,0.42109780816678755,0.4844363451228435,0.6051927839420157,0.48770245132798246,51.110799219704475,Developing
0.6093956408623327,0.6005763159961033,0.18182327429803322,0.1376549379399223,0.3409042786546314,0.4199262391665422,0.47462709475948867,0.43470389738173787,40.97671988816709,Developing
0.8609656839793511,0.8171078710352047,0.3180771375231898,0.6797913853306559,0.29455275410348664,0.7093400452606768,0.4193582668672817,0.6893306071531825,70.4934007299293,Competitive
0.5625841848902379,0.45036020135179883,0.4368565293292803,0.41847592029769476,0.18873816216630976,0.34916423230179566,0.6630127449824826,0.21998210234142218,45.34304562530425,Developing
0.7787033226083174,0.4320630151861621,0.6138977437390174,0.40032222560250497,0.3227230668171752,0.555184006871902,0.6347783959328667,0.5154954045997193,62.59407109048048,Competitive
0.6473737585487146,0.7898835138539629,0.33858278883391846,0.6715525594497195,0.36936108070650614,0.3938831039156877,0.7644584224173563,0.523524998955066,53.8921688943653,Developing
0.5145263766352315,0.29414271802256525,0.2603129916034105,0.30752858940999617,0.35584478369065203,0.40888390835326877,0.8645642840309441,0.5119478224964298,44.72987310482076,Developing
0.6005358972972181,0.18422840346976774,0.47471179059070484,0.27617760766792715,0.2877390921307913,0.3127390690347294,0.5393292770769932,0.4643754638462397,41.04211964871697,Developing
0.4469712353464234,0.45246522931078603,0.8545613101945866,0.32317415939549815,0.17990216677424894,0.28278383675706187,0.71387166955318,0.2520398485226454,47.50784745467059,Developing
0.7508368042508469,0.3544261480456641,0.1558105163737251,0.36975227111604236,0.5025137741445527,0.585128674431328,0.42289845732699555,0.7054399035643664,51.06016739770099,Developing
0.8099302465125312,0.21925493465492574,0.3648225610778436,0.5435820874133475,0.1213526980092261,0.5133645943262461,0.36199768601872695,0.5395875593331384,56.56002985500595,Developing
0.8037692208311267,0.2392957317947416,0.619451630680144,0.28093368741676666,0.1128413722787667,0.5511117243881467,0.5182318349434977,0.43235605425088347,56.81842003789956,Developing
0.816929354763458,0.32264044440775114,0.33983911571749525,0.17837066863836135,0.428873231976779,0.7601483547248209,0.4258869797597653,0.5786972803015046,50.455196612539616,Developing
0.5008508849086434,0.3139779417859837,0.15171705198210303,0.3182765989108533,0.3576969887958085,0.48850203498008404,0.5807663416911023,0.397275412466831,35.671915207897456,Not Ready
0.6478533340066587,0.5660286182049652,0.4760063873279683,0.26620079085709125,0.4713208564092838,0.5279944294002149,0.657971946300855,0.5296214904646532,60.706790013920646,Competitive
0.429202936419602,0.4933947403094323,0.2866061865039891,0.4984107842174914,0.3146601869400293,0.3216816159600507,0.6879282780906082,0.30107017094037636,42.92074842674,Developing
0.8847697284864143,0.4392818731066035,0.5851455163842536,0.27652727562379803,0.1887582731981537,0.6129930936638555,0.2600314281483159,0.7533199687910442,62.036865037330344,Competitive
0.5317907741869768,0.3719679313994464,0.1533316617902705,0.34626069741945675,0.37928692008436043,0.282535897095818,0.8881380507925071,0.3267353883803796,38.972440494824184,Not Ready
0.8106983534930968,0.33893518760648256,0.4560147887860369,0.24714240575436672,0.0723116788036403,0.46554781130949585,0.6292176801060241,0.6649379858076866,53.395455057442454,Developing
0.31735179902556443,0.6588610464461171,0.2036875268863119,0.378822931914927,0.22977010796140557,0.14128349100517276,0.8104448033435291,0.1371087966851602,37.93423529812785,Not Ready
0.5848845848740483,0.5592562463673089,0.2365052845774687,0.3570441768098622,0.5228695509987461,0.45741659220379083,0.6602078201365189,0.38210573381358104,49.258397767231756,Developing
0.3529193035264672,0.42437430141866267,0.6528488498167774,0.4817798705448483,0.35235604726041514,0.22911165971897235,1.0,0.2174244645320527,43.00521222183324,Developing
0.8389291595678563,0.6443595953862566,0.37844130798231657,0.5549989044085764,0.23421935563879723,0.5560253124084171,0.5332159644508763,0.6339328684496665,57.12905242375946,Developing
0.5761505739057732,0.4002900631921968,0.08224217241830721,0.632979158900381,0.22867819920934918,0.3846518115641666,0.7548025524918515,0.3172771151036268,44.97951569890238,Developing
0.7282479082880737,0.34558804693173995,0.4503287914178655,0.6548701810953448,0.1640468241964236,0.35397448719607316,0.44159820810350625,0.7117732213043303,53.00657792966439,Developing
0.659067059975898,0.21728735449268893,0.38718148141659936,0.37604407942133156,0.4282913577401503,0.4019423402283321,0.4995402640265407,0.543316925004231,43.510318102751405,Developing
0.3978932590501112,0.34636240019810627,0.5171582864946169,0.48803976009512545,0.30040986711501094,0.2381260656664084,0.7234836451554454,0.23094011103420836,38.138959458272815,Not Ready
0.5322209618363571,0.3978930273550723,0.22753247233522703,0.578106421620844,0.4810687413236172,0.19307383990094656,0.5371099738508338,0.49466996552039894,43.94434384705566,Developing
0.6559374442163025,0.8534172271074354,0.45863489376038247,0.3808286232179323,0.37245562551714817,0.5011031961808722,0.4853737419518463,0.4778873280723165,63.059757438624686,Competitive
0.2795332214114266,0.6603879405399442,0.6354260733416481,0.5625633734778205,0.279837922814526,0.2351300044851392,0.6289765144457841,0.2170951424668509,36.77754820156494,Not Ready
0.6829993434870402,0.2724448620561003,0.6737538727071664,0.48369823500497927,0.4861514833058493,0.6028889240421628,0.5288882103406045,0.7198500144011842,58.74914488649674,Developing
0.29891027296258665,0.5470967940992858,0.6732981845739582,0.598156338133832,0.24165939211376836,0.20310788225737864,0.801605771571637,0.29874842520534683,44.138382294794894,Developing
0.7443010715161892,0.3439799324394465,0.40803120003667626,0.5483706501246155,0.40760869398535815,0.4692425092724316,0.47474510145740834,0.539308011315673,59.33596956532434,Developing
0.6906109841852074,0.47778454938451437,0.3902701669836413,0.5941343860934899,0.13441469538754225,0.4092974537879037,0.6855131143096086,0.5887059164189107,60.00375951797395,Competitive
0.8108117715124231,0.7141170504710184,0.3766255460693821,0.46137645110009357,0.38962203774846743,0.646417410608169,0.45358424418044757,0.7520275514734156,63.68255231720146,Competitive
0.3030717402654803,0.5444782885993746,0.3599539964169552,0.48810646185951656,0.5387077745894016,0.2876515920605578,0.8809724557266401,0.24245718185908022,40.67336263007127,Developing
0.8834119932198394,0.5704052781001916,0.5205239205274518,0.593989753830939,0.6346503323390035,0.6567878497576112,0.40353788973996557,0.6594093121920406,68.62488580117427,Competitive
0.2829072432431425,0.3877825233207601,0.4716082521398698,0.589549338940872,0.4491483601478756,0.16831384690823606,0.8763614516235243,0.1976014261317848,29.362920178302396,Not Ready
0.7132652738326387,0.6122585811971282,0.23674722357394004,0.3592192117821496,0.47419842822519814,0.6684750185308975,0.7951124588492088,0.7056199413730063,58.45361253994995,Developing
0.2927374144825072,0.553740054808906,0.28817514864524885,0.31461419755120157,0.3968885843201129,0.19207422417943867,0.7015682620892739,0.16094310649424132,39.6716168892328,Not Ready
0.5276447270552321,0.4572593497984219,0.45084537967600263,0.16924795212576482,0.44341208843512875,0.31749131988118373,0.7619010771453573,0.41113113655456723,40.09331444468663,Developing
0.3255114707313774,0.41255349800205576,0.33243505890049363,0.672997071771692,0.14734975056434127,0.29159867787004623,0.9179339387377757,0.3324037273940642,43.4311643884333,Developing
0.4496204112839641,0.35884711292959703,0.243103195187139,0.4644066578373948,0.3599924237011364,0.2661354820431384,0.6569644054680414,0.4859738036011926,40.052838475311106,Developing
0.6821376787721862,0.4511986856040426,0.18118402683932455,0.5630109277793114,0.19214071634511523,0.341627319466053,0.5443898271644413,0.4179652376056042,46.29295404174866,Developing
0.7176699731779356,0.543505429324769,0.7187058876896824,0.545865980901318,0.186900812134772,0.7172413247573569,0.44706095622877745,0.588338679291895,58.26552547024753,Developing
0.5372763959826933,0.3450776793318227,0.3499449039668129,0.6727853158684285,0.37059043639423683,0.45412308113729194,0.6598555284262481,0.438893333354373,50.66827501339809,Developing
0.8070972876151622,0.5301602171872564,0.3725485288946566,0.2172816246311506,0.15365086634793493,0.5736879470297696,0.5098223578313211,0.6716428155297265,60.79038996328271,Competitive
0.4097089627151095,0.6235055793510875,0.20540529614610092,0.4452171040333308,0.31674790550428394,0.3012397884117649,0.79011727038401,0.38166109103310153,46.13743928600234,Developing
0.42411513506053483,0.59776643283525,0.6369898934225559,0.38238575527286983,0.04315956007284146,0.18106919435833108,0.754146582095499,0.3300942101660607,48.67004022894099,Developing
0.36596480173285295,0.46423295410002313,0.43031862571138263,0.21817078053569017,0.22039484376888366,0.26485660554748536,0.7734078620066366,0.27078468437559744,34.933925723531665,Not Ready
0.6306780313163817,0.7002097469842495,0.08522411740929989,0.3531228785768243,0.2542330016153862,0.41606146820195034,0.6992191679753177,0.39837049080684456,45.66969140515369,Developing
0.31211010517503696,0.7636737425641575,0.12927459449002504,0.23462598630876416,0.2398800789088948,0.16481482197421346,0.8395737962647181,0.1319732606965151,34.96097543388058,Not Ready
0.6219575886882531,0.4653663727050802,0.5410881075167209,0.4658735286845595,0.43760638715830247,0.3181016437130663,0.6275499641058601,0.5428035961319619,55.88750355054398,Developing
0.7713872571880198,0.8116040386966474,0.3219082113100741,0.38192764487570274,0.3531174200979697,0.4264537232122398,0.5935737606597582,0.4720759204131285,58.92810339320224,Developing
0.6053448570605491,0.32280820589193593,0.41760999941713506,0.24832193759974294,0.13571754187502,0.4229591431998149,0.5785520674521585,0.5035297885640961,43.46219032269627,Developing
0.3113686031439929,0.7436737235589497,0.6253387774350042,0.32938934865400754,0.27843395782508396,0.21225124234995765,0.7904598059140083,0.3203174473660397,45.00186617214791,Developing
0.7356350534147976,0.6317769320047306,0.5434539357185991,0.31374468620751794,0.38397274610802296,0.5333200274036537,0.6678745124952801,0.6475099239902079,56.936013174245616,Developing
0.7184514329385888,0.40265454293079866,0.43866849369386224,0.453636451979411,0.16016273080706045,0.4488075514452563,0.6562757364311775,0.804279208731872,53.11819020982233,Developing
0.5878353538319763,0.37911181554659623,0.4874604522821297,0.4381145629842443,0.12376145411355359,0.3378554270585379,0.5944637734351872,0.3604958394444615,48.012293695440924,Developing
0.5186003097430849,0.5323904242636197,0.527996360651522,0.3971825216933695,0.16358955914363918,0.4413163535521498,0.6743158261454837,0.40802862154878944,53.70309405560568,Developing
0.7380080448797942,0.26237783138328497,0.274841534343533,0.2806645026205113,0.5403321120663902,0.5441992430425459,0.573914779684938,0.5882693132026298,55.9544565781958,Developing
0.8878000957173784,0.6151729279428202,0.36094205874284085,0.7096677455866374,0.5615773704067631,0.6831798641115001,0.48109902714430347,0.8542804009425403,71.10968343438648,Competitive
0.6126961663376251,0.46280763404295633,0.48383283689569984,0.4011294372602759,0.2748662559498587,0.571257964461926,0.48798411919789336,0.5370922683051315,46.60297748433254,Developing
0.4688403997067959,0.3504068479793547,0.30337452798144343,0.6130229741694934,0.29614292055479274,0.3171821042535454,0.7519730484376076,0.35087247368180563,45.44230994124879,Developing
0.4921988805629407,0.7216444747741199,0.11465649062997076,0.4794050413200655,0.23696185754650206,0.22723922523733361,0.5555533690248887,0.46334958781321645,43.527359570908345,Developing
0.6360484148631386,0.4283364643103626,0.4663618033627653,0.4800416577250733,0.11090689309498447,0.35550875211266514,0.7428228568490042,0.5024543561648964,53.0793854201691,Developing
0.7294111343938222,0.6766411853095735,0.5969324224195934,0.29398688867895106,0.4621716536332692,0.4333534281002001,0.5427970473453334,0.5157650906127507,57.35477598202688,Developing
0.389724442675078,0.22277501616869375,0.4727322845303397,0.48029373288541155,0.42615057625053177,0.21463811426150448,0.6224533109348804,0.2517980012675662,38.95450890857944,Not Ready
0.6805245852598295,0.3054861997230402,0.40526232852678384,0.38032182453439467,0.15286161813922142,0.44946434760802534,0.6530763444067295,0.5344615693218115,53.207380555386734,Developing
0.6741314948675203,0.4819551197322407,0.26214232082067024,0.6249875166438026,0.1725679135258232,0.5660785023962276,0.6625442733574054,0.5894437419293992,51.917120081669104,Developing
0.5706561684036678,0.5684430064223228,0.6298298231881392,0.35390568779013615,0.22428857823903886,0.3035772288173039,0.7537510990894242,0.3049638437454836,54.66184837437213,Developing
0.649659906973155,0.34424179108287073,0.3396886084213524,0.4965095151189717,0.11257778360551134,0.4242119640313356,0.6641879594908839,0.5866543810632066,46.33648715533117,Developing
0.6131614163303656,0.24096343401312784,0.19404486714767696,0.2621656517505014,0.17925709105077123,0.4644086366070017,0.5491255849626787,0.4395898838569915,45.40343456874054,Developing
0.4733477337468302,0.818071727647021,0.35958365067236236,0.5550486901443223,0.21448466023735496,0.3613029144053062,0.7725618310150154,0.2243940788242971,49.326056274692554,Developing
0.4485663578821958,0.1909452251544085,0.30206983595345527,0.35930321030998774,0.34359258613099225,0.3065417005602674,0.5656904451310367,0.4705792891807251,34.030820471500206,Not Ready
0.5136222477281739,0.7274869722920111,0.3710782205686162,0.4169785413365377,0.25682184511960465,0.4395257286202818,0.6090693275186948,0.32989805210620504,51.54890749607388,Developing
0.4100722613530262,0.24439829862618753,0.1322451784910068,0.48347460973930656,0.35805007867086047,0.32506764168489,0.6616876137137127,0.47750715007983136,34.43756436288931,Not Ready
0.5863943894160906,0.7273726207501443,0.4380313237988542,0.2835356478353193,0.3227926287394767,0.6959878822017989,0.6074461618031007,0.5633643352241555,52.23954299143731,Developing
0.6152484745074555,0.5694411607919929,0.36640811357985487,0.6127846110300091,0.6809880717704628,0.27119171164141503,0.7211923075909737,0.5836773926001718,51.93207367719447,Developing
0.6447617149841471,0.5422156681539142,0.5954559766036992,0.4993767961400291,0.35984764801914343,0.47514924964767746,0.5887615851886935,0.5248545065768622,52.83995102926872,Developing
0.5507188799283528,0.5676409444497758,0.3338238914970331,0.7600667318496444,0.7016436272386918,0.22781784715954512,0.5545295674263718,0.504233435593787,51.24023946800126,Developing
0.17737366461196763,0.7503449990861998,0.4029928594860132,0.2766407454926054,0.5219224186086822,0.17488573589087594,0.8094053102232024,0.007505176130357116,32.48849111213213,Not Ready
0.5166946791790041,0.7092508290994229,0.4885399710984656,0.22932663434394604,0.3491878233968772,0.4842991776400122,0.7612464926525786,0.39176149309720587,47.107161501122704,Developing
0.2169033130351209,0.43397587383065633,0.297906402272586,0.5943642810683979,0.4180305030368747,0.1837783183805538,0.9000163482360048,0.22211317838541925,38.00725071356814,Not Ready
0.6006597218725984,0.8535797393394243,0.6079738120917811,0.33144558706577215,0.48264405340988736,0.6327946017193884,0.7900652654451567,0.6020730778214394,65.34686124309593,Competitive
0.6548148165744359,0.34922861404834715,0.33032169735733985,0.4102994966790281,0.38886604231494215,0.35347360294877583,0.6505821100856448,0.4188175924355839,51.72936487414955,Developing
0.6571645671346346,0.1332002498508504,0.3242435603286127,0.364651855812761,0.2800392488835471,0.4919131830907212,0.6505602759648029,0.4968941091488717,45.6161231120464,Developing
0.5487164592658688,0.4776641960880887,0.21511099459879438,0.21156834090476473,0.3103290316357138,0.39186226883393516,0.6617096822423213,0.46880413706010876,39.860025490702476,Not Ready
0.6140740815287248,0.27423598316823034,0.11856153859720223,0.4170653371625083,0.2931483403811257,0.47383914302300933,0.6220912829974881,0.5421395302236705,40.31552633543734,Developing
0.7768694744975936,0.7107631306240743,0.4804950027354897,0.4857282831310502,0.220013391800603,0.5756980693299515,0.5926066282647605,0.6524455495244461,64.90692593060471,Competitive
0.3831024392466485,0.7348964753021606,0.13902949824142435,0.49633212094563606,0.370701950766297,0.34595612733075365,0.8065839363342417,0.12192853581243046,48.420156127870776,Developing
0.5115427999272787,0.33933514755261285,0.241476971149772,0.2330510740467015,0.5966433200830843,0.22784471809551404,0.7868191678958156,0.37648918093533207,44.70427039731399,Developing
0.8466804688758356,0.4406937303309881,0.12109505140581078,0.47726021399662827,0.49541011691117937,0.7014049624235246,0.6426796956926663,0.6786821376658287,60.78186991819222,Competitive
0.719560303767865,0.4859639456627446,0.5087388914736769,0.4935818965037149,0.3018018376884694,0.45370840597445533,0.7036751049947876,0.5662661937576693,58.802518319260074,Developing
0.7013905830021778,0.35069430393211914,0.49987763753904013,0.4843931616054699,0.2795694962896335,0.580216560607056,0.7819599382979788,0.49523166721768586,54.93376393302503,Developing
0.6885830232355366,0.5683890062587821,0.40650705974253276,0.5479285705849563,0.47880898666696636,0.5680994122419546,0.408303677745418,0.5384970637116262,59.494938756845286,Developing
0.40000757808538157,0.6217675887385012,0.5693631803085956,0.12025643912340571,0.23286796290786213,0.18669981573029423,0.8342214348407015,0.43672288505909945,40.406485301931205,Developing
0.7209710514691994,0.08018566485476039,0.36802524576957735,0.3999774171459709,0.5984363900528971,0.4654807664128596,0.4743804361737116,0.8336038913371625,43.41488016885319,Developing
0.5121729709061326,0.4958367286439562,0.2139738643512055,0.3120037302817337,0.4629466528062673,0.26579065210412556,0.6744332727114319,0.3029366039181891,39.28606610581834,Not Ready
0.6860124030592851,0.26776939321402604,0.3981060313730632,0.2872306076408821,0.23431826891984422,0.42971997797429495,0.7049566217183283,0.566702653172348,48.14721476779776,Developing
0.5364004224600585,0.2856599817099826,0.4615198075765548,0.28814703466927827,0.1886368320911377,0.45201991175247447,0.8969176029053416,0.4618387426280229,41.19332284455672,Developing
0.8848316010192544,0.7125501382641874,0.5154270718665881,0.4522528483111485,0.25983431185132705,0.697894540714351,0.514695236383046,0.7899215986984407,71.80400645783202,Competitive
0.3863023743876835,0.6512939416516305,0.3665609090520639,0.491458037530025,0.04273855972303086,0.35196846202453924,0.6927411172130665,0.3604903736661905,40.19884432520253,Developing
0.5080273406604016,0.5061151476581109,0.18918913143125304,0.3670274101491193,0.27823717943155923,0.3355286593129569,0.7176868799846025,0.4482326046899786,45.30932553382697,Developing
0.7809920573030494,0.6177565857676516,0.3722653848867548,0.6694661911971527,0.524006675941864,0.36360853251918046,0.5912000739010224,0.6556393577716546,63.485472831786524,Competitive
0.6014204010222511,0.4747322484402222,0.6940835328046316,0.5298053345251128,0.42741676827902547,0.42033795933958523,0.5806404804709663,0.5358126222005901,55.79227411166222,Developing
0.6160358045471467,0.548173756104746,0.6867974358397406,0.7392394280200912,0.4232984431228789,0.565865873518445,0.47236721577457164,0.42144873215006323,60.89198068320473,Competitive
0.743992212675285,0.3178565328525663,0.1538551429250355,0.6143798932754735,0.3095469464516544,0.6305716325854833,0.5890952979758417,0.6412802768264946,55.469848060379846,Developing
0.5995833332505016,0.49942590125184816,0.31314537870998904,0.42824812852303845,0.07090829322640968,0.3365109434170116,0.5651599457936038,0.5316553817347601,46.20555572851205,Developing
0.5233171991520125,0.2931563553111978,0.5397334326048862,0.4150802006977288,0.5065378313252388,0.5188874531360929,0.6827513035764178,0.350845356137743,53.12845683496696,Developing
0.5415663630727656,0.586985780906329,0.6757159818319748,0.3875591781380436,0.4050831754635761,0.2788321239838763,0.7484336640707765,0.4610660654310143,48.455081836687874,Developing
0.432207346780168,0.7000475547018978,0.28034250894095597,0.2799378095194112,0.38988625164586427,0.30658015618974577,0.6975206795370895,0.19846624953926315,40.75691376978632,Developing
0.7731648712817022,0.3221502845283695,0.22473734606910828,0.6116865729862494,0.6292371813962511,0.45784642347271737,0.4309474045799861,0.5259310949775914,53.876840483991444,Developing
0.777115435437652,0.4063966278347412,0.5347001382608035,0.4605421234883601,0.13996109797607553,0.7784841443743825,0.5633195493754642,0.535190620014329,66.42292390930017,Competitive
0.5756883728471592,0.3139146221200191,0.27864186500627397,0.27305255624980396,0.28426262258773444,0.3997525722117349,0.6299049176482014,0.3369086081957673,39.427353317521,Not Ready
0.5228213592566242,0.7261331629341493,0.14664900723823587,0.38317655130045036,0.23546760189080698,0.2277024181990254,0.9392562122614869,0.40009501719313856,50.56850336130383,Developing
0.830357741815398,0.44153058887968183,0.10010671020940783,0.4643277425859496,0.18369713521980272,0.7117155019916601,0.5197203660401539,0.6480776325879051,53.734622382899744,Developing
0.6757107901244976,0.48520349774459115,0.4991823423082232,0.41998832748657805,0.2928795330033992,0.34481976912780743,0.6268120797657021,0.5565007525674384,56.33232757746388,Developing
0.8124338452920494,0.6752606513449003,0.4473311302972468,0.3005916362945048,0.1942144396498539,0.531026241945932,0.5901327431889059,0.633119804373844,60.01813935927624,Competitive
